asset,frequency,regime_method_hmm,regime_method_quantile,regime_label_hmm,regime_label_quantile,count
BTCUSDT,15m,hmm_4_states,quantile_2_rolling_240,extreme_vol,high_vol,1
BTCUSDT,15m,hmm_4_states,quantile_2_rolling_240,high_vol,high_vol,19997
BTCUSDT,15m,hmm_4_states,quantile_2_rolling_240,high_vol,low_vol,3218
BTCUSDT,15m,hmm_4_states,quantile_2_rolling_240,low_vol,high_vol,29636
BTCUSDT,15m,hmm_4_states,quantile_2_rolling_240,low_vol,low_vol,68825
BTCUSDT,15m,hmm_4_states,quantile_2_rolling_240,medium_vol,high_vol,55506
BTCUSDT,15m,hmm_4_states,quantile_2_rolling_240,medium_vol,low_vol,33097
BTCUSDT,15m,hmm_4_states,quantile_2_rolling_30,extreme_vol,high_vol,1
BTCUSDT,15m,hmm_4_states,quantile_2_rolling_30,high_vol,high_vol,19997
BTCUSDT,15m,hmm_4_states,quantile_2_rolling_30,high_vol,low_vol,3218
BTCUSDT,15m,hmm_4_states,quantile_2_rolling_30,low_vol,high_vol,29636
BTCUSDT,15m,hmm_4_states,quantile_2_rolling_30,low_vol,low_vol,68825
BTCUSDT,15m,hmm_4_states,quantile_2_rolling_30,medium_vol,high_vol,55506
BTCUSDT,15m,hmm_4_states,quantile_2_rolling_30,medium_vol,low_vol,33097
BTCUSDT,15m,hmm_4_states,quantile_2_rolling_60,extreme_vol,high_vol,1
BTCUSDT,15m,hmm_4_states,quantile_2_rolling_60,high_vol,high_vol,19997
BTCUSDT,15m,hmm_4_states,quantile_2_rolling_60,high_vol,low_vol,3218
BTCUSDT,15m,hmm_4_states,quantile_2_rolling_60,low_vol,high_vol,29636
BTCUSDT,15m,hmm_4_states,quantile_2_rolling_60,low_vol,low_vol,68825
BTCUSDT,15m,hmm_4_states,quantile_2_rolling_60,medium_vol,high_vol,55506
BTCUSDT,15m,hmm_4_states,quantile_2_rolling_60,medium_vol,low_vol,33097
BTCUSDT,15m,hmm_4_states,quantile_3_rolling_240,extreme_vol,high_vol,1
BTCUSDT,15m,hmm_4_states,quantile_3_rolling_240,high_vol,high_vol,17400
BTCUSDT,15m,hmm_4_states,quantile_3_rolling_240,high_vol,low_vol,1496
BTCUSDT,15m,hmm_4_states,quantile_3_rolling_240,high_vol,medium_vol,4319
BTCUSDT,15m,hmm_4_states,quantile_3_rolling_240,low_vol,high_vol,14652
BTCUSDT,15m,hmm_4_states,quantile_3_rolling_240,low_vol,low_vol,50586
BTCUSDT,15m,hmm_4_states,quantile_3_rolling_240,low_vol,medium_vol,33223
BTCUSDT,15m,hmm_4_states,quantile_3_rolling_240,medium_vol,high_vol,38041
BTCUSDT,15m,hmm_4_states,quantile_3_rolling_240,medium_vol,low_vol,18011
BTCUSDT,15m,hmm_4_states,quantile_3_rolling_240,medium_vol,medium_vol,32551
BTCUSDT,15m,hmm_4_states,quantile_3_rolling_30,extreme_vol,high_vol,1
BTCUSDT,15m,hmm_4_states,quantile_3_rolling_30,high_vol,high_vol,17400
BTCUSDT,15m,hmm_4_states,quantile_3_rolling_30,high_vol,low_vol,1496
BTCUSDT,15m,hmm_4_states,quantile_3_rolling_30,high_vol,medium_vol,4319
BTCUSDT,15m,hmm_4_states,quantile_3_rolling_30,low_vol,high_vol,14652
BTCUSDT,15m,hmm_4_states,quantile_3_rolling_30,low_vol,low_vol,50586
BTCUSDT,15m,hmm_4_states,quantile_3_rolling_30,low_vol,medium_vol,33223
BTCUSDT,15m,hmm_4_states,quantile_3_rolling_30,medium_vol,high_vol,38041
BTCUSDT,15m,hmm_4_states,quantile_3_rolling_30,medium_vol,low_vol,18011
BTCUSDT,15m,hmm_4_states,quantile_3_rolling_30,medium_vol,medium_vol,32551
BTCUSDT,15m,hmm_4_states,quantile_3_rolling_60,extreme_vol,high_vol,1
BTCUSDT,15m,hmm_4_states,quantile_3_rolling_60,high_vol,high_vol,17400
BTCUSDT,15m,hmm_4_states,quantile_3_rolling_60,high_vol,low_vol,1496
BTCUSDT,15m,hmm_4_states,quantile_3_rolling_60,high_vol,medium_vol,4319
BTCUSDT,15m,hmm_4_states,quantile_3_rolling_60,low_vol,high_vol,14652
BTCUSDT,15m,hmm_4_states,quantile_3_rolling_60,low_vol,low_vol,50586
BTCUSDT,15m,hmm_4_states,quantile_3_rolling_60,low_vol,medium_vol,33223
BTCUSDT,15m,hmm_4_states,quantile_3_rolling_60,medium_vol,high_vol,38041
BTCUSDT,15m,hmm_4_states,quantile_3_rolling_60,medium_vol,low_vol,18011
BTCUSDT,15m,hmm_4_states,quantile_3_rolling_60,medium_vol,medium_vol,32551
BTCUSDT,15m,hmm_4_states,quantile_4_rolling_240,extreme_vol,extreme_vol,1
BTCUSDT,15m,hmm_4_states,quantile_4_rolling_240,high_vol,extreme_vol,15560
BTCUSDT,15m,hmm_4_states,quantile_4_rolling_240,high_vol,high_vol,4437
BTCUSDT,15m,hmm_4_states,quantile_4_rolling_240,high_vol,low_vol,909
BTCUSDT,15m,hmm_4_states,quantile_4_rolling_240,high_vol,medium_vol,2309
BTCUSDT,15m,hmm_4_states,quantile_4_rolling_240,low_vol,extreme_vol,8449
BTCUSDT,15m,hmm_4_states,quantile_4_rolling_240,low_vol,high_vol,21187
BTCUSDT,15m,hmm_4_states,quantile_4_rolling_240,low_vol,low_vol,39978
BTCUSDT,15m,hmm_4_states,quantile_4_rolling_240,low_vol,medium_vol,28847
BTCUSDT,15m,hmm_4_states,quantile_4_rolling_240,medium_vol,extreme_vol,28560
BTCUSDT,15m,hmm_4_states,quantile_4_rolling_240,medium_vol,high_vol,26946
BTCUSDT,15m,hmm_4_states,quantile_4_rolling_240,medium_vol,low_vol,11683
BTCUSDT,15m,hmm_4_states,quantile_4_rolling_240,medium_vol,medium_vol,21414
BTCUSDT,15m,hmm_4_states,quantile_4_rolling_30,extreme_vol,extreme_vol,1
BTCUSDT,15m,hmm_4_states,quantile_4_rolling_30,high_vol,extreme_vol,15560
BTCUSDT,15m,hmm_4_states,quantile_4_rolling_30,high_vol,high_vol,4437
BTCUSDT,15m,hmm_4_states,quantile_4_rolling_30,high_vol,low_vol,909
BTCUSDT,15m,hmm_4_states,quantile_4_rolling_30,high_vol,medium_vol,2309
BTCUSDT,15m,hmm_4_states,quantile_4_rolling_30,low_vol,extreme_vol,8449
BTCUSDT,15m,hmm_4_states,quantile_4_rolling_30,low_vol,high_vol,21187
BTCUSDT,15m,hmm_4_states,quantile_4_rolling_30,low_vol,low_vol,39978
BTCUSDT,15m,hmm_4_states,quantile_4_rolling_30,low_vol,medium_vol,28847
BTCUSDT,15m,hmm_4_states,quantile_4_rolling_30,medium_vol,extreme_vol,28560
BTCUSDT,15m,hmm_4_states,quantile_4_rolling_30,medium_vol,high_vol,26946
BTCUSDT,15m,hmm_4_states,quantile_4_rolling_30,medium_vol,low_vol,11683
BTCUSDT,15m,hmm_4_states,quantile_4_rolling_30,medium_vol,medium_vol,21414
BTCUSDT,15m,hmm_4_states,quantile_4_rolling_60,extreme_vol,extreme_vol,1
BTCUSDT,15m,hmm_4_states,quantile_4_rolling_60,high_vol,extreme_vol,15560
BTCUSDT,15m,hmm_4_states,quantile_4_rolling_60,high_vol,high_vol,4437
BTCUSDT,15m,hmm_4_states,quantile_4_rolling_60,high_vol,low_vol,909
BTCUSDT,15m,hmm_4_states,quantile_4_rolling_60,high_vol,medium_vol,2309
BTCUSDT,15m,hmm_4_states,quantile_4_rolling_60,low_vol,extreme_vol,8449
BTCUSDT,15m,hmm_4_states,quantile_4_rolling_60,low_vol,high_vol,21187
BTCUSDT,15m,hmm_4_states,quantile_4_rolling_60,low_vol,low_vol,39978
BTCUSDT,15m,hmm_4_states,quantile_4_rolling_60,low_vol,medium_vol,28847
BTCUSDT,15m,hmm_4_states,quantile_4_rolling_60,medium_vol,extreme_vol,28560
BTCUSDT,15m,hmm_4_states,quantile_4_rolling_60,medium_vol,high_vol,26946
BTCUSDT,15m,hmm_4_states,quantile_4_rolling_60,medium_vol,low_vol,11683
BTCUSDT,15m,hmm_4_states,quantile_4_rolling_60,medium_vol,medium_vol,21414
BTCUSDT,1d,hmm_4_states,quantile_2_rolling_240,extreme_vol,high_vol,1
BTCUSDT,1d,hmm_4_states,quantile_2_rolling_240,high_vol,high_vol,290
BTCUSDT,1d,hmm_4_states,quantile_2_rolling_240,high_vol,low_vol,134
BTCUSDT,1d,hmm_4_states,quantile_2_rolling_240,low_vol,high_vol,312
BTCUSDT,1d,hmm_4_states,quantile_2_rolling_240,low_vol,low_vol,533
BTCUSDT,1d,hmm_4_states,quantile_2_rolling_240,medium_vol,high_vol,493
BTCUSDT,1d,hmm_4_states,quantile_2_rolling_240,medium_vol,low_vol,429
BTCUSDT,1d,hmm_4_states,quantile_2_rolling_30,extreme_vol,high_vol,1
BTCUSDT,1d,hmm_4_states,quantile_2_rolling_30,high_vol,high_vol,290
BTCUSDT,1d,hmm_4_states,quantile_2_rolling_30,high_vol,low_vol,134
BTCUSDT,1d,hmm_4_states,quantile_2_rolling_30,low_vol,high_vol,312
BTCUSDT,1d,hmm_4_states,quantile_2_rolling_30,low_vol,low_vol,533
BTCUSDT,1d,hmm_4_states,quantile_2_rolling_30,medium_vol,high_vol,493
BTCUSDT,1d,hmm_4_states,quantile_2_rolling_30,medium_vol,low_vol,429
BTCUSDT,1d,hmm_4_states,quantile_2_rolling_60,extreme_vol,high_vol,1
BTCUSDT,1d,hmm_4_states,quantile_2_rolling_60,high_vol,high_vol,290
BTCUSDT,1d,hmm_4_states,quantile_2_rolling_60,high_vol,low_vol,134
BTCUSDT,1d,hmm_4_states,quantile_2_rolling_60,low_vol,high_vol,312
BTCUSDT,1d,hmm_4_states,quantile_2_rolling_60,low_vol,low_vol,533
BTCUSDT,1d,hmm_4_states,quantile_2_rolling_60,medium_vol,high_vol,493
BTCUSDT,1d,hmm_4_states,quantile_2_rolling_60,medium_vol,low_vol,429
BTCUSDT,1d,hmm_4_states,quantile_3_rolling_240,extreme_vol,high_vol,1
BTCUSDT,1d,hmm_4_states,quantile_3_rolling_240,high_vol,high_vol,233
BTCUSDT,1d,hmm_4_states,quantile_3_rolling_240,high_vol,low_vol,80
BTCUSDT,1d,hmm_4_states,quantile_3_rolling_240,high_vol,medium_vol,111
BTCUSDT,1d,hmm_4_states,quantile_3_rolling_240,low_vol,high_vol,159
BTCUSDT,1d,hmm_4_states,quantile_3_rolling_240,low_vol,low_vol,373
BTCUSDT,1d,hmm_4_states,quantile_3_rolling_240,low_vol,medium_vol,313
BTCUSDT,1d,hmm_4_states,quantile_3_rolling_240,medium_vol,high_vol,338
BTCUSDT,1d,hmm_4_states,quantile_3_rolling_240,medium_vol,low_vol,278
BTCUSDT,1d,hmm_4_states,quantile_3_rolling_240,medium_vol,medium_vol,306
BTCUSDT,1d,hmm_4_states,quantile_3_rolling_30,extreme_vol,high_vol,1
BTCUSDT,1d,hmm_4_states,quantile_3_rolling_30,high_vol,high_vol,233
BTCUSDT,1d,hmm_4_states,quantile_3_rolling_30,high_vol,low_vol,80
BTCUSDT,1d,hmm_4_states,quantile_3_rolling_30,high_vol,medium_vol,111
BTCUSDT,1d,hmm_4_states,quantile_3_rolling_30,low_vol,high_vol,159
BTCUSDT,1d,hmm_4_states,quantile_3_rolling_30,low_vol,low_vol,373
BTCUSDT,1d,hmm_4_states,quantile_3_rolling_30,low_vol,medium_vol,313
BTCUSDT,1d,hmm_4_states,quantile_3_rolling_30,medium_vol,high_vol,338
BTCUSDT,1d,hmm_4_states,quantile_3_rolling_30,medium_vol,low_vol,278
BTCUSDT,1d,hmm_4_states,quantile_3_rolling_30,medium_vol,medium_vol,306
BTCUSDT,1d,hmm_4_states,quantile_3_rolling_60,extreme_vol,high_vol,1
BTCUSDT,1d,hmm_4_states,quantile_3_rolling_60,high_vol,high_vol,233
BTCUSDT,1d,hmm_4_states,quantile_3_rolling_60,high_vol,low_vol,80
BTCUSDT,1d,hmm_4_states,quantile_3_rolling_60,high_vol,medium_vol,111
BTCUSDT,1d,hmm_4_states,quantile_3_rolling_60,low_vol,high_vol,159
BTCUSDT,1d,hmm_4_states,quantile_3_rolling_60,low_vol,low_vol,373
BTCUSDT,1d,hmm_4_states,quantile_3_rolling_60,low_vol,medium_vol,313
BTCUSDT,1d,hmm_4_states,quantile_3_rolling_60,medium_vol,high_vol,338
BTCUSDT,1d,hmm_4_states,quantile_3_rolling_60,medium_vol,low_vol,278
BTCUSDT,1d,hmm_4_states,quantile_3_rolling_60,medium_vol,medium_vol,306
BTCUSDT,1d,hmm_4_states,quantile_4_rolling_240,extreme_vol,extreme_vol,1
BTCUSDT,1d,hmm_4_states,quantile_4_rolling_240,high_vol,extreme_vol,193
BTCUSDT,1d,hmm_4_states,quantile_4_rolling_240,high_vol,high_vol,97
BTCUSDT,1d,hmm_4_states,quantile_4_rolling_240,high_vol,low_vol,49
BTCUSDT,1d,hmm_4_states,quantile_4_rolling_240,high_vol,medium_vol,85
BTCUSDT,1d,hmm_4_states,quantile_4_rolling_240,low_vol,extreme_vol,104
BTCUSDT,1d,hmm_4_states,quantile_4_rolling_240,low_vol,high_vol,208
BTCUSDT,1d,hmm_4_states,quantile_4_rolling_240,low_vol,low_vol,289
BTCUSDT,1d,hmm_4_states,quantile_4_rolling_240,low_vol,medium_vol,244
BTCUSDT,1d,hmm_4_states,quantile_4_rolling_240,medium_vol,extreme_vol,250
BTCUSDT,1d,hmm_4_states,quantile_4_rolling_240,medium_vol,high_vol,243
BTCUSDT,1d,hmm_4_states,quantile_4_rolling_240,medium_vol,low_vol,210
BTCUSDT,1d,hmm_4_states,quantile_4_rolling_240,medium_vol,medium_vol,219
BTCUSDT,1d,hmm_4_states,quantile_4_rolling_30,extreme_vol,extreme_vol,1
BTCUSDT,1d,hmm_4_states,quantile_4_rolling_30,high_vol,extreme_vol,193
BTCUSDT,1d,hmm_4_states,quantile_4_rolling_30,high_vol,high_vol,97
BTCUSDT,1d,hmm_4_states,quantile_4_rolling_30,high_vol,low_vol,49
BTCUSDT,1d,hmm_4_states,quantile_4_rolling_30,high_vol,medium_vol,85
BTCUSDT,1d,hmm_4_states,quantile_4_rolling_30,low_vol,extreme_vol,104
BTCUSDT,1d,hmm_4_states,quantile_4_rolling_30,low_vol,high_vol,208
BTCUSDT,1d,hmm_4_states,quantile_4_rolling_30,low_vol,low_vol,289
BTCUSDT,1d,hmm_4_states,quantile_4_rolling_30,low_vol,medium_vol,244
BTCUSDT,1d,hmm_4_states,quantile_4_rolling_30,medium_vol,extreme_vol,250
BTCUSDT,1d,hmm_4_states,quantile_4_rolling_30,medium_vol,high_vol,243
BTCUSDT,1d,hmm_4_states,quantile_4_rolling_30,medium_vol,low_vol,210
BTCUSDT,1d,hmm_4_states,quantile_4_rolling_30,medium_vol,medium_vol,219
BTCUSDT,1d,hmm_4_states,quantile_4_rolling_60,extreme_vol,extreme_vol,1
BTCUSDT,1d,hmm_4_states,quantile_4_rolling_60,high_vol,extreme_vol,193
BTCUSDT,1d,hmm_4_states,quantile_4_rolling_60,high_vol,high_vol,97
BTCUSDT,1d,hmm_4_states,quantile_4_rolling_60,high_vol,low_vol,49
BTCUSDT,1d,hmm_4_states,quantile_4_rolling_60,high_vol,medium_vol,85
BTCUSDT,1d,hmm_4_states,quantile_4_rolling_60,low_vol,extreme_vol,104
BTCUSDT,1d,hmm_4_states,quantile_4_rolling_60,low_vol,high_vol,208
BTCUSDT,1d,hmm_4_states,quantile_4_rolling_60,low_vol,low_vol,289
BTCUSDT,1d,hmm_4_states,quantile_4_rolling_60,low_vol,medium_vol,244
BTCUSDT,1d,hmm_4_states,quantile_4_rolling_60,medium_vol,extreme_vol,250
BTCUSDT,1d,hmm_4_states,quantile_4_rolling_60,medium_vol,high_vol,243
BTCUSDT,1d,hmm_4_states,quantile_4_rolling_60,medium_vol,low_vol,210
BTCUSDT,1d,hmm_4_states,quantile_4_rolling_60,medium_vol,medium_vol,219
BTCUSDT,1h,hmm_4_states,quantile_2_rolling_240,extreme_vol,high_vol,518
BTCUSDT,1h,hmm_4_states,quantile_2_rolling_240,extreme_vol,low_vol,29
BTCUSDT,1h,hmm_4_states,quantile_2_rolling_240,high_vol,high_vol,7324
BTCUSDT,1h,hmm_4_states,quantile_2_rolling_240,high_vol,low_vol,1936
BTCUSDT,1h,hmm_4_states,quantile_2_rolling_240,low_vol,high_vol,6437
BTCUSDT,1h,hmm_4_states,quantile_2_rolling_240,low_vol,low_vol,14870
BTCUSDT,1h,hmm_4_states,quantile_2_rolling_240,medium_vol,high_vol,12010
BTCUSDT,1h,hmm_4_states,quantile_2_rolling_240,medium_vol,low_vol,9453
BTCUSDT,1h,hmm_4_states,quantile_2_rolling_30,extreme_vol,high_vol,518
BTCUSDT,1h,hmm_4_states,quantile_2_rolling_30,extreme_vol,low_vol,29
BTCUSDT,1h,hmm_4_states,quantile_2_rolling_30,high_vol,high_vol,7324
BTCUSDT,1h,hmm_4_states,quantile_2_rolling_30,high_vol,low_vol,1936
BTCUSDT,1h,hmm_4_states,quantile_2_rolling_30,low_vol,high_vol,6437
BTCUSDT,1h,hmm_4_states,quantile_2_rolling_30,low_vol,low_vol,14870
BTCUSDT,1h,hmm_4_states,quantile_2_rolling_30,medium_vol,high_vol,12010
BTCUSDT,1h,hmm_4_states,quantile_2_rolling_30,medium_vol,low_vol,9453
BTCUSDT,1h,hmm_4_states,quantile_2_rolling_60,extreme_vol,high_vol,518
BTCUSDT,1h,hmm_4_states,quantile_2_rolling_60,extreme_vol,low_vol,29
BTCUSDT,1h,hmm_4_states,quantile_2_rolling_60,high_vol,high_vol,7324
BTCUSDT,1h,hmm_4_states,quantile_2_rolling_60,high_vol,low_vol,1936
BTCUSDT,1h,hmm_4_states,quantile_2_rolling_60,low_vol,high_vol,6437
BTCUSDT,1h,hmm_4_states,quantile_2_rolling_60,low_vol,low_vol,14870
BTCUSDT,1h,hmm_4_states,quantile_2_rolling_60,medium_vol,high_vol,12010
BTCUSDT,1h,hmm_4_states,quantile_2_rolling_60,medium_vol,low_vol,9453
BTCUSDT,1h,hmm_4_states,quantile_3_rolling_240,extreme_vol,high_vol,476
BTCUSDT,1h,hmm_4_states,quantile_3_rolling_240,extreme_vol,low_vol,12
BTCUSDT,1h,hmm_4_states,quantile_3_rolling_240,extreme_vol,medium_vol,59
BTCUSDT,1h,hmm_4_states,quantile_3_rolling_240,high_vol,high_vol,5883
BTCUSDT,1h,hmm_4_states,quantile_3_rolling_240,high_vol,low_vol,986
BTCUSDT,1h,hmm_4_states,quantile_3_rolling_240,high_vol,medium_vol,2391
BTCUSDT,1h,hmm_4_states,quantile_3_rolling_240,low_vol,high_vol,3325
BTCUSDT,1h,hmm_4_states,quantile_3_rolling_240,low_vol,low_vol,10788
BTCUSDT,1h,hmm_4_states,quantile_3_rolling_240,low_vol,medium_vol,7194
BTCUSDT,1h,hmm_4_states,quantile_3_rolling_240,medium_vol,high_vol,7842
BTCUSDT,1h,hmm_4_states,quantile_3_rolling_240,medium_vol,low_vol,5740
BTCUSDT,1h,hmm_4_states,quantile_3_rolling_240,medium_vol,medium_vol,7881
BTCUSDT,1h,hmm_4_states,quantile_3_rolling_30,extreme_vol,high_vol,476
BTCUSDT,1h,hmm_4_states,quantile_3_rolling_30,extreme_vol,low_vol,12
BTCUSDT,1h,hmm_4_states,quantile_3_rolling_30,extreme_vol,medium_vol,59
BTCUSDT,1h,hmm_4_states,quantile_3_rolling_30,high_vol,high_vol,5883
BTCUSDT,1h,hmm_4_states,quantile_3_rolling_30,high_vol,low_vol,986
BTCUSDT,1h,hmm_4_states,quantile_3_rolling_30,high_vol,medium_vol,2391
BTCUSDT,1h,hmm_4_states,quantile_3_rolling_30,low_vol,high_vol,3325
BTCUSDT,1h,hmm_4_states,quantile_3_rolling_30,low_vol,low_vol,10788
BTCUSDT,1h,hmm_4_states,quantile_3_rolling_30,low_vol,medium_vol,7194
BTCUSDT,1h,hmm_4_states,quantile_3_rolling_30,medium_vol,high_vol,7842
BTCUSDT,1h,hmm_4_states,quantile_3_rolling_30,medium_vol,low_vol,5740
BTCUSDT,1h,hmm_4_states,quantile_3_rolling_30,medium_vol,medium_vol,7881
BTCUSDT,1h,hmm_4_states,quantile_3_rolling_60,extreme_vol,high_vol,476
BTCUSDT,1h,hmm_4_states,quantile_3_rolling_60,extreme_vol,low_vol,12
BTCUSDT,1h,hmm_4_states,quantile_3_rolling_60,extreme_vol,medium_vol,59
BTCUSDT,1h,hmm_4_states,quantile_3_rolling_60,high_vol,high_vol,5883
BTCUSDT,1h,hmm_4_states,quantile_3_rolling_60,high_vol,low_vol,986
BTCUSDT,1h,hmm_4_states,quantile_3_rolling_60,high_vol,medium_vol,2391
BTCUSDT,1h,hmm_4_states,quantile_3_rolling_60,low_vol,high_vol,3325
BTCUSDT,1h,hmm_4_states,quantile_3_rolling_60,low_vol,low_vol,10788
BTCUSDT,1h,hmm_4_states,quantile_3_rolling_60,low_vol,medium_vol,7194
BTCUSDT,1h,hmm_4_states,quantile_3_rolling_60,medium_vol,high_vol,7842
BTCUSDT,1h,hmm_4_states,quantile_3_rolling_60,medium_vol,low_vol,5740
BTCUSDT,1h,hmm_4_states,quantile_3_rolling_60,medium_vol,medium_vol,7881
BTCUSDT,1h,hmm_4_states,quantile_4_rolling_240,extreme_vol,extreme_vol,447
BTCUSDT,1h,hmm_4_states,quantile_4_rolling_240,extreme_vol,high_vol,71
BTCUSDT,1h,hmm_4_states,quantile_4_rolling_240,extreme_vol,low_vol,6
BTCUSDT,1h,hmm_4_states,quantile_4_rolling_240,extreme_vol,medium_vol,23
BTCUSDT,1h,hmm_4_states,quantile_4_rolling_240,high_vol,extreme_vol,5005
BTCUSDT,1h,hmm_4_states,quantile_4_rolling_240,high_vol,high_vol,2319
BTCUSDT,1h,hmm_4_states,quantile_4_rolling_240,high_vol,low_vol,615
BTCUSDT,1h,hmm_4_states,quantile_4_rolling_240,high_vol,medium_vol,1321
BTCUSDT,1h,hmm_4_states,quantile_4_rolling_240,low_vol,extreme_vol,1996
BTCUSDT,1h,hmm_4_states,quantile_4_rolling_240,low_vol,high_vol,4441
BTCUSDT,1h,hmm_4_states,quantile_4_rolling_240,low_vol,low_vol,8520
BTCUSDT,1h,hmm_4_states,quantile_4_rolling_240,low_vol,medium_vol,6350
BTCUSDT,1h,hmm_4_states,quantile_4_rolling_240,medium_vol,extreme_vol,5697
BTCUSDT,1h,hmm_4_states,quantile_4_rolling_240,medium_vol,high_vol,6313
BTCUSDT,1h,hmm_4_states,quantile_4_rolling_240,medium_vol,low_vol,4003
BTCUSDT,1h,hmm_4_states,quantile_4_rolling_240,medium_vol,medium_vol,5450
BTCUSDT,1h,hmm_4_states,quantile_4_rolling_30,extreme_vol,extreme_vol,447
BTCUSDT,1h,hmm_4_states,quantile_4_rolling_30,extreme_vol,high_vol,71
BTCUSDT,1h,hmm_4_states,quantile_4_rolling_30,extreme_vol,low_vol,6
BTCUSDT,1h,hmm_4_states,quantile_4_rolling_30,extreme_vol,medium_vol,23
BTCUSDT,1h,hmm_4_states,quantile_4_rolling_30,high_vol,extreme_vol,5005
BTCUSDT,1h,hmm_4_states,quantile_4_rolling_30,high_vol,high_vol,2319
BTCUSDT,1h,hmm_4_states,quantile_4_rolling_30,high_vol,low_vol,615
BTCUSDT,1h,hmm_4_states,quantile_4_rolling_30,high_vol,medium_vol,1321
BTCUSDT,1h,hmm_4_states,quantile_4_rolling_30,low_vol,extreme_vol,1996
BTCUSDT,1h,hmm_4_states,quantile_4_rolling_30,low_vol,high_vol,4441
BTCUSDT,1h,hmm_4_states,quantile_4_rolling_30,low_vol,low_vol,8520
BTCUSDT,1h,hmm_4_states,quantile_4_rolling_30,low_vol,medium_vol,6350
BTCUSDT,1h,hmm_4_states,quantile_4_rolling_30,medium_vol,extreme_vol,5697
BTCUSDT,1h,hmm_4_states,quantile_4_rolling_30,medium_vol,high_vol,6313
BTCUSDT,1h,hmm_4_states,quantile_4_rolling_30,medium_vol,low_vol,4003
BTCUSDT,1h,hmm_4_states,quantile_4_rolling_30,medium_vol,medium_vol,5450
BTCUSDT,1h,hmm_4_states,quantile_4_rolling_60,extreme_vol,extreme_vol,447
BTCUSDT,1h,hmm_4_states,quantile_4_rolling_60,extreme_vol,high_vol,71
BTCUSDT,1h,hmm_4_states,quantile_4_rolling_60,extreme_vol,low_vol,6
BTCUSDT,1h,hmm_4_states,quantile_4_rolling_60,extreme_vol,medium_vol,23
BTCUSDT,1h,hmm_4_states,quantile_4_rolling_60,high_vol,extreme_vol,5005
BTCUSDT,1h,hmm_4_states,quantile_4_rolling_60,high_vol,high_vol,2319
BTCUSDT,1h,hmm_4_states,quantile_4_rolling_60,high_vol,low_vol,615
BTCUSDT,1h,hmm_4_states,quantile_4_rolling_60,high_vol,medium_vol,1321
BTCUSDT,1h,hmm_4_states,quantile_4_rolling_60,low_vol,extreme_vol,1996
BTCUSDT,1h,hmm_4_states,quantile_4_rolling_60,low_vol,high_vol,4441
BTCUSDT,1h,hmm_4_states,quantile_4_rolling_60,low_vol,low_vol,8520
BTCUSDT,1h,hmm_4_states,quantile_4_rolling_60,low_vol,medium_vol,6350
BTCUSDT,1h,hmm_4_states,quantile_4_rolling_60,medium_vol,extreme_vol,5697
BTCUSDT,1h,hmm_4_states,quantile_4_rolling_60,medium_vol,high_vol,6313
BTCUSDT,1h,hmm_4_states,quantile_4_rolling_60,medium_vol,low_vol,4003
BTCUSDT,1h,hmm_4_states,quantile_4_rolling_60,medium_vol,medium_vol,5450
BTCUSDT,1m,hmm_4_states,quantile_2_rolling_240,extreme_vol,high_vol,190093
BTCUSDT,1m,hmm_4_states,quantile_2_rolling_240,extreme_vol,low_vol,9382
BTCUSDT,1m,hmm_4_states,quantile_2_rolling_240,high_vol,high_vol,775978
BTCUSDT,1m,hmm_4_states,quantile_2_rolling_240,high_vol,low_vol,195193
BTCUSDT,1m,hmm_4_states,quantile_2_rolling_240,low_vol,high_vol,194440
BTCUSDT,1m,hmm_4_states,quantile_2_rolling_240,low_vol,low_vol,675164
BTCUSDT,1m,hmm_4_states,quantile_2_rolling_240,medium_vol,high_vol,416567
BTCUSDT,1m,hmm_4_states,quantile_2_rolling_240,medium_vol,low_vol,697338
BTCUSDT,1m,hmm_4_states,quantile_2_rolling_30,extreme_vol,high_vol,190093
BTCUSDT,1m,hmm_4_states,quantile_2_rolling_30,extreme_vol,low_vol,9382
BTCUSDT,1m,hmm_4_states,quantile_2_rolling_30,high_vol,high_vol,775978
BTCUSDT,1m,hmm_4_states,quantile_2_rolling_30,high_vol,low_vol,195193
BTCUSDT,1m,hmm_4_states,quantile_2_rolling_30,low_vol,high_vol,194440
BTCUSDT,1m,hmm_4_states,quantile_2_rolling_30,low_vol,low_vol,675164
BTCUSDT,1m,hmm_4_states,quantile_2_rolling_30,medium_vol,high_vol,416567
BTCUSDT,1m,hmm_4_states,quantile_2_rolling_30,medium_vol,low_vol,697338
BTCUSDT,1m,hmm_4_states,quantile_2_rolling_60,extreme_vol,high_vol,190093
BTCUSDT,1m,hmm_4_states,quantile_2_rolling_60,extreme_vol,low_vol,9382
BTCUSDT,1m,hmm_4_states,quantile_2_rolling_60,high_vol,high_vol,775978
BTCUSDT,1m,hmm_4_states,quantile_2_rolling_60,high_vol,low_vol,195193
BTCUSDT,1m,hmm_4_states,quantile_2_rolling_60,low_vol,high_vol,194440
BTCUSDT,1m,hmm_4_states,quantile_2_rolling_60,low_vol,low_vol,675164
BTCUSDT,1m,hmm_4_states,quantile_2_rolling_60,medium_vol,high_vol,416567
BTCUSDT,1m,hmm_4_states,quantile_2_rolling_60,medium_vol,low_vol,697338
BTCUSDT,1m,hmm_4_states,quantile_3_rolling_240,extreme_vol,high_vol,177860
BTCUSDT,1m,hmm_4_states,quantile_3_rolling_240,extreme_vol,low_vol,4052
BTCUSDT,1m,hmm_4_states,quantile_3_rolling_240,extreme_vol,medium_vol,17563
BTCUSDT,1m,hmm_4_states,quantile_3_rolling_240,high_vol,high_vol,597378
BTCUSDT,1m,hmm_4_states,quantile_3_rolling_240,high_vol,low_vol,81739
BTCUSDT,1m,hmm_4_states,quantile_3_rolling_240,high_vol,medium_vol,292054
BTCUSDT,1m,hmm_4_states,quantile_3_rolling_240,low_vol,high_vol,87867
BTCUSDT,1m,hmm_4_states,quantile_3_rolling_240,low_vol,low_vol,528496
BTCUSDT,1m,hmm_4_states,quantile_3_rolling_240,low_vol,medium_vol,253241
BTCUSDT,1m,hmm_4_states,quantile_3_rolling_240,medium_vol,high_vol,188280
BTCUSDT,1m,hmm_4_states,quantile_3_rolling_240,medium_vol,low_vol,437098
BTCUSDT,1m,hmm_4_states,quantile_3_rolling_240,medium_vol,medium_vol,488527
BTCUSDT,1m,hmm_4_states,quantile_3_rolling_30,extreme_vol,high_vol,177860
BTCUSDT,1m,hmm_4_states,quantile_3_rolling_30,extreme_vol,low_vol,4052
BTCUSDT,1m,hmm_4_states,quantile_3_rolling_30,extreme_vol,medium_vol,17563
BTCUSDT,1m,hmm_4_states,quantile_3_rolling_30,high_vol,high_vol,597378
BTCUSDT,1m,hmm_4_states,quantile_3_rolling_30,high_vol,low_vol,81739
BTCUSDT,1m,hmm_4_states,quantile_3_rolling_30,high_vol,medium_vol,292054
BTCUSDT,1m,hmm_4_states,quantile_3_rolling_30,low_vol,high_vol,87867
BTCUSDT,1m,hmm_4_states,quantile_3_rolling_30,low_vol,low_vol,528496
BTCUSDT,1m,hmm_4_states,quantile_3_rolling_30,low_vol,medium_vol,253241
BTCUSDT,1m,hmm_4_states,quantile_3_rolling_30,medium_vol,high_vol,188280
BTCUSDT,1m,hmm_4_states,quantile_3_rolling_30,medium_vol,low_vol,437098
BTCUSDT,1m,hmm_4_states,quantile_3_rolling_30,medium_vol,medium_vol,488527
BTCUSDT,1m,hmm_4_states,quantile_3_rolling_60,extreme_vol,high_vol,177860
BTCUSDT,1m,hmm_4_states,quantile_3_rolling_60,extreme_vol,low_vol,4052
BTCUSDT,1m,hmm_4_states,quantile_3_rolling_60,extreme_vol,medium_vol,17563
BTCUSDT,1m,hmm_4_states,quantile_3_rolling_60,high_vol,high_vol,597378
BTCUSDT,1m,hmm_4_states,quantile_3_rolling_60,high_vol,low_vol,81739
BTCUSDT,1m,hmm_4_states,quantile_3_rolling_60,high_vol,medium_vol,292054
BTCUSDT,1m,hmm_4_states,quantile_3_rolling_60,low_vol,high_vol,87867
BTCUSDT,1m,hmm_4_states,quantile_3_rolling_60,low_vol,low_vol,528496
BTCUSDT,1m,hmm_4_states,quantile_3_rolling_60,low_vol,medium_vol,253241
BTCUSDT,1m,hmm_4_states,quantile_3_rolling_60,medium_vol,high_vol,188280
BTCUSDT,1m,hmm_4_states,quantile_3_rolling_60,medium_vol,low_vol,437098
BTCUSDT,1m,hmm_4_states,quantile_3_rolling_60,medium_vol,medium_vol,488527
BTCUSDT,1m,hmm_4_states,quantile_4_rolling_240,extreme_vol,extreme_vol,166153
BTCUSDT,1m,hmm_4_states,quantile_4_rolling_240,extreme_vol,high_vol,23940
BTCUSDT,1m,hmm_4_states,quantile_4_rolling_240,extreme_vol,low_vol,2562
BTCUSDT,1m,hmm_4_states,quantile_4_rolling_240,extreme_vol,medium_vol,6820
BTCUSDT,1m,hmm_4_states,quantile_4_rolling_240,high_vol,extreme_vol,477431
BTCUSDT,1m,hmm_4_states,quantile_4_rolling_240,high_vol,high_vol,298547
BTCUSDT,1m,hmm_4_states,quantile_4_rolling_240,high_vol,low_vol,45265
BTCUSDT,1m,hmm_4_states,quantile_4_rolling_240,high_vol,medium_vol,149928
BTCUSDT,1m,hmm_4_states,quantile_4_rolling_240,low_vol,extreme_vol,48328
BTCUSDT,1m,hmm_4_states,quantile_4_rolling_240,low_vol,high_vol,146112
BTCUSDT,1m,hmm_4_states,quantile_4_rolling_240,low_vol,low_vol,436012
BTCUSDT,1m,hmm_4_states,quantile_4_rolling_240,low_vol,medium_vol,239152
BTCUSDT,1m,hmm_4_states,quantile_4_rolling_240,medium_vol,extreme_vol,96627
BTCUSDT,1m,hmm_4_states,quantile_4_rolling_240,medium_vol,high_vol,319940
BTCUSDT,1m,hmm_4_states,quantile_4_rolling_240,medium_vol,low_vol,304700
BTCUSDT,1m,hmm_4_states,quantile_4_rolling_240,medium_vol,medium_vol,392638
BTCUSDT,1m,hmm_4_states,quantile_4_rolling_30,extreme_vol,extreme_vol,166153
BTCUSDT,1m,hmm_4_states,quantile_4_rolling_30,extreme_vol,high_vol,23940
BTCUSDT,1m,hmm_4_states,quantile_4_rolling_30,extreme_vol,low_vol,2562
BTCUSDT,1m,hmm_4_states,quantile_4_rolling_30,extreme_vol,medium_vol,6820
BTCUSDT,1m,hmm_4_states,quantile_4_rolling_30,high_vol,extreme_vol,477431
BTCUSDT,1m,hmm_4_states,quantile_4_rolling_30,high_vol,high_vol,298547
BTCUSDT,1m,hmm_4_states,quantile_4_rolling_30,high_vol,low_vol,45265
BTCUSDT,1m,hmm_4_states,quantile_4_rolling_30,high_vol,medium_vol,149928
BTCUSDT,1m,hmm_4_states,quantile_4_rolling_30,low_vol,extreme_vol,48328
BTCUSDT,1m,hmm_4_states,quantile_4_rolling_30,low_vol,high_vol,146112
BTCUSDT,1m,hmm_4_states,quantile_4_rolling_30,low_vol,low_vol,436012
BTCUSDT,1m,hmm_4_states,quantile_4_rolling_30,low_vol,medium_vol,239152
BTCUSDT,1m,hmm_4_states,quantile_4_rolling_30,medium_vol,extreme_vol,96627
BTCUSDT,1m,hmm_4_states,quantile_4_rolling_30,medium_vol,high_vol,319940
BTCUSDT,1m,hmm_4_states,quantile_4_rolling_30,medium_vol,low_vol,304700
BTCUSDT,1m,hmm_4_states,quantile_4_rolling_30,medium_vol,medium_vol,392638
BTCUSDT,1m,hmm_4_states,quantile_4_rolling_60,extreme_vol,extreme_vol,166153
BTCUSDT,1m,hmm_4_states,quantile_4_rolling_60,extreme_vol,high_vol,23940
BTCUSDT,1m,hmm_4_states,quantile_4_rolling_60,extreme_vol,low_vol,2562
BTCUSDT,1m,hmm_4_states,quantile_4_rolling_60,extreme_vol,medium_vol,6820
BTCUSDT,1m,hmm_4_states,quantile_4_rolling_60,high_vol,extreme_vol,477431
BTCUSDT,1m,hmm_4_states,quantile_4_rolling_60,high_vol,high_vol,298547
BTCUSDT,1m,hmm_4_states,quantile_4_rolling_60,high_vol,low_vol,45265
BTCUSDT,1m,hmm_4_states,quantile_4_rolling_60,high_vol,medium_vol,149928
BTCUSDT,1m,hmm_4_states,quantile_4_rolling_60,low_vol,extreme_vol,48328
BTCUSDT,1m,hmm_4_states,quantile_4_rolling_60,low_vol,high_vol,146112
BTCUSDT,1m,hmm_4_states,quantile_4_rolling_60,low_vol,low_vol,436012
BTCUSDT,1m,hmm_4_states,quantile_4_rolling_60,low_vol,medium_vol,239152
BTCUSDT,1m,hmm_4_states,quantile_4_rolling_60,medium_vol,extreme_vol,96627
BTCUSDT,1m,hmm_4_states,quantile_4_rolling_60,medium_vol,high_vol,319940
BTCUSDT,1m,hmm_4_states,quantile_4_rolling_60,medium_vol,low_vol,304700
BTCUSDT,1m,hmm_4_states,quantile_4_rolling_60,medium_vol,medium_vol,392638
BTCUSDT,5m,hmm_2_states,quantile_2_rolling_240,high_vol,high_vol,117086
BTCUSDT,5m,hmm_2_states,quantile_2_rolling_240,high_vol,low_vol,21787
BTCUSDT,5m,hmm_2_states,quantile_2_rolling_240,low_vol,high_vol,198331
BTCUSDT,5m,hmm_2_states,quantile_2_rolling_240,low_vol,low_vol,293630
BTCUSDT,5m,hmm_2_states,quantile_2_rolling_30,high_vol,high_vol,117086
BTCUSDT,5m,hmm_2_states,quantile_2_rolling_30,high_vol,low_vol,21787
BTCUSDT,5m,hmm_2_states,quantile_2_rolling_30,low_vol,high_vol,198331
BTCUSDT,5m,hmm_2_states,quantile_2_rolling_30,low_vol,low_vol,293630
BTCUSDT,5m,hmm_2_states,quantile_2_rolling_60,high_vol,high_vol,117086
BTCUSDT,5m,hmm_2_states,quantile_2_rolling_60,high_vol,low_vol,21787
BTCUSDT,5m,hmm_2_states,quantile_2_rolling_60,low_vol,high_vol,198331
BTCUSDT,5m,hmm_2_states,quantile_2_rolling_60,low_vol,low_vol,293630
BTCUSDT,5m,hmm_2_states,quantile_3_rolling_240,high_vol,high_vol,97068
BTCUSDT,5m,hmm_2_states,quantile_3_rolling_240,high_vol,low_vol,9332
BTCUSDT,5m,hmm_2_states,quantile_3_rolling_240,high_vol,medium_vol,32473
BTCUSDT,5m,hmm_2_states,quantile_3_rolling_240,low_vol,high_vol,113210
BTCUSDT,5m,hmm_2_states,quantile_3_rolling_240,low_vol,low_vol,200946
BTCUSDT,5m,hmm_2_states,quantile_3_rolling_240,low_vol,medium_vol,177805
BTCUSDT,5m,hmm_2_states,quantile_3_rolling_30,high_vol,high_vol,97068
BTCUSDT,5m,hmm_2_states,quantile_3_rolling_30,high_vol,low_vol,9332
BTCUSDT,5m,hmm_2_states,quantile_3_rolling_30,high_vol,medium_vol,32473
BTCUSDT,5m,hmm_2_states,quantile_3_rolling_30,low_vol,high_vol,113210
BTCUSDT,5m,hmm_2_states,quantile_3_rolling_30,low_vol,low_vol,200946
BTCUSDT,5m,hmm_2_states,quantile_3_rolling_30,low_vol,medium_vol,177805
BTCUSDT,5m,hmm_2_states,quantile_3_rolling_60,high_vol,high_vol,97068
BTCUSDT,5m,hmm_2_states,quantile_3_rolling_60,high_vol,low_vol,9332
BTCUSDT,5m,hmm_2_states,quantile_3_rolling_60,high_vol,medium_vol,32473
BTCUSDT,5m,hmm_2_states,quantile_3_rolling_60,low_vol,high_vol,113210
BTCUSDT,5m,hmm_2_states,quantile_3_rolling_60,low_vol,low_vol,200946
BTCUSDT,5m,hmm_2_states,quantile_3_rolling_60,low_vol,medium_vol,177805
BTCUSDT,5m,hmm_2_states,quantile_4_rolling_240,high_vol,extreme_vol,83024
BTCUSDT,5m,hmm_2_states,quantile_4_rolling_240,high_vol,high_vol,34062
BTCUSDT,5m,hmm_2_states,quantile_4_rolling_240,high_vol,low_vol,5360
BTCUSDT,5m,hmm_2_states,quantile_4_rolling_240,high_vol,medium_vol,16427
BTCUSDT,5m,hmm_2_states,quantile_4_rolling_240,low_vol,extreme_vol,74685
BTCUSDT,5m,hmm_2_states,quantile_4_rolling_240,low_vol,high_vol,123646
BTCUSDT,5m,hmm_2_states,quantile_4_rolling_240,low_vol,low_vol,152349
BTCUSDT,5m,hmm_2_states,quantile_4_rolling_240,low_vol,medium_vol,141281
BTCUSDT,5m,hmm_2_states,quantile_4_rolling_30,high_vol,extreme_vol,83024
BTCUSDT,5m,hmm_2_states,quantile_4_rolling_30,high_vol,high_vol,34062
BTCUSDT,5m,hmm_2_states,quantile_4_rolling_30,high_vol,low_vol,5360
BTCUSDT,5m,hmm_2_states,quantile_4_rolling_30,high_vol,medium_vol,16427
BTCUSDT,5m,hmm_2_states,quantile_4_rolling_30,low_vol,extreme_vol,74685
BTCUSDT,5m,hmm_2_states,quantile_4_rolling_30,low_vol,high_vol,123646
BTCUSDT,5m,hmm_2_states,quantile_4_rolling_30,low_vol,low_vol,152349
BTCUSDT,5m,hmm_2_states,quantile_4_rolling_30,low_vol,medium_vol,141281
BTCUSDT,5m,hmm_2_states,quantile_4_rolling_60,high_vol,extreme_vol,83024
BTCUSDT,5m,hmm_2_states,quantile_4_rolling_60,high_vol,high_vol,34062
BTCUSDT,5m,hmm_2_states,quantile_4_rolling_60,high_vol,low_vol,5360
BTCUSDT,5m,hmm_2_states,quantile_4_rolling_60,high_vol,medium_vol,16427
BTCUSDT,5m,hmm_2_states,quantile_4_rolling_60,low_vol,extreme_vol,74685
BTCUSDT,5m,hmm_2_states,quantile_4_rolling_60,low_vol,high_vol,123646
BTCUSDT,5m,hmm_2_states,quantile_4_rolling_60,low_vol,low_vol,152349
BTCUSDT,5m,hmm_2_states,quantile_4_rolling_60,low_vol,medium_vol,141281
DAX,1d,hmm_4_states,quantile_2_rolling_240,extreme_vol,high_vol,403
DAX,1d,hmm_4_states,quantile_2_rolling_240,extreme_vol,low_vol,35
DAX,1d,hmm_4_states,quantile_2_rolling_240,high_vol,high_vol,610
DAX,1d,hmm_4_states,quantile_2_rolling_240,high_vol,low_vol,479
DAX,1d,hmm_4_states,quantile_2_rolling_240,low_vol,high_vol,401
DAX,1d,hmm_4_states,quantile_2_rolling_240,low_vol,low_vol,703
DAX,1d,hmm_4_states,quantile_2_rolling_240,medium_vol,high_vol,616
DAX,1d,hmm_4_states,quantile_2_rolling_240,medium_vol,low_vol,812
DAX,1d,hmm_4_states,quantile_2_rolling_30,extreme_vol,high_vol,403
DAX,1d,hmm_4_states,quantile_2_rolling_30,extreme_vol,low_vol,35
DAX,1d,hmm_4_states,quantile_2_rolling_30,high_vol,high_vol,610
DAX,1d,hmm_4_states,quantile_2_rolling_30,high_vol,low_vol,479
DAX,1d,hmm_4_states,quantile_2_rolling_30,low_vol,high_vol,401
DAX,1d,hmm_4_states,quantile_2_rolling_30,low_vol,low_vol,703
DAX,1d,hmm_4_states,quantile_2_rolling_30,medium_vol,high_vol,616
DAX,1d,hmm_4_states,quantile_2_rolling_30,medium_vol,low_vol,812
DAX,1d,hmm_4_states,quantile_2_rolling_60,extreme_vol,high_vol,403
DAX,1d,hmm_4_states,quantile_2_rolling_60,extreme_vol,low_vol,35
DAX,1d,hmm_4_states,quantile_2_rolling_60,high_vol,high_vol,610
DAX,1d,hmm_4_states,quantile_2_rolling_60,high_vol,low_vol,479
DAX,1d,hmm_4_states,quantile_2_rolling_60,low_vol,high_vol,401
DAX,1d,hmm_4_states,quantile_2_rolling_60,low_vol,low_vol,703
DAX,1d,hmm_4_states,quantile_2_rolling_60,medium_vol,high_vol,616
DAX,1d,hmm_4_states,quantile_2_rolling_60,medium_vol,low_vol,812
DAX,1d,hmm_4_states,quantile_3_rolling_240,extreme_vol,high_vol,362
DAX,1d,hmm_4_states,quantile_3_rolling_240,extreme_vol,low_vol,17
DAX,1d,hmm_4_states,quantile_3_rolling_240,extreme_vol,medium_vol,59
DAX,1d,hmm_4_states,quantile_3_rolling_240,high_vol,high_vol,373
DAX,1d,hmm_4_states,quantile_3_rolling_240,high_vol,low_vol,308
DAX,1d,hmm_4_states,quantile_3_rolling_240,high_vol,medium_vol,408
DAX,1d,hmm_4_states,quantile_3_rolling_240,low_vol,high_vol,216
DAX,1d,hmm_4_states,quantile_3_rolling_240,low_vol,low_vol,484
DAX,1d,hmm_4_states,quantile_3_rolling_240,low_vol,medium_vol,404
DAX,1d,hmm_4_states,quantile_3_rolling_240,medium_vol,high_vol,402
DAX,1d,hmm_4_states,quantile_3_rolling_240,medium_vol,low_vol,544
DAX,1d,hmm_4_states,quantile_3_rolling_240,medium_vol,medium_vol,482
DAX,1d,hmm_4_states,quantile_3_rolling_30,extreme_vol,high_vol,362
DAX,1d,hmm_4_states,quantile_3_rolling_30,extreme_vol,low_vol,17
DAX,1d,hmm_4_states,quantile_3_rolling_30,extreme_vol,medium_vol,59
DAX,1d,hmm_4_states,quantile_3_rolling_30,high_vol,high_vol,373
DAX,1d,hmm_4_states,quantile_3_rolling_30,high_vol,low_vol,308
DAX,1d,hmm_4_states,quantile_3_rolling_30,high_vol,medium_vol,408
DAX,1d,hmm_4_states,quantile_3_rolling_30,low_vol,high_vol,216
DAX,1d,hmm_4_states,quantile_3_rolling_30,low_vol,low_vol,484
DAX,1d,hmm_4_states,quantile_3_rolling_30,low_vol,medium_vol,404
DAX,1d,hmm_4_states,quantile_3_rolling_30,medium_vol,high_vol,402
DAX,1d,hmm_4_states,quantile_3_rolling_30,medium_vol,low_vol,544
DAX,1d,hmm_4_states,quantile_3_rolling_30,medium_vol,medium_vol,482
DAX,1d,hmm_4_states,quantile_3_rolling_60,extreme_vol,high_vol,362
DAX,1d,hmm_4_states,quantile_3_rolling_60,extreme_vol,low_vol,17
DAX,1d,hmm_4_states,quantile_3_rolling_60,extreme_vol,medium_vol,59
DAX,1d,hmm_4_states,quantile_3_rolling_60,high_vol,high_vol,373
DAX,1d,hmm_4_states,quantile_3_rolling_60,high_vol,low_vol,308
DAX,1d,hmm_4_states,quantile_3_rolling_60,high_vol,medium_vol,408
DAX,1d,hmm_4_states,quantile_3_rolling_60,low_vol,high_vol,216
DAX,1d,hmm_4_states,quantile_3_rolling_60,low_vol,low_vol,484
DAX,1d,hmm_4_states,quantile_3_rolling_60,low_vol,medium_vol,404
DAX,1d,hmm_4_states,quantile_3_rolling_60,medium_vol,high_vol,402
DAX,1d,hmm_4_states,quantile_3_rolling_60,medium_vol,low_vol,544
DAX,1d,hmm_4_states,quantile_3_rolling_60,medium_vol,medium_vol,482
DAX,1d,hmm_4_states,quantile_4_rolling_240,extreme_vol,extreme_vol,325
DAX,1d,hmm_4_states,quantile_4_rolling_240,extreme_vol,high_vol,78
DAX,1d,hmm_4_states,quantile_4_rolling_240,extreme_vol,low_vol,10
DAX,1d,hmm_4_states,quantile_4_rolling_240,extreme_vol,medium_vol,25
DAX,1d,hmm_4_states,quantile_4_rolling_240,high_vol,extreme_vol,247
DAX,1d,hmm_4_states,quantile_4_rolling_240,high_vol,high_vol,363
DAX,1d,hmm_4_states,quantile_4_rolling_240,high_vol,low_vol,213
DAX,1d,hmm_4_states,quantile_4_rolling_240,high_vol,medium_vol,266
DAX,1d,hmm_4_states,quantile_4_rolling_240,low_vol,extreme_vol,148
DAX,1d,hmm_4_states,quantile_4_rolling_240,low_vol,high_vol,253
DAX,1d,hmm_4_states,quantile_4_rolling_240,low_vol,low_vol,372
DAX,1d,hmm_4_states,quantile_4_rolling_240,low_vol,medium_vol,331
DAX,1d,hmm_4_states,quantile_4_rolling_240,medium_vol,extreme_vol,295
DAX,1d,hmm_4_states,quantile_4_rolling_240,medium_vol,high_vol,321
DAX,1d,hmm_4_states,quantile_4_rolling_240,medium_vol,low_vol,420
DAX,1d,hmm_4_states,quantile_4_rolling_240,medium_vol,medium_vol,392
DAX,1d,hmm_4_states,quantile_4_rolling_30,extreme_vol,extreme_vol,325
DAX,1d,hmm_4_states,quantile_4_rolling_30,extreme_vol,high_vol,78
DAX,1d,hmm_4_states,quantile_4_rolling_30,extreme_vol,low_vol,10
DAX,1d,hmm_4_states,quantile_4_rolling_30,extreme_vol,medium_vol,25
DAX,1d,hmm_4_states,quantile_4_rolling_30,high_vol,extreme_vol,247
DAX,1d,hmm_4_states,quantile_4_rolling_30,high_vol,high_vol,363
DAX,1d,hmm_4_states,quantile_4_rolling_30,high_vol,low_vol,213
DAX,1d,hmm_4_states,quantile_4_rolling_30,high_vol,medium_vol,266
DAX,1d,hmm_4_states,quantile_4_rolling_30,low_vol,extreme_vol,148
DAX,1d,hmm_4_states,quantile_4_rolling_30,low_vol,high_vol,253
DAX,1d,hmm_4_states,quantile_4_rolling_30,low_vol,low_vol,372
DAX,1d,hmm_4_states,quantile_4_rolling_30,low_vol,medium_vol,331
DAX,1d,hmm_4_states,quantile_4_rolling_30,medium_vol,extreme_vol,295
DAX,1d,hmm_4_states,quantile_4_rolling_30,medium_vol,high_vol,321
DAX,1d,hmm_4_states,quantile_4_rolling_30,medium_vol,low_vol,420
DAX,1d,hmm_4_states,quantile_4_rolling_30,medium_vol,medium_vol,392
DAX,1d,hmm_4_states,quantile_4_rolling_60,extreme_vol,extreme_vol,325
DAX,1d,hmm_4_states,quantile_4_rolling_60,extreme_vol,high_vol,78
DAX,1d,hmm_4_states,quantile_4_rolling_60,extreme_vol,low_vol,10
DAX,1d,hmm_4_states,quantile_4_rolling_60,extreme_vol,medium_vol,25
DAX,1d,hmm_4_states,quantile_4_rolling_60,high_vol,extreme_vol,247
DAX,1d,hmm_4_states,quantile_4_rolling_60,high_vol,high_vol,363
DAX,1d,hmm_4_states,quantile_4_rolling_60,high_vol,low_vol,213
DAX,1d,hmm_4_states,quantile_4_rolling_60,high_vol,medium_vol,266
DAX,1d,hmm_4_states,quantile_4_rolling_60,low_vol,extreme_vol,148
DAX,1d,hmm_4_states,quantile_4_rolling_60,low_vol,high_vol,253
DAX,1d,hmm_4_states,quantile_4_rolling_60,low_vol,low_vol,372
DAX,1d,hmm_4_states,quantile_4_rolling_60,low_vol,medium_vol,331
DAX,1d,hmm_4_states,quantile_4_rolling_60,medium_vol,extreme_vol,295
DAX,1d,hmm_4_states,quantile_4_rolling_60,medium_vol,high_vol,321
DAX,1d,hmm_4_states,quantile_4_rolling_60,medium_vol,low_vol,420
DAX,1d,hmm_4_states,quantile_4_rolling_60,medium_vol,medium_vol,392
ETHUSDT,15m,hmm_4_states,quantile_2_rolling_240,extreme_vol,high_vol,1
ETHUSDT,15m,hmm_4_states,quantile_2_rolling_240,high_vol,high_vol,21013
ETHUSDT,15m,hmm_4_states,quantile_2_rolling_240,high_vol,low_vol,3469
ETHUSDT,15m,hmm_4_states,quantile_2_rolling_240,low_vol,high_vol,29439
ETHUSDT,15m,hmm_4_states,quantile_2_rolling_240,low_vol,low_vol,68180
ETHUSDT,15m,hmm_4_states,quantile_2_rolling_240,medium_vol,high_vol,54687
ETHUSDT,15m,hmm_4_states,quantile_2_rolling_240,medium_vol,low_vol,33491
ETHUSDT,15m,hmm_4_states,quantile_2_rolling_30,extreme_vol,high_vol,1
ETHUSDT,15m,hmm_4_states,quantile_2_rolling_30,high_vol,high_vol,21013
ETHUSDT,15m,hmm_4_states,quantile_2_rolling_30,high_vol,low_vol,3469
ETHUSDT,15m,hmm_4_states,quantile_2_rolling_30,low_vol,high_vol,29439
ETHUSDT,15m,hmm_4_states,quantile_2_rolling_30,low_vol,low_vol,68180
ETHUSDT,15m,hmm_4_states,quantile_2_rolling_30,medium_vol,high_vol,54687
ETHUSDT,15m,hmm_4_states,quantile_2_rolling_30,medium_vol,low_vol,33491
ETHUSDT,15m,hmm_4_states,quantile_2_rolling_60,extreme_vol,high_vol,1
ETHUSDT,15m,hmm_4_states,quantile_2_rolling_60,high_vol,high_vol,21013
ETHUSDT,15m,hmm_4_states,quantile_2_rolling_60,high_vol,low_vol,3469
ETHUSDT,15m,hmm_4_states,quantile_2_rolling_60,low_vol,high_vol,29439
ETHUSDT,15m,hmm_4_states,quantile_2_rolling_60,low_vol,low_vol,68180
ETHUSDT,15m,hmm_4_states,quantile_2_rolling_60,medium_vol,high_vol,54687
ETHUSDT,15m,hmm_4_states,quantile_2_rolling_60,medium_vol,low_vol,33491
ETHUSDT,15m,hmm_4_states,quantile_3_rolling_240,extreme_vol,high_vol,1
ETHUSDT,15m,hmm_4_states,quantile_3_rolling_240,high_vol,high_vol,18114
ETHUSDT,15m,hmm_4_states,quantile_3_rolling_240,high_vol,low_vol,1701
ETHUSDT,15m,hmm_4_states,quantile_3_rolling_240,high_vol,medium_vol,4667
ETHUSDT,15m,hmm_4_states,quantile_3_rolling_240,low_vol,high_vol,14813
ETHUSDT,15m,hmm_4_states,quantile_3_rolling_240,low_vol,low_vol,50017
ETHUSDT,15m,hmm_4_states,quantile_3_rolling_240,low_vol,medium_vol,32789
ETHUSDT,15m,hmm_4_states,quantile_3_rolling_240,medium_vol,high_vol,37166
ETHUSDT,15m,hmm_4_states,quantile_3_rolling_240,medium_vol,low_vol,18375
ETHUSDT,15m,hmm_4_states,quantile_3_rolling_240,medium_vol,medium_vol,32637
ETHUSDT,15m,hmm_4_states,quantile_3_rolling_30,extreme_vol,high_vol,1
ETHUSDT,15m,hmm_4_states,quantile_3_rolling_30,high_vol,high_vol,18114
ETHUSDT,15m,hmm_4_states,quantile_3_rolling_30,high_vol,low_vol,1701
ETHUSDT,15m,hmm_4_states,quantile_3_rolling_30,high_vol,medium_vol,4667
ETHUSDT,15m,hmm_4_states,quantile_3_rolling_30,low_vol,high_vol,14813
ETHUSDT,15m,hmm_4_states,quantile_3_rolling_30,low_vol,low_vol,50017
ETHUSDT,15m,hmm_4_states,quantile_3_rolling_30,low_vol,medium_vol,32789
ETHUSDT,15m,hmm_4_states,quantile_3_rolling_30,medium_vol,high_vol,37166
ETHUSDT,15m,hmm_4_states,quantile_3_rolling_30,medium_vol,low_vol,18375
ETHUSDT,15m,hmm_4_states,quantile_3_rolling_30,medium_vol,medium_vol,32637
ETHUSDT,15m,hmm_4_states,quantile_3_rolling_60,extreme_vol,high_vol,1
ETHUSDT,15m,hmm_4_states,quantile_3_rolling_60,high_vol,high_vol,18114
ETHUSDT,15m,hmm_4_states,quantile_3_rolling_60,high_vol,low_vol,1701
ETHUSDT,15m,hmm_4_states,quantile_3_rolling_60,high_vol,medium_vol,4667
ETHUSDT,15m,hmm_4_states,quantile_3_rolling_60,low_vol,high_vol,14813
ETHUSDT,15m,hmm_4_states,quantile_3_rolling_60,low_vol,low_vol,50017
ETHUSDT,15m,hmm_4_states,quantile_3_rolling_60,low_vol,medium_vol,32789
ETHUSDT,15m,hmm_4_states,quantile_3_rolling_60,medium_vol,high_vol,37166
ETHUSDT,15m,hmm_4_states,quantile_3_rolling_60,medium_vol,low_vol,18375
ETHUSDT,15m,hmm_4_states,quantile_3_rolling_60,medium_vol,medium_vol,32637
ETHUSDT,15m,hmm_4_states,quantile_4_rolling_240,extreme_vol,extreme_vol,1
ETHUSDT,15m,hmm_4_states,quantile_4_rolling_240,high_vol,extreme_vol,16060
ETHUSDT,15m,hmm_4_states,quantile_4_rolling_240,high_vol,high_vol,4953
ETHUSDT,15m,hmm_4_states,quantile_4_rolling_240,high_vol,low_vol,1066
ETHUSDT,15m,hmm_4_states,quantile_4_rolling_240,high_vol,medium_vol,2403
ETHUSDT,15m,hmm_4_states,quantile_4_rolling_240,low_vol,extreme_vol,8878
ETHUSDT,15m,hmm_4_states,quantile_4_rolling_240,low_vol,high_vol,20561
ETHUSDT,15m,hmm_4_states,quantile_4_rolling_240,low_vol,low_vol,39611
ETHUSDT,15m,hmm_4_states,quantile_4_rolling_240,low_vol,medium_vol,28569
ETHUSDT,15m,hmm_4_states,quantile_4_rolling_240,medium_vol,extreme_vol,27631
ETHUSDT,15m,hmm_4_states,quantile_4_rolling_240,medium_vol,high_vol,27056
ETHUSDT,15m,hmm_4_states,quantile_4_rolling_240,medium_vol,low_vol,11893
ETHUSDT,15m,hmm_4_states,quantile_4_rolling_240,medium_vol,medium_vol,21598
ETHUSDT,15m,hmm_4_states,quantile_4_rolling_30,extreme_vol,extreme_vol,1
ETHUSDT,15m,hmm_4_states,quantile_4_rolling_30,high_vol,extreme_vol,16060
ETHUSDT,15m,hmm_4_states,quantile_4_rolling_30,high_vol,high_vol,4953
ETHUSDT,15m,hmm_4_states,quantile_4_rolling_30,high_vol,low_vol,1066
ETHUSDT,15m,hmm_4_states,quantile_4_rolling_30,high_vol,medium_vol,2403
ETHUSDT,15m,hmm_4_states,quantile_4_rolling_30,low_vol,extreme_vol,8878
ETHUSDT,15m,hmm_4_states,quantile_4_rolling_30,low_vol,high_vol,20561
ETHUSDT,15m,hmm_4_states,quantile_4_rolling_30,low_vol,low_vol,39611
ETHUSDT,15m,hmm_4_states,quantile_4_rolling_30,low_vol,medium_vol,28569
ETHUSDT,15m,hmm_4_states,quantile_4_rolling_30,medium_vol,extreme_vol,27631
ETHUSDT,15m,hmm_4_states,quantile_4_rolling_30,medium_vol,high_vol,27056
ETHUSDT,15m,hmm_4_states,quantile_4_rolling_30,medium_vol,low_vol,11893
ETHUSDT,15m,hmm_4_states,quantile_4_rolling_30,medium_vol,medium_vol,21598
ETHUSDT,15m,hmm_4_states,quantile_4_rolling_60,extreme_vol,extreme_vol,1
ETHUSDT,15m,hmm_4_states,quantile_4_rolling_60,high_vol,extreme_vol,16060
ETHUSDT,15m,hmm_4_states,quantile_4_rolling_60,high_vol,high_vol,4953
ETHUSDT,15m,hmm_4_states,quantile_4_rolling_60,high_vol,low_vol,1066
ETHUSDT,15m,hmm_4_states,quantile_4_rolling_60,high_vol,medium_vol,2403
ETHUSDT,15m,hmm_4_states,quantile_4_rolling_60,low_vol,extreme_vol,8878
ETHUSDT,15m,hmm_4_states,quantile_4_rolling_60,low_vol,high_vol,20561
ETHUSDT,15m,hmm_4_states,quantile_4_rolling_60,low_vol,low_vol,39611
ETHUSDT,15m,hmm_4_states,quantile_4_rolling_60,low_vol,medium_vol,28569
ETHUSDT,15m,hmm_4_states,quantile_4_rolling_60,medium_vol,extreme_vol,27631
ETHUSDT,15m,hmm_4_states,quantile_4_rolling_60,medium_vol,high_vol,27056
ETHUSDT,15m,hmm_4_states,quantile_4_rolling_60,medium_vol,low_vol,11893
ETHUSDT,15m,hmm_4_states,quantile_4_rolling_60,medium_vol,medium_vol,21598
ETHUSDT,1d,hmm_4_states,quantile_2_rolling_240,extreme_vol,high_vol,1
ETHUSDT,1d,hmm_4_states,quantile_2_rolling_240,high_vol,high_vol,335
ETHUSDT,1d,hmm_4_states,quantile_2_rolling_240,high_vol,low_vol,124
ETHUSDT,1d,hmm_4_states,quantile_2_rolling_240,low_vol,high_vol,349
ETHUSDT,1d,hmm_4_states,quantile_2_rolling_240,low_vol,low_vol,519
ETHUSDT,1d,hmm_4_states,quantile_2_rolling_240,medium_vol,high_vol,411
ETHUSDT,1d,hmm_4_states,quantile_2_rolling_240,medium_vol,low_vol,453
ETHUSDT,1d,hmm_4_states,quantile_2_rolling_30,extreme_vol,high_vol,1
ETHUSDT,1d,hmm_4_states,quantile_2_rolling_30,high_vol,high_vol,335
ETHUSDT,1d,hmm_4_states,quantile_2_rolling_30,high_vol,low_vol,124
ETHUSDT,1d,hmm_4_states,quantile_2_rolling_30,low_vol,high_vol,349
ETHUSDT,1d,hmm_4_states,quantile_2_rolling_30,low_vol,low_vol,519
ETHUSDT,1d,hmm_4_states,quantile_2_rolling_30,medium_vol,high_vol,411
ETHUSDT,1d,hmm_4_states,quantile_2_rolling_30,medium_vol,low_vol,453
ETHUSDT,1d,hmm_4_states,quantile_2_rolling_60,extreme_vol,high_vol,1
ETHUSDT,1d,hmm_4_states,quantile_2_rolling_60,high_vol,high_vol,335
ETHUSDT,1d,hmm_4_states,quantile_2_rolling_60,high_vol,low_vol,124
ETHUSDT,1d,hmm_4_states,quantile_2_rolling_60,low_vol,high_vol,349
ETHUSDT,1d,hmm_4_states,quantile_2_rolling_60,low_vol,low_vol,519
ETHUSDT,1d,hmm_4_states,quantile_2_rolling_60,medium_vol,high_vol,411
ETHUSDT,1d,hmm_4_states,quantile_2_rolling_60,medium_vol,low_vol,453
ETHUSDT,1d,hmm_4_states,quantile_3_rolling_240,extreme_vol,high_vol,1
ETHUSDT,1d,hmm_4_states,quantile_3_rolling_240,high_vol,high_vol,268
ETHUSDT,1d,hmm_4_states,quantile_3_rolling_240,high_vol,low_vol,67
ETHUSDT,1d,hmm_4_states,quantile_3_rolling_240,high_vol,medium_vol,124
ETHUSDT,1d,hmm_4_states,quantile_3_rolling_240,low_vol,high_vol,225
ETHUSDT,1d,hmm_4_states,quantile_3_rolling_240,low_vol,low_vol,364
ETHUSDT,1d,hmm_4_states,quantile_3_rolling_240,low_vol,medium_vol,279
ETHUSDT,1d,hmm_4_states,quantile_3_rolling_240,medium_vol,high_vol,237
ETHUSDT,1d,hmm_4_states,quantile_3_rolling_240,medium_vol,low_vol,300
ETHUSDT,1d,hmm_4_states,quantile_3_rolling_240,medium_vol,medium_vol,327
ETHUSDT,1d,hmm_4_states,quantile_3_rolling_30,extreme_vol,high_vol,1
ETHUSDT,1d,hmm_4_states,quantile_3_rolling_30,high_vol,high_vol,268
ETHUSDT,1d,hmm_4_states,quantile_3_rolling_30,high_vol,low_vol,67
ETHUSDT,1d,hmm_4_states,quantile_3_rolling_30,high_vol,medium_vol,124
ETHUSDT,1d,hmm_4_states,quantile_3_rolling_30,low_vol,high_vol,225
ETHUSDT,1d,hmm_4_states,quantile_3_rolling_30,low_vol,low_vol,364
ETHUSDT,1d,hmm_4_states,quantile_3_rolling_30,low_vol,medium_vol,279
ETHUSDT,1d,hmm_4_states,quantile_3_rolling_30,medium_vol,high_vol,237
ETHUSDT,1d,hmm_4_states,quantile_3_rolling_30,medium_vol,low_vol,300
ETHUSDT,1d,hmm_4_states,quantile_3_rolling_30,medium_vol,medium_vol,327
ETHUSDT,1d,hmm_4_states,quantile_3_rolling_60,extreme_vol,high_vol,1
ETHUSDT,1d,hmm_4_states,quantile_3_rolling_60,high_vol,high_vol,268
ETHUSDT,1d,hmm_4_states,quantile_3_rolling_60,high_vol,low_vol,67
ETHUSDT,1d,hmm_4_states,quantile_3_rolling_60,high_vol,medium_vol,124
ETHUSDT,1d,hmm_4_states,quantile_3_rolling_60,low_vol,high_vol,225
ETHUSDT,1d,hmm_4_states,quantile_3_rolling_60,low_vol,low_vol,364
ETHUSDT,1d,hmm_4_states,quantile_3_rolling_60,low_vol,medium_vol,279
ETHUSDT,1d,hmm_4_states,quantile_3_rolling_60,medium_vol,high_vol,237
ETHUSDT,1d,hmm_4_states,quantile_3_rolling_60,medium_vol,low_vol,300
ETHUSDT,1d,hmm_4_states,quantile_3_rolling_60,medium_vol,medium_vol,327
ETHUSDT,1d,hmm_4_states,quantile_4_rolling_240,extreme_vol,extreme_vol,1
ETHUSDT,1d,hmm_4_states,quantile_4_rolling_240,high_vol,extreme_vol,221
ETHUSDT,1d,hmm_4_states,quantile_4_rolling_240,high_vol,high_vol,114
ETHUSDT,1d,hmm_4_states,quantile_4_rolling_240,high_vol,low_vol,43
ETHUSDT,1d,hmm_4_states,quantile_4_rolling_240,high_vol,medium_vol,81
ETHUSDT,1d,hmm_4_states,quantile_4_rolling_240,low_vol,extreme_vol,162
ETHUSDT,1d,hmm_4_states,quantile_4_rolling_240,low_vol,high_vol,187
ETHUSDT,1d,hmm_4_states,quantile_4_rolling_240,low_vol,low_vol,300
ETHUSDT,1d,hmm_4_states,quantile_4_rolling_240,low_vol,medium_vol,219
ETHUSDT,1d,hmm_4_states,quantile_4_rolling_240,medium_vol,extreme_vol,164
ETHUSDT,1d,hmm_4_states,quantile_4_rolling_240,medium_vol,high_vol,247
ETHUSDT,1d,hmm_4_states,quantile_4_rolling_240,medium_vol,low_vol,205
ETHUSDT,1d,hmm_4_states,quantile_4_rolling_240,medium_vol,medium_vol,248
ETHUSDT,1d,hmm_4_states,quantile_4_rolling_30,extreme_vol,extreme_vol,1
ETHUSDT,1d,hmm_4_states,quantile_4_rolling_30,high_vol,extreme_vol,221
ETHUSDT,1d,hmm_4_states,quantile_4_rolling_30,high_vol,high_vol,114
ETHUSDT,1d,hmm_4_states,quantile_4_rolling_30,high_vol,low_vol,43
ETHUSDT,1d,hmm_4_states,quantile_4_rolling_30,high_vol,medium_vol,81
ETHUSDT,1d,hmm_4_states,quantile_4_rolling_30,low_vol,extreme_vol,162
ETHUSDT,1d,hmm_4_states,quantile_4_rolling_30,low_vol,high_vol,187
ETHUSDT,1d,hmm_4_states,quantile_4_rolling_30,low_vol,low_vol,300
ETHUSDT,1d,hmm_4_states,quantile_4_rolling_30,low_vol,medium_vol,219
ETHUSDT,1d,hmm_4_states,quantile_4_rolling_30,medium_vol,extreme_vol,164
ETHUSDT,1d,hmm_4_states,quantile_4_rolling_30,medium_vol,high_vol,247
ETHUSDT,1d,hmm_4_states,quantile_4_rolling_30,medium_vol,low_vol,205
ETHUSDT,1d,hmm_4_states,quantile_4_rolling_30,medium_vol,medium_vol,248
ETHUSDT,1d,hmm_4_states,quantile_4_rolling_60,extreme_vol,extreme_vol,1
ETHUSDT,1d,hmm_4_states,quantile_4_rolling_60,high_vol,extreme_vol,221
ETHUSDT,1d,hmm_4_states,quantile_4_rolling_60,high_vol,high_vol,114
ETHUSDT,1d,hmm_4_states,quantile_4_rolling_60,high_vol,low_vol,43
ETHUSDT,1d,hmm_4_states,quantile_4_rolling_60,high_vol,medium_vol,81
ETHUSDT,1d,hmm_4_states,quantile_4_rolling_60,low_vol,extreme_vol,162
ETHUSDT,1d,hmm_4_states,quantile_4_rolling_60,low_vol,high_vol,187
ETHUSDT,1d,hmm_4_states,quantile_4_rolling_60,low_vol,low_vol,300
ETHUSDT,1d,hmm_4_states,quantile_4_rolling_60,low_vol,medium_vol,219
ETHUSDT,1d,hmm_4_states,quantile_4_rolling_60,medium_vol,extreme_vol,164
ETHUSDT,1d,hmm_4_states,quantile_4_rolling_60,medium_vol,high_vol,247
ETHUSDT,1d,hmm_4_states,quantile_4_rolling_60,medium_vol,low_vol,205
ETHUSDT,1d,hmm_4_states,quantile_4_rolling_60,medium_vol,medium_vol,248
ETHUSDT,1h,hmm_4_states,quantile_2_rolling_240,extreme_vol,high_vol,1
ETHUSDT,1h,hmm_4_states,quantile_2_rolling_240,high_vol,high_vol,6367
ETHUSDT,1h,hmm_4_states,quantile_2_rolling_240,high_vol,low_vol,1475
ETHUSDT,1h,hmm_4_states,quantile_2_rolling_240,low_vol,high_vol,7168
ETHUSDT,1h,hmm_4_states,quantile_2_rolling_240,low_vol,low_vol,15409
ETHUSDT,1h,hmm_4_states,quantile_2_rolling_240,medium_vol,high_vol,12753
ETHUSDT,1h,hmm_4_states,quantile_2_rolling_240,medium_vol,low_vol,9404
ETHUSDT,1h,hmm_4_states,quantile_2_rolling_30,extreme_vol,high_vol,1
ETHUSDT,1h,hmm_4_states,quantile_2_rolling_30,high_vol,high_vol,6367
ETHUSDT,1h,hmm_4_states,quantile_2_rolling_30,high_vol,low_vol,1475
ETHUSDT,1h,hmm_4_states,quantile_2_rolling_30,low_vol,high_vol,7168
ETHUSDT,1h,hmm_4_states,quantile_2_rolling_30,low_vol,low_vol,15409
ETHUSDT,1h,hmm_4_states,quantile_2_rolling_30,medium_vol,high_vol,12753
ETHUSDT,1h,hmm_4_states,quantile_2_rolling_30,medium_vol,low_vol,9404
ETHUSDT,1h,hmm_4_states,quantile_2_rolling_60,extreme_vol,high_vol,1
ETHUSDT,1h,hmm_4_states,quantile_2_rolling_60,high_vol,high_vol,6367
ETHUSDT,1h,hmm_4_states,quantile_2_rolling_60,high_vol,low_vol,1475
ETHUSDT,1h,hmm_4_states,quantile_2_rolling_60,low_vol,high_vol,7168
ETHUSDT,1h,hmm_4_states,quantile_2_rolling_60,low_vol,low_vol,15409
ETHUSDT,1h,hmm_4_states,quantile_2_rolling_60,medium_vol,high_vol,12753
ETHUSDT,1h,hmm_4_states,quantile_2_rolling_60,medium_vol,low_vol,9404
ETHUSDT,1h,hmm_4_states,quantile_3_rolling_240,extreme_vol,high_vol,1
ETHUSDT,1h,hmm_4_states,quantile_3_rolling_240,high_vol,high_vol,5340
ETHUSDT,1h,hmm_4_states,quantile_3_rolling_240,high_vol,low_vol,722
ETHUSDT,1h,hmm_4_states,quantile_3_rolling_240,high_vol,medium_vol,1780
ETHUSDT,1h,hmm_4_states,quantile_3_rolling_240,low_vol,high_vol,3780
ETHUSDT,1h,hmm_4_states,quantile_3_rolling_240,low_vol,low_vol,11267
ETHUSDT,1h,hmm_4_states,quantile_3_rolling_240,low_vol,medium_vol,7530
ETHUSDT,1h,hmm_4_states,quantile_3_rolling_240,medium_vol,high_vol,8405
ETHUSDT,1h,hmm_4_states,quantile_3_rolling_240,medium_vol,low_vol,5537
ETHUSDT,1h,hmm_4_states,quantile_3_rolling_240,medium_vol,medium_vol,8215
ETHUSDT,1h,hmm_4_states,quantile_3_rolling_30,extreme_vol,high_vol,1
ETHUSDT,1h,hmm_4_states,quantile_3_rolling_30,high_vol,high_vol,5340
ETHUSDT,1h,hmm_4_states,quantile_3_rolling_30,high_vol,low_vol,722
ETHUSDT,1h,hmm_4_states,quantile_3_rolling_30,high_vol,medium_vol,1780
ETHUSDT,1h,hmm_4_states,quantile_3_rolling_30,low_vol,high_vol,3780
ETHUSDT,1h,hmm_4_states,quantile_3_rolling_30,low_vol,low_vol,11267
ETHUSDT,1h,hmm_4_states,quantile_3_rolling_30,low_vol,medium_vol,7530
ETHUSDT,1h,hmm_4_states,quantile_3_rolling_30,medium_vol,high_vol,8405
ETHUSDT,1h,hmm_4_states,quantile_3_rolling_30,medium_vol,low_vol,5537
ETHUSDT,1h,hmm_4_states,quantile_3_rolling_30,medium_vol,medium_vol,8215
ETHUSDT,1h,hmm_4_states,quantile_3_rolling_60,extreme_vol,high_vol,1
ETHUSDT,1h,hmm_4_states,quantile_3_rolling_60,high_vol,high_vol,5340
ETHUSDT,1h,hmm_4_states,quantile_3_rolling_60,high_vol,low_vol,722
ETHUSDT,1h,hmm_4_states,quantile_3_rolling_60,high_vol,medium_vol,1780
ETHUSDT,1h,hmm_4_states,quantile_3_rolling_60,low_vol,high_vol,3780
ETHUSDT,1h,hmm_4_states,quantile_3_rolling_60,low_vol,low_vol,11267
ETHUSDT,1h,hmm_4_states,quantile_3_rolling_60,low_vol,medium_vol,7530
ETHUSDT,1h,hmm_4_states,quantile_3_rolling_60,medium_vol,high_vol,8405
ETHUSDT,1h,hmm_4_states,quantile_3_rolling_60,medium_vol,low_vol,5537
ETHUSDT,1h,hmm_4_states,quantile_3_rolling_60,medium_vol,medium_vol,8215
ETHUSDT,1h,hmm_4_states,quantile_4_rolling_240,extreme_vol,extreme_vol,1
ETHUSDT,1h,hmm_4_states,quantile_4_rolling_240,high_vol,extreme_vol,4637
ETHUSDT,1h,hmm_4_states,quantile_4_rolling_240,high_vol,high_vol,1730
ETHUSDT,1h,hmm_4_states,quantile_4_rolling_240,high_vol,low_vol,453
ETHUSDT,1h,hmm_4_states,quantile_4_rolling_240,high_vol,medium_vol,1022
ETHUSDT,1h,hmm_4_states,quantile_4_rolling_240,low_vol,extreme_vol,2334
ETHUSDT,1h,hmm_4_states,quantile_4_rolling_240,low_vol,high_vol,4834
ETHUSDT,1h,hmm_4_states,quantile_4_rolling_240,low_vol,low_vol,8900
ETHUSDT,1h,hmm_4_states,quantile_4_rolling_240,low_vol,medium_vol,6509
ETHUSDT,1h,hmm_4_states,quantile_4_rolling_240,medium_vol,extreme_vol,6173
ETHUSDT,1h,hmm_4_states,quantile_4_rolling_240,medium_vol,high_vol,6580
ETHUSDT,1h,hmm_4_states,quantile_4_rolling_240,medium_vol,low_vol,3791
ETHUSDT,1h,hmm_4_states,quantile_4_rolling_240,medium_vol,medium_vol,5613
ETHUSDT,1h,hmm_4_states,quantile_4_rolling_30,extreme_vol,extreme_vol,1
ETHUSDT,1h,hmm_4_states,quantile_4_rolling_30,high_vol,extreme_vol,4637
ETHUSDT,1h,hmm_4_states,quantile_4_rolling_30,high_vol,high_vol,1730
ETHUSDT,1h,hmm_4_states,quantile_4_rolling_30,high_vol,low_vol,453
ETHUSDT,1h,hmm_4_states,quantile_4_rolling_30,high_vol,medium_vol,1022
ETHUSDT,1h,hmm_4_states,quantile_4_rolling_30,low_vol,extreme_vol,2334
ETHUSDT,1h,hmm_4_states,quantile_4_rolling_30,low_vol,high_vol,4834
ETHUSDT,1h,hmm_4_states,quantile_4_rolling_30,low_vol,low_vol,8900
ETHUSDT,1h,hmm_4_states,quantile_4_rolling_30,low_vol,medium_vol,6509
ETHUSDT,1h,hmm_4_states,quantile_4_rolling_30,medium_vol,extreme_vol,6173
ETHUSDT,1h,hmm_4_states,quantile_4_rolling_30,medium_vol,high_vol,6580
ETHUSDT,1h,hmm_4_states,quantile_4_rolling_30,medium_vol,low_vol,3791
ETHUSDT,1h,hmm_4_states,quantile_4_rolling_30,medium_vol,medium_vol,5613
ETHUSDT,1h,hmm_4_states,quantile_4_rolling_60,extreme_vol,extreme_vol,1
ETHUSDT,1h,hmm_4_states,quantile_4_rolling_60,high_vol,extreme_vol,4637
ETHUSDT,1h,hmm_4_states,quantile_4_rolling_60,high_vol,high_vol,1730
ETHUSDT,1h,hmm_4_states,quantile_4_rolling_60,high_vol,low_vol,453
ETHUSDT,1h,hmm_4_states,quantile_4_rolling_60,high_vol,medium_vol,1022
ETHUSDT,1h,hmm_4_states,quantile_4_rolling_60,low_vol,extreme_vol,2334
ETHUSDT,1h,hmm_4_states,quantile_4_rolling_60,low_vol,high_vol,4834
ETHUSDT,1h,hmm_4_states,quantile_4_rolling_60,low_vol,low_vol,8900
ETHUSDT,1h,hmm_4_states,quantile_4_rolling_60,low_vol,medium_vol,6509
ETHUSDT,1h,hmm_4_states,quantile_4_rolling_60,medium_vol,extreme_vol,6173
ETHUSDT,1h,hmm_4_states,quantile_4_rolling_60,medium_vol,high_vol,6580
ETHUSDT,1h,hmm_4_states,quantile_4_rolling_60,medium_vol,low_vol,3791
ETHUSDT,1h,hmm_4_states,quantile_4_rolling_60,medium_vol,medium_vol,5613
ETHUSDT,1m,hmm_4_states,quantile_2_rolling_240,extreme_vol,high_vol,16112
ETHUSDT,1m,hmm_4_states,quantile_2_rolling_240,extreme_vol,low_vol,1062
ETHUSDT,1m,hmm_4_states,quantile_2_rolling_240,high_vol,high_vol,396762
ETHUSDT,1m,hmm_4_states,quantile_2_rolling_240,high_vol,low_vol,37987
ETHUSDT,1m,hmm_4_states,quantile_2_rolling_240,low_vol,high_vol,310457
ETHUSDT,1m,hmm_4_states,quantile_2_rolling_240,low_vol,low_vol,1010139
ETHUSDT,1m,hmm_4_states,quantile_2_rolling_240,medium_vol,high_vol,853746
ETHUSDT,1m,hmm_4_states,quantile_2_rolling_240,medium_vol,low_vol,527889
ETHUSDT,1m,hmm_4_states,quantile_2_rolling_30,extreme_vol,high_vol,16112
ETHUSDT,1m,hmm_4_states,quantile_2_rolling_30,extreme_vol,low_vol,1062
ETHUSDT,1m,hmm_4_states,quantile_2_rolling_30,high_vol,high_vol,396762
ETHUSDT,1m,hmm_4_states,quantile_2_rolling_30,high_vol,low_vol,37987
ETHUSDT,1m,hmm_4_states,quantile_2_rolling_30,low_vol,high_vol,310457
ETHUSDT,1m,hmm_4_states,quantile_2_rolling_30,low_vol,low_vol,1010139
ETHUSDT,1m,hmm_4_states,quantile_2_rolling_30,medium_vol,high_vol,853746
ETHUSDT,1m,hmm_4_states,quantile_2_rolling_30,medium_vol,low_vol,527889
ETHUSDT,1m,hmm_4_states,quantile_2_rolling_60,extreme_vol,high_vol,16112
ETHUSDT,1m,hmm_4_states,quantile_2_rolling_60,extreme_vol,low_vol,1062
ETHUSDT,1m,hmm_4_states,quantile_2_rolling_60,high_vol,high_vol,396762
ETHUSDT,1m,hmm_4_states,quantile_2_rolling_60,high_vol,low_vol,37987
ETHUSDT,1m,hmm_4_states,quantile_2_rolling_60,low_vol,high_vol,310457
ETHUSDT,1m,hmm_4_states,quantile_2_rolling_60,low_vol,low_vol,1010139
ETHUSDT,1m,hmm_4_states,quantile_2_rolling_60,medium_vol,high_vol,853746
ETHUSDT,1m,hmm_4_states,quantile_2_rolling_60,medium_vol,low_vol,527889
ETHUSDT,1m,hmm_4_states,quantile_3_rolling_240,extreme_vol,high_vol,15165
ETHUSDT,1m,hmm_4_states,quantile_3_rolling_240,extreme_vol,low_vol,524
ETHUSDT,1m,hmm_4_states,quantile_3_rolling_240,extreme_vol,medium_vol,1485
ETHUSDT,1m,hmm_4_states,quantile_3_rolling_240,high_vol,high_vol,349106
ETHUSDT,1m,hmm_4_states,quantile_3_rolling_240,high_vol,low_vol,14617
ETHUSDT,1m,hmm_4_states,quantile_3_rolling_240,high_vol,medium_vol,71026
ETHUSDT,1m,hmm_4_states,quantile_3_rolling_240,low_vol,high_vol,125938
ETHUSDT,1m,hmm_4_states,quantile_3_rolling_240,low_vol,low_vol,757742
ETHUSDT,1m,hmm_4_states,quantile_3_rolling_240,low_vol,medium_vol,436916
ETHUSDT,1m,hmm_4_states,quantile_3_rolling_240,medium_vol,high_vol,561176
ETHUSDT,1m,hmm_4_states,quantile_3_rolling_240,medium_vol,low_vol,278502
ETHUSDT,1m,hmm_4_states,quantile_3_rolling_240,medium_vol,medium_vol,541957
ETHUSDT,1m,hmm_4_states,quantile_3_rolling_30,extreme_vol,high_vol,15165
ETHUSDT,1m,hmm_4_states,quantile_3_rolling_30,extreme_vol,low_vol,524
ETHUSDT,1m,hmm_4_states,quantile_3_rolling_30,extreme_vol,medium_vol,1485
ETHUSDT,1m,hmm_4_states,quantile_3_rolling_30,high_vol,high_vol,349106
ETHUSDT,1m,hmm_4_states,quantile_3_rolling_30,high_vol,low_vol,14617
ETHUSDT,1m,hmm_4_states,quantile_3_rolling_30,high_vol,medium_vol,71026
ETHUSDT,1m,hmm_4_states,quantile_3_rolling_30,low_vol,high_vol,125938
ETHUSDT,1m,hmm_4_states,quantile_3_rolling_30,low_vol,low_vol,757742
ETHUSDT,1m,hmm_4_states,quantile_3_rolling_30,low_vol,medium_vol,436916
ETHUSDT,1m,hmm_4_states,quantile_3_rolling_30,medium_vol,high_vol,561176
ETHUSDT,1m,hmm_4_states,quantile_3_rolling_30,medium_vol,low_vol,278502
ETHUSDT,1m,hmm_4_states,quantile_3_rolling_30,medium_vol,medium_vol,541957
ETHUSDT,1m,hmm_4_states,quantile_3_rolling_60,extreme_vol,high_vol,15165
ETHUSDT,1m,hmm_4_states,quantile_3_rolling_60,extreme_vol,low_vol,524
ETHUSDT,1m,hmm_4_states,quantile_3_rolling_60,extreme_vol,medium_vol,1485
ETHUSDT,1m,hmm_4_states,quantile_3_rolling_60,high_vol,high_vol,349106
ETHUSDT,1m,hmm_4_states,quantile_3_rolling_60,high_vol,low_vol,14617
ETHUSDT,1m,hmm_4_states,quantile_3_rolling_60,high_vol,medium_vol,71026
ETHUSDT,1m,hmm_4_states,quantile_3_rolling_60,low_vol,high_vol,125938
ETHUSDT,1m,hmm_4_states,quantile_3_rolling_60,low_vol,low_vol,757742
ETHUSDT,1m,hmm_4_states,quantile_3_rolling_60,low_vol,medium_vol,436916
ETHUSDT,1m,hmm_4_states,quantile_3_rolling_60,medium_vol,high_vol,561176
ETHUSDT,1m,hmm_4_states,quantile_3_rolling_60,medium_vol,low_vol,278502
ETHUSDT,1m,hmm_4_states,quantile_3_rolling_60,medium_vol,medium_vol,541957
ETHUSDT,1m,hmm_4_states,quantile_4_rolling_240,extreme_vol,extreme_vol,14496
ETHUSDT,1m,hmm_4_states,quantile_4_rolling_240,extreme_vol,high_vol,1616
ETHUSDT,1m,hmm_4_states,quantile_4_rolling_240,extreme_vol,low_vol,335
ETHUSDT,1m,hmm_4_states,quantile_4_rolling_240,extreme_vol,medium_vol,727
ETHUSDT,1m,hmm_4_states,quantile_4_rolling_240,high_vol,extreme_vol,310314
ETHUSDT,1m,hmm_4_states,quantile_4_rolling_240,high_vol,high_vol,86448
ETHUSDT,1m,hmm_4_states,quantile_4_rolling_240,high_vol,low_vol,8251
ETHUSDT,1m,hmm_4_states,quantile_4_rolling_240,high_vol,medium_vol,29736
ETHUSDT,1m,hmm_4_states,quantile_4_rolling_240,low_vol,extreme_vol,60753
ETHUSDT,1m,hmm_4_states,quantile_4_rolling_240,low_vol,high_vol,249704
ETHUSDT,1m,hmm_4_states,quantile_4_rolling_240,low_vol,low_vol,605464
ETHUSDT,1m,hmm_4_states,quantile_4_rolling_240,low_vol,medium_vol,404675
ETHUSDT,1m,hmm_4_states,quantile_4_rolling_240,medium_vol,extreme_vol,402976
ETHUSDT,1m,hmm_4_states,quantile_4_rolling_240,medium_vol,high_vol,450770
ETHUSDT,1m,hmm_4_states,quantile_4_rolling_240,medium_vol,low_vol,174489
ETHUSDT,1m,hmm_4_states,quantile_4_rolling_240,medium_vol,medium_vol,353400
ETHUSDT,1m,hmm_4_states,quantile_4_rolling_30,extreme_vol,extreme_vol,14496
ETHUSDT,1m,hmm_4_states,quantile_4_rolling_30,extreme_vol,high_vol,1616
ETHUSDT,1m,hmm_4_states,quantile_4_rolling_30,extreme_vol,low_vol,335
ETHUSDT,1m,hmm_4_states,quantile_4_rolling_30,extreme_vol,medium_vol,727
ETHUSDT,1m,hmm_4_states,quantile_4_rolling_30,high_vol,extreme_vol,310314
ETHUSDT,1m,hmm_4_states,quantile_4_rolling_30,high_vol,high_vol,86448
ETHUSDT,1m,hmm_4_states,quantile_4_rolling_30,high_vol,low_vol,8251
ETHUSDT,1m,hmm_4_states,quantile_4_rolling_30,high_vol,medium_vol,29736
ETHUSDT,1m,hmm_4_states,quantile_4_rolling_30,low_vol,extreme_vol,60753
ETHUSDT,1m,hmm_4_states,quantile_4_rolling_30,low_vol,high_vol,249704
ETHUSDT,1m,hmm_4_states,quantile_4_rolling_30,low_vol,low_vol,605464
ETHUSDT,1m,hmm_4_states,quantile_4_rolling_30,low_vol,medium_vol,404675
ETHUSDT,1m,hmm_4_states,quantile_4_rolling_30,medium_vol,extreme_vol,402976
ETHUSDT,1m,hmm_4_states,quantile_4_rolling_30,medium_vol,high_vol,450770
ETHUSDT,1m,hmm_4_states,quantile_4_rolling_30,medium_vol,low_vol,174489
ETHUSDT,1m,hmm_4_states,quantile_4_rolling_30,medium_vol,medium_vol,353400
ETHUSDT,1m,hmm_4_states,quantile_4_rolling_60,extreme_vol,extreme_vol,14496
ETHUSDT,1m,hmm_4_states,quantile_4_rolling_60,extreme_vol,high_vol,1616
ETHUSDT,1m,hmm_4_states,quantile_4_rolling_60,extreme_vol,low_vol,335
ETHUSDT,1m,hmm_4_states,quantile_4_rolling_60,extreme_vol,medium_vol,727
ETHUSDT,1m,hmm_4_states,quantile_4_rolling_60,high_vol,extreme_vol,310314
ETHUSDT,1m,hmm_4_states,quantile_4_rolling_60,high_vol,high_vol,86448
ETHUSDT,1m,hmm_4_states,quantile_4_rolling_60,high_vol,low_vol,8251
ETHUSDT,1m,hmm_4_states,quantile_4_rolling_60,high_vol,medium_vol,29736
ETHUSDT,1m,hmm_4_states,quantile_4_rolling_60,low_vol,extreme_vol,60753
ETHUSDT,1m,hmm_4_states,quantile_4_rolling_60,low_vol,high_vol,249704
ETHUSDT,1m,hmm_4_states,quantile_4_rolling_60,low_vol,low_vol,605464
ETHUSDT,1m,hmm_4_states,quantile_4_rolling_60,low_vol,medium_vol,404675
ETHUSDT,1m,hmm_4_states,quantile_4_rolling_60,medium_vol,extreme_vol,402976
ETHUSDT,1m,hmm_4_states,quantile_4_rolling_60,medium_vol,high_vol,450770
ETHUSDT,1m,hmm_4_states,quantile_4_rolling_60,medium_vol,low_vol,174489
ETHUSDT,1m,hmm_4_states,quantile_4_rolling_60,medium_vol,medium_vol,353400
ETHUSDT,5m,hmm_4_states,quantile_2_rolling_240,extreme_vol,high_vol,37207
ETHUSDT,5m,hmm_4_states,quantile_2_rolling_240,extreme_vol,low_vol,3393
ETHUSDT,5m,hmm_4_states,quantile_2_rolling_240,high_vol,high_vol,140190
ETHUSDT,5m,hmm_4_states,quantile_2_rolling_240,high_vol,low_vol,45962
ETHUSDT,5m,hmm_4_states,quantile_2_rolling_240,low_vol,high_vol,53504
ETHUSDT,5m,hmm_4_states,quantile_2_rolling_240,low_vol,low_vol,135634
ETHUSDT,5m,hmm_4_states,quantile_2_rolling_240,medium_vol,high_vol,84516
ETHUSDT,5m,hmm_4_states,quantile_2_rolling_240,medium_vol,low_vol,130428
ETHUSDT,5m,hmm_4_states,quantile_2_rolling_30,extreme_vol,high_vol,37207
ETHUSDT,5m,hmm_4_states,quantile_2_rolling_30,extreme_vol,low_vol,3393
ETHUSDT,5m,hmm_4_states,quantile_2_rolling_30,high_vol,high_vol,140190
ETHUSDT,5m,hmm_4_states,quantile_2_rolling_30,high_vol,low_vol,45962
ETHUSDT,5m,hmm_4_states,quantile_2_rolling_30,low_vol,high_vol,53504
ETHUSDT,5m,hmm_4_states,quantile_2_rolling_30,low_vol,low_vol,135634
ETHUSDT,5m,hmm_4_states,quantile_2_rolling_30,medium_vol,high_vol,84516
ETHUSDT,5m,hmm_4_states,quantile_2_rolling_30,medium_vol,low_vol,130428
ETHUSDT,5m,hmm_4_states,quantile_2_rolling_60,extreme_vol,high_vol,37207
ETHUSDT,5m,hmm_4_states,quantile_2_rolling_60,extreme_vol,low_vol,3393
ETHUSDT,5m,hmm_4_states,quantile_2_rolling_60,high_vol,high_vol,140190
ETHUSDT,5m,hmm_4_states,quantile_2_rolling_60,high_vol,low_vol,45962
ETHUSDT,5m,hmm_4_states,quantile_2_rolling_60,low_vol,high_vol,53504
ETHUSDT,5m,hmm_4_states,quantile_2_rolling_60,low_vol,low_vol,135634
ETHUSDT,5m,hmm_4_states,quantile_2_rolling_60,medium_vol,high_vol,84516
ETHUSDT,5m,hmm_4_states,quantile_2_rolling_60,medium_vol,low_vol,130428
ETHUSDT,5m,hmm_4_states,quantile_3_rolling_240,extreme_vol,high_vol,33696
ETHUSDT,5m,hmm_4_states,quantile_3_rolling_240,extreme_vol,low_vol,1488
ETHUSDT,5m,hmm_4_states,quantile_3_rolling_240,extreme_vol,medium_vol,5416
ETHUSDT,5m,hmm_4_states,quantile_3_rolling_240,high_vol,high_vol,105651
ETHUSDT,5m,hmm_4_states,quantile_3_rolling_240,high_vol,low_vol,21338
ETHUSDT,5m,hmm_4_states,quantile_3_rolling_240,high_vol,medium_vol,59163
ETHUSDT,5m,hmm_4_states,quantile_3_rolling_240,low_vol,high_vol,27839
ETHUSDT,5m,hmm_4_states,quantile_3_rolling_240,low_vol,low_vol,103706
ETHUSDT,5m,hmm_4_states,quantile_3_rolling_240,low_vol,medium_vol,57593
ETHUSDT,5m,hmm_4_states,quantile_3_rolling_240,medium_vol,high_vol,43092
ETHUSDT,5m,hmm_4_states,quantile_3_rolling_240,medium_vol,low_vol,83746
ETHUSDT,5m,hmm_4_states,quantile_3_rolling_240,medium_vol,medium_vol,88106
ETHUSDT,5m,hmm_4_states,quantile_3_rolling_30,extreme_vol,high_vol,33696
ETHUSDT,5m,hmm_4_states,quantile_3_rolling_30,extreme_vol,low_vol,1488
ETHUSDT,5m,hmm_4_states,quantile_3_rolling_30,extreme_vol,medium_vol,5416
ETHUSDT,5m,hmm_4_states,quantile_3_rolling_30,high_vol,high_vol,105651
ETHUSDT,5m,hmm_4_states,quantile_3_rolling_30,high_vol,low_vol,21338
ETHUSDT,5m,hmm_4_states,quantile_3_rolling_30,high_vol,medium_vol,59163
ETHUSDT,5m,hmm_4_states,quantile_3_rolling_30,low_vol,high_vol,27839
ETHUSDT,5m,hmm_4_states,quantile_3_rolling_30,low_vol,low_vol,103706
ETHUSDT,5m,hmm_4_states,quantile_3_rolling_30,low_vol,medium_vol,57593
ETHUSDT,5m,hmm_4_states,quantile_3_rolling_30,medium_vol,high_vol,43092
ETHUSDT,5m,hmm_4_states,quantile_3_rolling_30,medium_vol,low_vol,83746
ETHUSDT,5m,hmm_4_states,quantile_3_rolling_30,medium_vol,medium_vol,88106
ETHUSDT,5m,hmm_4_states,quantile_3_rolling_60,extreme_vol,high_vol,33696
ETHUSDT,5m,hmm_4_states,quantile_3_rolling_60,extreme_vol,low_vol,1488
ETHUSDT,5m,hmm_4_states,quantile_3_rolling_60,extreme_vol,medium_vol,5416
ETHUSDT,5m,hmm_4_states,quantile_3_rolling_60,high_vol,high_vol,105651
ETHUSDT,5m,hmm_4_states,quantile_3_rolling_60,high_vol,low_vol,21338
ETHUSDT,5m,hmm_4_states,quantile_3_rolling_60,high_vol,medium_vol,59163
ETHUSDT,5m,hmm_4_states,quantile_3_rolling_60,low_vol,high_vol,27839
ETHUSDT,5m,hmm_4_states,quantile_3_rolling_60,low_vol,low_vol,103706
ETHUSDT,5m,hmm_4_states,quantile_3_rolling_60,low_vol,medium_vol,57593
ETHUSDT,5m,hmm_4_states,quantile_3_rolling_60,medium_vol,high_vol,43092
ETHUSDT,5m,hmm_4_states,quantile_3_rolling_60,medium_vol,low_vol,83746
ETHUSDT,5m,hmm_4_states,quantile_3_rolling_60,medium_vol,medium_vol,88106
ETHUSDT,5m,hmm_4_states,quantile_4_rolling_240,extreme_vol,extreme_vol,30963
ETHUSDT,5m,hmm_4_states,quantile_4_rolling_240,extreme_vol,high_vol,6244
ETHUSDT,5m,hmm_4_states,quantile_4_rolling_240,extreme_vol,low_vol,892
ETHUSDT,5m,hmm_4_states,quantile_4_rolling_240,extreme_vol,medium_vol,2501
ETHUSDT,5m,hmm_4_states,quantile_4_rolling_240,high_vol,extreme_vol,84002
ETHUSDT,5m,hmm_4_states,quantile_4_rolling_240,high_vol,high_vol,56188
ETHUSDT,5m,hmm_4_states,quantile_4_rolling_240,high_vol,low_vol,12431
ETHUSDT,5m,hmm_4_states,quantile_4_rolling_240,high_vol,medium_vol,33531
ETHUSDT,5m,hmm_4_states,quantile_4_rolling_240,low_vol,extreme_vol,17464
ETHUSDT,5m,hmm_4_states,quantile_4_rolling_240,low_vol,high_vol,36040
ETHUSDT,5m,hmm_4_states,quantile_4_rolling_240,low_vol,low_vol,84414
ETHUSDT,5m,hmm_4_states,quantile_4_rolling_240,low_vol,medium_vol,51220
ETHUSDT,5m,hmm_4_states,quantile_4_rolling_240,medium_vol,extreme_vol,25280
ETHUSDT,5m,hmm_4_states,quantile_4_rolling_240,medium_vol,high_vol,59236
ETHUSDT,5m,hmm_4_states,quantile_4_rolling_240,medium_vol,low_vol,59972
ETHUSDT,5m,hmm_4_states,quantile_4_rolling_240,medium_vol,medium_vol,70456
ETHUSDT,5m,hmm_4_states,quantile_4_rolling_30,extreme_vol,extreme_vol,30963
ETHUSDT,5m,hmm_4_states,quantile_4_rolling_30,extreme_vol,high_vol,6244
ETHUSDT,5m,hmm_4_states,quantile_4_rolling_30,extreme_vol,low_vol,892
ETHUSDT,5m,hmm_4_states,quantile_4_rolling_30,extreme_vol,medium_vol,2501
ETHUSDT,5m,hmm_4_states,quantile_4_rolling_30,high_vol,extreme_vol,84002
ETHUSDT,5m,hmm_4_states,quantile_4_rolling_30,high_vol,high_vol,56188
ETHUSDT,5m,hmm_4_states,quantile_4_rolling_30,high_vol,low_vol,12431
ETHUSDT,5m,hmm_4_states,quantile_4_rolling_30,high_vol,medium_vol,33531
ETHUSDT,5m,hmm_4_states,quantile_4_rolling_30,low_vol,extreme_vol,17464
ETHUSDT,5m,hmm_4_states,quantile_4_rolling_30,low_vol,high_vol,36040
ETHUSDT,5m,hmm_4_states,quantile_4_rolling_30,low_vol,low_vol,84414
ETHUSDT,5m,hmm_4_states,quantile_4_rolling_30,low_vol,medium_vol,51220
ETHUSDT,5m,hmm_4_states,quantile_4_rolling_30,medium_vol,extreme_vol,25280
ETHUSDT,5m,hmm_4_states,quantile_4_rolling_30,medium_vol,high_vol,59236
ETHUSDT,5m,hmm_4_states,quantile_4_rolling_30,medium_vol,low_vol,59972
ETHUSDT,5m,hmm_4_states,quantile_4_rolling_30,medium_vol,medium_vol,70456
ETHUSDT,5m,hmm_4_states,quantile_4_rolling_60,extreme_vol,extreme_vol,30963
ETHUSDT,5m,hmm_4_states,quantile_4_rolling_60,extreme_vol,high_vol,6244
ETHUSDT,5m,hmm_4_states,quantile_4_rolling_60,extreme_vol,low_vol,892
ETHUSDT,5m,hmm_4_states,quantile_4_rolling_60,extreme_vol,medium_vol,2501
ETHUSDT,5m,hmm_4_states,quantile_4_rolling_60,high_vol,extreme_vol,84002
ETHUSDT,5m,hmm_4_states,quantile_4_rolling_60,high_vol,high_vol,56188
ETHUSDT,5m,hmm_4_states,quantile_4_rolling_60,high_vol,low_vol,12431
ETHUSDT,5m,hmm_4_states,quantile_4_rolling_60,high_vol,medium_vol,33531
ETHUSDT,5m,hmm_4_states,quantile_4_rolling_60,low_vol,extreme_vol,17464
ETHUSDT,5m,hmm_4_states,quantile_4_rolling_60,low_vol,high_vol,36040
ETHUSDT,5m,hmm_4_states,quantile_4_rolling_60,low_vol,low_vol,84414
ETHUSDT,5m,hmm_4_states,quantile_4_rolling_60,low_vol,medium_vol,51220
ETHUSDT,5m,hmm_4_states,quantile_4_rolling_60,medium_vol,extreme_vol,25280
ETHUSDT,5m,hmm_4_states,quantile_4_rolling_60,medium_vol,high_vol,59236
ETHUSDT,5m,hmm_4_states,quantile_4_rolling_60,medium_vol,low_vol,59972
ETHUSDT,5m,hmm_4_states,quantile_4_rolling_60,medium_vol,medium_vol,70456
EURUSD,1d,hmm_4_states,quantile_2_rolling_240,extreme_vol,high_vol,308
EURUSD,1d,hmm_4_states,quantile_2_rolling_240,extreme_vol,low_vol,53
EURUSD,1d,hmm_4_states,quantile_2_rolling_240,high_vol,high_vol,400
EURUSD,1d,hmm_4_states,quantile_2_rolling_240,high_vol,low_vol,365
EURUSD,1d,hmm_4_states,quantile_2_rolling_240,low_vol,high_vol,317
EURUSD,1d,hmm_4_states,quantile_2_rolling_240,low_vol,low_vol,504
EURUSD,1d,hmm_4_states,quantile_2_rolling_240,medium_vol,high_vol,407
EURUSD,1d,hmm_4_states,quantile_2_rolling_240,medium_vol,low_vol,509
EURUSD,1d,hmm_4_states,quantile_2_rolling_30,extreme_vol,high_vol,308
EURUSD,1d,hmm_4_states,quantile_2_rolling_30,extreme_vol,low_vol,53
EURUSD,1d,hmm_4_states,quantile_2_rolling_30,high_vol,high_vol,400
EURUSD,1d,hmm_4_states,quantile_2_rolling_30,high_vol,low_vol,365
EURUSD,1d,hmm_4_states,quantile_2_rolling_30,low_vol,high_vol,317
EURUSD,1d,hmm_4_states,quantile_2_rolling_30,low_vol,low_vol,504
EURUSD,1d,hmm_4_states,quantile_2_rolling_30,medium_vol,high_vol,407
EURUSD,1d,hmm_4_states,quantile_2_rolling_30,medium_vol,low_vol,509
EURUSD,1d,hmm_4_states,quantile_2_rolling_60,extreme_vol,high_vol,308
EURUSD,1d,hmm_4_states,quantile_2_rolling_60,extreme_vol,low_vol,53
EURUSD,1d,hmm_4_states,quantile_2_rolling_60,high_vol,high_vol,400
EURUSD,1d,hmm_4_states,quantile_2_rolling_60,high_vol,low_vol,365
EURUSD,1d,hmm_4_states,quantile_2_rolling_60,low_vol,high_vol,317
EURUSD,1d,hmm_4_states,quantile_2_rolling_60,low_vol,low_vol,504
EURUSD,1d,hmm_4_states,quantile_2_rolling_60,medium_vol,high_vol,407
EURUSD,1d,hmm_4_states,quantile_2_rolling_60,medium_vol,low_vol,509
EURUSD,1d,hmm_4_states,quantile_3_rolling_240,extreme_vol,high_vol,267
EURUSD,1d,hmm_4_states,quantile_3_rolling_240,extreme_vol,low_vol,25
EURUSD,1d,hmm_4_states,quantile_3_rolling_240,extreme_vol,medium_vol,69
EURUSD,1d,hmm_4_states,quantile_3_rolling_240,high_vol,high_vol,234
EURUSD,1d,hmm_4_states,quantile_3_rolling_240,high_vol,low_vol,219
EURUSD,1d,hmm_4_states,quantile_3_rolling_240,high_vol,medium_vol,312
EURUSD,1d,hmm_4_states,quantile_3_rolling_240,low_vol,high_vol,196
EURUSD,1d,hmm_4_states,quantile_3_rolling_240,low_vol,low_vol,368
EURUSD,1d,hmm_4_states,quantile_3_rolling_240,low_vol,medium_vol,257
EURUSD,1d,hmm_4_states,quantile_3_rolling_240,medium_vol,high_vol,258
EURUSD,1d,hmm_4_states,quantile_3_rolling_240,medium_vol,low_vol,342
EURUSD,1d,hmm_4_states,quantile_3_rolling_240,medium_vol,medium_vol,316
EURUSD,1d,hmm_4_states,quantile_3_rolling_30,extreme_vol,high_vol,267
EURUSD,1d,hmm_4_states,quantile_3_rolling_30,extreme_vol,low_vol,25
EURUSD,1d,hmm_4_states,quantile_3_rolling_30,extreme_vol,medium_vol,69
EURUSD,1d,hmm_4_states,quantile_3_rolling_30,high_vol,high_vol,234
EURUSD,1d,hmm_4_states,quantile_3_rolling_30,high_vol,low_vol,219
EURUSD,1d,hmm_4_states,quantile_3_rolling_30,high_vol,medium_vol,312
EURUSD,1d,hmm_4_states,quantile_3_rolling_30,low_vol,high_vol,196
EURUSD,1d,hmm_4_states,quantile_3_rolling_30,low_vol,low_vol,368
EURUSD,1d,hmm_4_states,quantile_3_rolling_30,low_vol,medium_vol,257
EURUSD,1d,hmm_4_states,quantile_3_rolling_30,medium_vol,high_vol,258
EURUSD,1d,hmm_4_states,quantile_3_rolling_30,medium_vol,low_vol,342
EURUSD,1d,hmm_4_states,quantile_3_rolling_30,medium_vol,medium_vol,316
EURUSD,1d,hmm_4_states,quantile_3_rolling_60,extreme_vol,high_vol,267
EURUSD,1d,hmm_4_states,quantile_3_rolling_60,extreme_vol,low_vol,25
EURUSD,1d,hmm_4_states,quantile_3_rolling_60,extreme_vol,medium_vol,69
EURUSD,1d,hmm_4_states,quantile_3_rolling_60,high_vol,high_vol,234
EURUSD,1d,hmm_4_states,quantile_3_rolling_60,high_vol,low_vol,219
EURUSD,1d,hmm_4_states,quantile_3_rolling_60,high_vol,medium_vol,312
EURUSD,1d,hmm_4_states,quantile_3_rolling_60,low_vol,high_vol,196
EURUSD,1d,hmm_4_states,quantile_3_rolling_60,low_vol,low_vol,368
EURUSD,1d,hmm_4_states,quantile_3_rolling_60,low_vol,medium_vol,257
EURUSD,1d,hmm_4_states,quantile_3_rolling_60,medium_vol,high_vol,258
EURUSD,1d,hmm_4_states,quantile_3_rolling_60,medium_vol,low_vol,342
EURUSD,1d,hmm_4_states,quantile_3_rolling_60,medium_vol,medium_vol,316
EURUSD,1d,hmm_4_states,quantile_4_rolling_240,extreme_vol,extreme_vol,229
EURUSD,1d,hmm_4_states,quantile_4_rolling_240,extreme_vol,high_vol,79
EURUSD,1d,hmm_4_states,quantile_4_rolling_240,extreme_vol,low_vol,15
EURUSD,1d,hmm_4_states,quantile_4_rolling_240,extreme_vol,medium_vol,38
EURUSD,1d,hmm_4_states,quantile_4_rolling_240,high_vol,extreme_vol,168
EURUSD,1d,hmm_4_states,quantile_4_rolling_240,high_vol,high_vol,232
EURUSD,1d,hmm_4_states,quantile_4_rolling_240,high_vol,low_vol,143
EURUSD,1d,hmm_4_states,quantile_4_rolling_240,high_vol,medium_vol,222
EURUSD,1d,hmm_4_states,quantile_4_rolling_240,low_vol,extreme_vol,139
EURUSD,1d,hmm_4_states,quantile_4_rolling_240,low_vol,high_vol,178
EURUSD,1d,hmm_4_states,quantile_4_rolling_240,low_vol,low_vol,304
EURUSD,1d,hmm_4_states,quantile_4_rolling_240,low_vol,medium_vol,200
EURUSD,1d,hmm_4_states,quantile_4_rolling_240,medium_vol,extreme_vol,180
EURUSD,1d,hmm_4_states,quantile_4_rolling_240,medium_vol,high_vol,227
EURUSD,1d,hmm_4_states,quantile_4_rolling_240,medium_vol,low_vol,254
EURUSD,1d,hmm_4_states,quantile_4_rolling_240,medium_vol,medium_vol,255
EURUSD,1d,hmm_4_states,quantile_4_rolling_30,extreme_vol,extreme_vol,229
EURUSD,1d,hmm_4_states,quantile_4_rolling_30,extreme_vol,high_vol,79
EURUSD,1d,hmm_4_states,quantile_4_rolling_30,extreme_vol,low_vol,15
EURUSD,1d,hmm_4_states,quantile_4_rolling_30,extreme_vol,medium_vol,38
EURUSD,1d,hmm_4_states,quantile_4_rolling_30,high_vol,extreme_vol,168
EURUSD,1d,hmm_4_states,quantile_4_rolling_30,high_vol,high_vol,232
EURUSD,1d,hmm_4_states,quantile_4_rolling_30,high_vol,low_vol,143
EURUSD,1d,hmm_4_states,quantile_4_rolling_30,high_vol,medium_vol,222
EURUSD,1d,hmm_4_states,quantile_4_rolling_30,low_vol,extreme_vol,139
EURUSD,1d,hmm_4_states,quantile_4_rolling_30,low_vol,high_vol,178
EURUSD,1d,hmm_4_states,quantile_4_rolling_30,low_vol,low_vol,304
EURUSD,1d,hmm_4_states,quantile_4_rolling_30,low_vol,medium_vol,200
EURUSD,1d,hmm_4_states,quantile_4_rolling_30,medium_vol,extreme_vol,180
EURUSD,1d,hmm_4_states,quantile_4_rolling_30,medium_vol,high_vol,227
EURUSD,1d,hmm_4_states,quantile_4_rolling_30,medium_vol,low_vol,254
EURUSD,1d,hmm_4_states,quantile_4_rolling_30,medium_vol,medium_vol,255
EURUSD,1d,hmm_4_states,quantile_4_rolling_60,extreme_vol,extreme_vol,229
EURUSD,1d,hmm_4_states,quantile_4_rolling_60,extreme_vol,high_vol,79
EURUSD,1d,hmm_4_states,quantile_4_rolling_60,extreme_vol,low_vol,15
EURUSD,1d,hmm_4_states,quantile_4_rolling_60,extreme_vol,medium_vol,38
EURUSD,1d,hmm_4_states,quantile_4_rolling_60,high_vol,extreme_vol,168
EURUSD,1d,hmm_4_states,quantile_4_rolling_60,high_vol,high_vol,232
EURUSD,1d,hmm_4_states,quantile_4_rolling_60,high_vol,low_vol,143
EURUSD,1d,hmm_4_states,quantile_4_rolling_60,high_vol,medium_vol,222
EURUSD,1d,hmm_4_states,quantile_4_rolling_60,low_vol,extreme_vol,139
EURUSD,1d,hmm_4_states,quantile_4_rolling_60,low_vol,high_vol,178
EURUSD,1d,hmm_4_states,quantile_4_rolling_60,low_vol,low_vol,304
EURUSD,1d,hmm_4_states,quantile_4_rolling_60,low_vol,medium_vol,200
EURUSD,1d,hmm_4_states,quantile_4_rolling_60,medium_vol,extreme_vol,180
EURUSD,1d,hmm_4_states,quantile_4_rolling_60,medium_vol,high_vol,227
EURUSD,1d,hmm_4_states,quantile_4_rolling_60,medium_vol,low_vol,254
EURUSD,1d,hmm_4_states,quantile_4_rolling_60,medium_vol,medium_vol,255
GBPUSD,1d,hmm_4_states,quantile_2_rolling_240,extreme_vol,high_vol,1
GBPUSD,1d,hmm_4_states,quantile_2_rolling_240,high_vol,high_vol,417
GBPUSD,1d,hmm_4_states,quantile_2_rolling_240,high_vol,low_vol,99
GBPUSD,1d,hmm_4_states,quantile_2_rolling_240,low_vol,high_vol,421
GBPUSD,1d,hmm_4_states,quantile_2_rolling_240,low_vol,low_vol,636
GBPUSD,1d,hmm_4_states,quantile_2_rolling_240,medium_vol,high_vol,593
GBPUSD,1d,hmm_4_states,quantile_2_rolling_240,medium_vol,low_vol,696
GBPUSD,1d,hmm_4_states,quantile_2_rolling_30,extreme_vol,high_vol,1
GBPUSD,1d,hmm_4_states,quantile_2_rolling_30,high_vol,high_vol,417
GBPUSD,1d,hmm_4_states,quantile_2_rolling_30,high_vol,low_vol,99
GBPUSD,1d,hmm_4_states,quantile_2_rolling_30,low_vol,high_vol,421
GBPUSD,1d,hmm_4_states,quantile_2_rolling_30,low_vol,low_vol,636
GBPUSD,1d,hmm_4_states,quantile_2_rolling_30,medium_vol,high_vol,593
GBPUSD,1d,hmm_4_states,quantile_2_rolling_30,medium_vol,low_vol,696
GBPUSD,1d,hmm_4_states,quantile_2_rolling_60,extreme_vol,high_vol,1
GBPUSD,1d,hmm_4_states,quantile_2_rolling_60,high_vol,high_vol,417
GBPUSD,1d,hmm_4_states,quantile_2_rolling_60,high_vol,low_vol,99
GBPUSD,1d,hmm_4_states,quantile_2_rolling_60,low_vol,high_vol,421
GBPUSD,1d,hmm_4_states,quantile_2_rolling_60,low_vol,low_vol,636
GBPUSD,1d,hmm_4_states,quantile_2_rolling_60,medium_vol,high_vol,593
GBPUSD,1d,hmm_4_states,quantile_2_rolling_60,medium_vol,low_vol,696
GBPUSD,1d,hmm_4_states,quantile_3_rolling_240,extreme_vol,high_vol,1
GBPUSD,1d,hmm_4_states,quantile_3_rolling_240,high_vol,high_vol,362
GBPUSD,1d,hmm_4_states,quantile_3_rolling_240,high_vol,low_vol,48
GBPUSD,1d,hmm_4_states,quantile_3_rolling_240,high_vol,medium_vol,106
GBPUSD,1d,hmm_4_states,quantile_3_rolling_240,low_vol,high_vol,243
GBPUSD,1d,hmm_4_states,quantile_3_rolling_240,low_vol,low_vol,449
GBPUSD,1d,hmm_4_states,quantile_3_rolling_240,low_vol,medium_vol,365
GBPUSD,1d,hmm_4_states,quantile_3_rolling_240,medium_vol,high_vol,349
GBPUSD,1d,hmm_4_states,quantile_3_rolling_240,medium_vol,low_vol,457
GBPUSD,1d,hmm_4_states,quantile_3_rolling_240,medium_vol,medium_vol,483
GBPUSD,1d,hmm_4_states,quantile_3_rolling_30,extreme_vol,high_vol,1
GBPUSD,1d,hmm_4_states,quantile_3_rolling_30,high_vol,high_vol,362
GBPUSD,1d,hmm_4_states,quantile_3_rolling_30,high_vol,low_vol,48
GBPUSD,1d,hmm_4_states,quantile_3_rolling_30,high_vol,medium_vol,106
GBPUSD,1d,hmm_4_states,quantile_3_rolling_30,low_vol,high_vol,243
GBPUSD,1d,hmm_4_states,quantile_3_rolling_30,low_vol,low_vol,449
GBPUSD,1d,hmm_4_states,quantile_3_rolling_30,low_vol,medium_vol,365
GBPUSD,1d,hmm_4_states,quantile_3_rolling_30,medium_vol,high_vol,349
GBPUSD,1d,hmm_4_states,quantile_3_rolling_30,medium_vol,low_vol,457
GBPUSD,1d,hmm_4_states,quantile_3_rolling_30,medium_vol,medium_vol,483
GBPUSD,1d,hmm_4_states,quantile_3_rolling_60,extreme_vol,high_vol,1
GBPUSD,1d,hmm_4_states,quantile_3_rolling_60,high_vol,high_vol,362
GBPUSD,1d,hmm_4_states,quantile_3_rolling_60,high_vol,low_vol,48
GBPUSD,1d,hmm_4_states,quantile_3_rolling_60,high_vol,medium_vol,106
GBPUSD,1d,hmm_4_states,quantile_3_rolling_60,low_vol,high_vol,243
GBPUSD,1d,hmm_4_states,quantile_3_rolling_60,low_vol,low_vol,449
GBPUSD,1d,hmm_4_states,quantile_3_rolling_60,low_vol,medium_vol,365
GBPUSD,1d,hmm_4_states,quantile_3_rolling_60,medium_vol,high_vol,349
GBPUSD,1d,hmm_4_states,quantile_3_rolling_60,medium_vol,low_vol,457
GBPUSD,1d,hmm_4_states,quantile_3_rolling_60,medium_vol,medium_vol,483
GBPUSD,1d,hmm_4_states,quantile_4_rolling_240,extreme_vol,extreme_vol,1
GBPUSD,1d,hmm_4_states,quantile_4_rolling_240,high_vol,extreme_vol,324
GBPUSD,1d,hmm_4_states,quantile_4_rolling_240,high_vol,high_vol,93
GBPUSD,1d,hmm_4_states,quantile_4_rolling_240,high_vol,low_vol,30
GBPUSD,1d,hmm_4_states,quantile_4_rolling_240,high_vol,medium_vol,69
GBPUSD,1d,hmm_4_states,quantile_4_rolling_240,low_vol,extreme_vol,164
GBPUSD,1d,hmm_4_states,quantile_4_rolling_240,low_vol,high_vol,257
GBPUSD,1d,hmm_4_states,quantile_4_rolling_240,low_vol,low_vol,343
GBPUSD,1d,hmm_4_states,quantile_4_rolling_240,low_vol,medium_vol,293
GBPUSD,1d,hmm_4_states,quantile_4_rolling_240,medium_vol,extreme_vol,241
GBPUSD,1d,hmm_4_states,quantile_4_rolling_240,medium_vol,high_vol,352
GBPUSD,1d,hmm_4_states,quantile_4_rolling_240,medium_vol,low_vol,343
GBPUSD,1d,hmm_4_states,quantile_4_rolling_240,medium_vol,medium_vol,353
GBPUSD,1d,hmm_4_states,quantile_4_rolling_30,extreme_vol,extreme_vol,1
GBPUSD,1d,hmm_4_states,quantile_4_rolling_30,high_vol,extreme_vol,324
GBPUSD,1d,hmm_4_states,quantile_4_rolling_30,high_vol,high_vol,93
GBPUSD,1d,hmm_4_states,quantile_4_rolling_30,high_vol,low_vol,30
GBPUSD,1d,hmm_4_states,quantile_4_rolling_30,high_vol,medium_vol,69
GBPUSD,1d,hmm_4_states,quantile_4_rolling_30,low_vol,extreme_vol,164
GBPUSD,1d,hmm_4_states,quantile_4_rolling_30,low_vol,high_vol,257
GBPUSD,1d,hmm_4_states,quantile_4_rolling_30,low_vol,low_vol,343
GBPUSD,1d,hmm_4_states,quantile_4_rolling_30,low_vol,medium_vol,293
GBPUSD,1d,hmm_4_states,quantile_4_rolling_30,medium_vol,extreme_vol,241
GBPUSD,1d,hmm_4_states,quantile_4_rolling_30,medium_vol,high_vol,352
GBPUSD,1d,hmm_4_states,quantile_4_rolling_30,medium_vol,low_vol,343
GBPUSD,1d,hmm_4_states,quantile_4_rolling_30,medium_vol,medium_vol,353
GBPUSD,1d,hmm_4_states,quantile_4_rolling_60,extreme_vol,extreme_vol,1
GBPUSD,1d,hmm_4_states,quantile_4_rolling_60,high_vol,extreme_vol,324
GBPUSD,1d,hmm_4_states,quantile_4_rolling_60,high_vol,high_vol,93
GBPUSD,1d,hmm_4_states,quantile_4_rolling_60,high_vol,low_vol,30
GBPUSD,1d,hmm_4_states,quantile_4_rolling_60,high_vol,medium_vol,69
GBPUSD,1d,hmm_4_states,quantile_4_rolling_60,low_vol,extreme_vol,164
GBPUSD,1d,hmm_4_states,quantile_4_rolling_60,low_vol,high_vol,257
GBPUSD,1d,hmm_4_states,quantile_4_rolling_60,low_vol,low_vol,343
GBPUSD,1d,hmm_4_states,quantile_4_rolling_60,low_vol,medium_vol,293
GBPUSD,1d,hmm_4_states,quantile_4_rolling_60,medium_vol,extreme_vol,241
GBPUSD,1d,hmm_4_states,quantile_4_rolling_60,medium_vol,high_vol,352
GBPUSD,1d,hmm_4_states,quantile_4_rolling_60,medium_vol,low_vol,343
GBPUSD,1d,hmm_4_states,quantile_4_rolling_60,medium_vol,medium_vol,353
NASDAQ100,1d,hmm_4_states,quantile_2_rolling_240,extreme_vol,high_vol,374
NASDAQ100,1d,hmm_4_states,quantile_2_rolling_240,extreme_vol,low_vol,36
NASDAQ100,1d,hmm_4_states,quantile_2_rolling_240,high_vol,high_vol,640
NASDAQ100,1d,hmm_4_states,quantile_2_rolling_240,high_vol,low_vol,461
NASDAQ100,1d,hmm_4_states,quantile_2_rolling_240,low_vol,high_vol,439
NASDAQ100,1d,hmm_4_states,quantile_2_rolling_240,low_vol,low_vol,725
NASDAQ100,1d,hmm_4_states,quantile_2_rolling_240,medium_vol,high_vol,559
NASDAQ100,1d,hmm_4_states,quantile_2_rolling_240,medium_vol,low_vol,790
NASDAQ100,1d,hmm_4_states,quantile_2_rolling_30,extreme_vol,high_vol,374
NASDAQ100,1d,hmm_4_states,quantile_2_rolling_30,extreme_vol,low_vol,36
NASDAQ100,1d,hmm_4_states,quantile_2_rolling_30,high_vol,high_vol,640
NASDAQ100,1d,hmm_4_states,quantile_2_rolling_30,high_vol,low_vol,461
NASDAQ100,1d,hmm_4_states,quantile_2_rolling_30,low_vol,high_vol,439
NASDAQ100,1d,hmm_4_states,quantile_2_rolling_30,low_vol,low_vol,725
NASDAQ100,1d,hmm_4_states,quantile_2_rolling_30,medium_vol,high_vol,559
NASDAQ100,1d,hmm_4_states,quantile_2_rolling_30,medium_vol,low_vol,790
NASDAQ100,1d,hmm_4_states,quantile_2_rolling_60,extreme_vol,high_vol,374
NASDAQ100,1d,hmm_4_states,quantile_2_rolling_60,extreme_vol,low_vol,36
NASDAQ100,1d,hmm_4_states,quantile_2_rolling_60,high_vol,high_vol,640
NASDAQ100,1d,hmm_4_states,quantile_2_rolling_60,high_vol,low_vol,461
NASDAQ100,1d,hmm_4_states,quantile_2_rolling_60,low_vol,high_vol,439
NASDAQ100,1d,hmm_4_states,quantile_2_rolling_60,low_vol,low_vol,725
NASDAQ100,1d,hmm_4_states,quantile_2_rolling_60,medium_vol,high_vol,559
NASDAQ100,1d,hmm_4_states,quantile_2_rolling_60,medium_vol,low_vol,790
NASDAQ100,1d,hmm_4_states,quantile_3_rolling_240,extreme_vol,high_vol,325
NASDAQ100,1d,hmm_4_states,quantile_3_rolling_240,extreme_vol,low_vol,16
NASDAQ100,1d,hmm_4_states,quantile_3_rolling_240,extreme_vol,medium_vol,69
NASDAQ100,1d,hmm_4_states,quantile_3_rolling_240,high_vol,high_vol,432
NASDAQ100,1d,hmm_4_states,quantile_3_rolling_240,high_vol,low_vol,284
NASDAQ100,1d,hmm_4_states,quantile_3_rolling_240,high_vol,medium_vol,385
NASDAQ100,1d,hmm_4_states,quantile_3_rolling_240,low_vol,high_vol,258
NASDAQ100,1d,hmm_4_states,quantile_3_rolling_240,low_vol,low_vol,502
NASDAQ100,1d,hmm_4_states,quantile_3_rolling_240,low_vol,medium_vol,404
NASDAQ100,1d,hmm_4_states,quantile_3_rolling_240,medium_vol,high_vol,327
NASDAQ100,1d,hmm_4_states,quantile_3_rolling_240,medium_vol,low_vol,539
NASDAQ100,1d,hmm_4_states,quantile_3_rolling_240,medium_vol,medium_vol,483
NASDAQ100,1d,hmm_4_states,quantile_3_rolling_30,extreme_vol,high_vol,325
NASDAQ100,1d,hmm_4_states,quantile_3_rolling_30,extreme_vol,low_vol,16
NASDAQ100,1d,hmm_4_states,quantile_3_rolling_30,extreme_vol,medium_vol,69
NASDAQ100,1d,hmm_4_states,quantile_3_rolling_30,high_vol,high_vol,432
NASDAQ100,1d,hmm_4_states,quantile_3_rolling_30,high_vol,low_vol,284
NASDAQ100,1d,hmm_4_states,quantile_3_rolling_30,high_vol,medium_vol,385
NASDAQ100,1d,hmm_4_states,quantile_3_rolling_30,low_vol,high_vol,258
NASDAQ100,1d,hmm_4_states,quantile_3_rolling_30,low_vol,low_vol,502
NASDAQ100,1d,hmm_4_states,quantile_3_rolling_30,low_vol,medium_vol,404
NASDAQ100,1d,hmm_4_states,quantile_3_rolling_30,medium_vol,high_vol,327
NASDAQ100,1d,hmm_4_states,quantile_3_rolling_30,medium_vol,low_vol,539
NASDAQ100,1d,hmm_4_states,quantile_3_rolling_30,medium_vol,medium_vol,483
NASDAQ100,1d,hmm_4_states,quantile_3_rolling_60,extreme_vol,high_vol,325
NASDAQ100,1d,hmm_4_states,quantile_3_rolling_60,extreme_vol,low_vol,16
NASDAQ100,1d,hmm_4_states,quantile_3_rolling_60,extreme_vol,medium_vol,69
NASDAQ100,1d,hmm_4_states,quantile_3_rolling_60,high_vol,high_vol,432
NASDAQ100,1d,hmm_4_states,quantile_3_rolling_60,high_vol,low_vol,284
NASDAQ100,1d,hmm_4_states,quantile_3_rolling_60,high_vol,medium_vol,385
NASDAQ100,1d,hmm_4_states,quantile_3_rolling_60,low_vol,high_vol,258
NASDAQ100,1d,hmm_4_states,quantile_3_rolling_60,low_vol,low_vol,502
NASDAQ100,1d,hmm_4_states,quantile_3_rolling_60,low_vol,medium_vol,404
NASDAQ100,1d,hmm_4_states,quantile_3_rolling_60,medium_vol,high_vol,327
NASDAQ100,1d,hmm_4_states,quantile_3_rolling_60,medium_vol,low_vol,539
NASDAQ100,1d,hmm_4_states,quantile_3_rolling_60,medium_vol,medium_vol,483
NASDAQ100,1d,hmm_4_states,quantile_4_rolling_240,extreme_vol,extreme_vol,273
NASDAQ100,1d,hmm_4_states,quantile_4_rolling_240,extreme_vol,high_vol,101
NASDAQ100,1d,hmm_4_states,quantile_4_rolling_240,extreme_vol,low_vol,7
NASDAQ100,1d,hmm_4_states,quantile_4_rolling_240,extreme_vol,medium_vol,29
NASDAQ100,1d,hmm_4_states,quantile_4_rolling_240,high_vol,extreme_vol,317
NASDAQ100,1d,hmm_4_states,quantile_4_rolling_240,high_vol,high_vol,323
NASDAQ100,1d,hmm_4_states,quantile_4_rolling_240,high_vol,low_vol,191
NASDAQ100,1d,hmm_4_states,quantile_4_rolling_240,high_vol,medium_vol,270
NASDAQ100,1d,hmm_4_states,quantile_4_rolling_240,low_vol,extreme_vol,178
NASDAQ100,1d,hmm_4_states,quantile_4_rolling_240,low_vol,high_vol,261
NASDAQ100,1d,hmm_4_states,quantile_4_rolling_240,low_vol,low_vol,407
NASDAQ100,1d,hmm_4_states,quantile_4_rolling_240,low_vol,medium_vol,318
NASDAQ100,1d,hmm_4_states,quantile_4_rolling_240,medium_vol,extreme_vol,238
NASDAQ100,1d,hmm_4_states,quantile_4_rolling_240,medium_vol,high_vol,321
NASDAQ100,1d,hmm_4_states,quantile_4_rolling_240,medium_vol,low_vol,401
NASDAQ100,1d,hmm_4_states,quantile_4_rolling_240,medium_vol,medium_vol,389
NASDAQ100,1d,hmm_4_states,quantile_4_rolling_30,extreme_vol,extreme_vol,273
NASDAQ100,1d,hmm_4_states,quantile_4_rolling_30,extreme_vol,high_vol,101
NASDAQ100,1d,hmm_4_states,quantile_4_rolling_30,extreme_vol,low_vol,7
NASDAQ100,1d,hmm_4_states,quantile_4_rolling_30,extreme_vol,medium_vol,29
NASDAQ100,1d,hmm_4_states,quantile_4_rolling_30,high_vol,extreme_vol,317
NASDAQ100,1d,hmm_4_states,quantile_4_rolling_30,high_vol,high_vol,323
NASDAQ100,1d,hmm_4_states,quantile_4_rolling_30,high_vol,low_vol,191
NASDAQ100,1d,hmm_4_states,quantile_4_rolling_30,high_vol,medium_vol,270
NASDAQ100,1d,hmm_4_states,quantile_4_rolling_30,low_vol,extreme_vol,178
NASDAQ100,1d,hmm_4_states,quantile_4_rolling_30,low_vol,high_vol,261
NASDAQ100,1d,hmm_4_states,quantile_4_rolling_30,low_vol,low_vol,407
NASDAQ100,1d,hmm_4_states,quantile_4_rolling_30,low_vol,medium_vol,318
NASDAQ100,1d,hmm_4_states,quantile_4_rolling_30,medium_vol,extreme_vol,238
NASDAQ100,1d,hmm_4_states,quantile_4_rolling_30,medium_vol,high_vol,321
NASDAQ100,1d,hmm_4_states,quantile_4_rolling_30,medium_vol,low_vol,401
NASDAQ100,1d,hmm_4_states,quantile_4_rolling_30,medium_vol,medium_vol,389
NASDAQ100,1d,hmm_4_states,quantile_4_rolling_60,extreme_vol,extreme_vol,273
NASDAQ100,1d,hmm_4_states,quantile_4_rolling_60,extreme_vol,high_vol,101
NASDAQ100,1d,hmm_4_states,quantile_4_rolling_60,extreme_vol,low_vol,7
NASDAQ100,1d,hmm_4_states,quantile_4_rolling_60,extreme_vol,medium_vol,29
NASDAQ100,1d,hmm_4_states,quantile_4_rolling_60,high_vol,extreme_vol,317
NASDAQ100,1d,hmm_4_states,quantile_4_rolling_60,high_vol,high_vol,323
NASDAQ100,1d,hmm_4_states,quantile_4_rolling_60,high_vol,low_vol,191
NASDAQ100,1d,hmm_4_states,quantile_4_rolling_60,high_vol,medium_vol,270
NASDAQ100,1d,hmm_4_states,quantile_4_rolling_60,low_vol,extreme_vol,178
NASDAQ100,1d,hmm_4_states,quantile_4_rolling_60,low_vol,high_vol,261
NASDAQ100,1d,hmm_4_states,quantile_4_rolling_60,low_vol,low_vol,407
NASDAQ100,1d,hmm_4_states,quantile_4_rolling_60,low_vol,medium_vol,318
NASDAQ100,1d,hmm_4_states,quantile_4_rolling_60,medium_vol,extreme_vol,238
NASDAQ100,1d,hmm_4_states,quantile_4_rolling_60,medium_vol,high_vol,321
NASDAQ100,1d,hmm_4_states,quantile_4_rolling_60,medium_vol,low_vol,401
NASDAQ100,1d,hmm_4_states,quantile_4_rolling_60,medium_vol,medium_vol,389
SP500,1d,hmm_4_states,quantile_2_rolling_240,extreme_vol,high_vol,290
SP500,1d,hmm_4_states,quantile_2_rolling_240,extreme_vol,low_vol,22
SP500,1d,hmm_4_states,quantile_2_rolling_240,high_vol,high_vol,799
SP500,1d,hmm_4_states,quantile_2_rolling_240,high_vol,low_vol,391
SP500,1d,hmm_4_states,quantile_2_rolling_240,low_vol,high_vol,476
SP500,1d,hmm_4_states,quantile_2_rolling_240,low_vol,low_vol,889
SP500,1d,hmm_4_states,quantile_2_rolling_240,medium_vol,high_vol,447
SP500,1d,hmm_4_states,quantile_2_rolling_240,medium_vol,low_vol,710
SP500,1d,hmm_4_states,quantile_2_rolling_30,extreme_vol,high_vol,290
SP500,1d,hmm_4_states,quantile_2_rolling_30,extreme_vol,low_vol,22
SP500,1d,hmm_4_states,quantile_2_rolling_30,high_vol,high_vol,799
SP500,1d,hmm_4_states,quantile_2_rolling_30,high_vol,low_vol,391
SP500,1d,hmm_4_states,quantile_2_rolling_30,low_vol,high_vol,476
SP500,1d,hmm_4_states,quantile_2_rolling_30,low_vol,low_vol,889
SP500,1d,hmm_4_states,quantile_2_rolling_30,medium_vol,high_vol,447
SP500,1d,hmm_4_states,quantile_2_rolling_30,medium_vol,low_vol,710
SP500,1d,hmm_4_states,quantile_2_rolling_60,extreme_vol,high_vol,290
SP500,1d,hmm_4_states,quantile_2_rolling_60,extreme_vol,low_vol,22
SP500,1d,hmm_4_states,quantile_2_rolling_60,high_vol,high_vol,799
SP500,1d,hmm_4_states,quantile_2_rolling_60,high_vol,low_vol,391
SP500,1d,hmm_4_states,quantile_2_rolling_60,low_vol,high_vol,476
SP500,1d,hmm_4_states,quantile_2_rolling_60,low_vol,low_vol,889
SP500,1d,hmm_4_states,quantile_2_rolling_60,medium_vol,high_vol,447
SP500,1d,hmm_4_states,quantile_2_rolling_60,medium_vol,low_vol,710
SP500,1d,hmm_4_states,quantile_3_rolling_240,extreme_vol,high_vol,253
SP500,1d,hmm_4_states,quantile_3_rolling_240,extreme_vol,low_vol,9
SP500,1d,hmm_4_states,quantile_3_rolling_240,extreme_vol,medium_vol,50
SP500,1d,hmm_4_states,quantile_3_rolling_240,high_vol,high_vol,571
SP500,1d,hmm_4_states,quantile_3_rolling_240,high_vol,low_vol,226
SP500,1d,hmm_4_states,quantile_3_rolling_240,high_vol,medium_vol,393
SP500,1d,hmm_4_states,quantile_3_rolling_240,low_vol,high_vol,252
SP500,1d,hmm_4_states,quantile_3_rolling_240,low_vol,low_vol,597
SP500,1d,hmm_4_states,quantile_3_rolling_240,low_vol,medium_vol,516
SP500,1d,hmm_4_states,quantile_3_rolling_240,medium_vol,high_vol,266
SP500,1d,hmm_4_states,quantile_3_rolling_240,medium_vol,low_vol,509
SP500,1d,hmm_4_states,quantile_3_rolling_240,medium_vol,medium_vol,382
SP500,1d,hmm_4_states,quantile_3_rolling_30,extreme_vol,high_vol,253
SP500,1d,hmm_4_states,quantile_3_rolling_30,extreme_vol,low_vol,9
SP500,1d,hmm_4_states,quantile_3_rolling_30,extreme_vol,medium_vol,50
SP500,1d,hmm_4_states,quantile_3_rolling_30,high_vol,high_vol,571
SP500,1d,hmm_4_states,quantile_3_rolling_30,high_vol,low_vol,226
SP500,1d,hmm_4_states,quantile_3_rolling_30,high_vol,medium_vol,393
SP500,1d,hmm_4_states,quantile_3_rolling_30,low_vol,high_vol,252
SP500,1d,hmm_4_states,quantile_3_rolling_30,low_vol,low_vol,597
SP500,1d,hmm_4_states,quantile_3_rolling_30,low_vol,medium_vol,516
SP500,1d,hmm_4_states,quantile_3_rolling_30,medium_vol,high_vol,266
SP500,1d,hmm_4_states,quantile_3_rolling_30,medium_vol,low_vol,509
SP500,1d,hmm_4_states,quantile_3_rolling_30,medium_vol,medium_vol,382
SP500,1d,hmm_4_states,quantile_3_rolling_60,extreme_vol,high_vol,253
SP500,1d,hmm_4_states,quantile_3_rolling_60,extreme_vol,low_vol,9
SP500,1d,hmm_4_states,quantile_3_rolling_60,extreme_vol,medium_vol,50
SP500,1d,hmm_4_states,quantile_3_rolling_60,high_vol,high_vol,571
SP500,1d,hmm_4_states,quantile_3_rolling_60,high_vol,low_vol,226
SP500,1d,hmm_4_states,quantile_3_rolling_60,high_vol,medium_vol,393
SP500,1d,hmm_4_states,quantile_3_rolling_60,low_vol,high_vol,252
SP500,1d,hmm_4_states,quantile_3_rolling_60,low_vol,low_vol,597
SP500,1d,hmm_4_states,quantile_3_rolling_60,low_vol,medium_vol,516
SP500,1d,hmm_4_states,quantile_3_rolling_60,medium_vol,high_vol,266
SP500,1d,hmm_4_states,quantile_3_rolling_60,medium_vol,low_vol,509
SP500,1d,hmm_4_states,quantile_3_rolling_60,medium_vol,medium_vol,382
SP500,1d,hmm_4_states,quantile_4_rolling_240,extreme_vol,extreme_vol,236
SP500,1d,hmm_4_states,quantile_4_rolling_240,extreme_vol,high_vol,54
SP500,1d,hmm_4_states,quantile_4_rolling_240,extreme_vol,low_vol,7
SP500,1d,hmm_4_states,quantile_4_rolling_240,extreme_vol,medium_vol,15
SP500,1d,hmm_4_states,quantile_4_rolling_240,high_vol,extreme_vol,445
SP500,1d,hmm_4_states,quantile_4_rolling_240,high_vol,high_vol,354
SP500,1d,hmm_4_states,quantile_4_rolling_240,high_vol,low_vol,152
SP500,1d,hmm_4_states,quantile_4_rolling_240,high_vol,medium_vol,239
SP500,1d,hmm_4_states,quantile_4_rolling_240,low_vol,extreme_vol,146
SP500,1d,hmm_4_states,quantile_4_rolling_240,low_vol,high_vol,330
SP500,1d,hmm_4_states,quantile_4_rolling_240,low_vol,low_vol,449
SP500,1d,hmm_4_states,quantile_4_rolling_240,low_vol,medium_vol,440
SP500,1d,hmm_4_states,quantile_4_rolling_240,medium_vol,extreme_vol,179
SP500,1d,hmm_4_states,quantile_4_rolling_240,medium_vol,high_vol,268
SP500,1d,hmm_4_states,quantile_4_rolling_240,medium_vol,low_vol,398
SP500,1d,hmm_4_states,quantile_4_rolling_240,medium_vol,medium_vol,312
SP500,1d,hmm_4_states,quantile_4_rolling_30,extreme_vol,extreme_vol,236
SP500,1d,hmm_4_states,quantile_4_rolling_30,extreme_vol,high_vol,54
SP500,1d,hmm_4_states,quantile_4_rolling_30,extreme_vol,low_vol,7
SP500,1d,hmm_4_states,quantile_4_rolling_30,extreme_vol,medium_vol,15
SP500,1d,hmm_4_states,quantile_4_rolling_30,high_vol,extreme_vol,445
SP500,1d,hmm_4_states,quantile_4_rolling_30,high_vol,high_vol,354
SP500,1d,hmm_4_states,quantile_4_rolling_30,high_vol,low_vol,152
SP500,1d,hmm_4_states,quantile_4_rolling_30,high_vol,medium_vol,239
SP500,1d,hmm_4_states,quantile_4_rolling_30,low_vol,extreme_vol,146
SP500,1d,hmm_4_states,quantile_4_rolling_30,low_vol,high_vol,330
SP500,1d,hmm_4_states,quantile_4_rolling_30,low_vol,low_vol,449
SP500,1d,hmm_4_states,quantile_4_rolling_30,low_vol,medium_vol,440
SP500,1d,hmm_4_states,quantile_4_rolling_30,medium_vol,extreme_vol,179
SP500,1d,hmm_4_states,quantile_4_rolling_30,medium_vol,high_vol,268
SP500,1d,hmm_4_states,quantile_4_rolling_30,medium_vol,low_vol,398
SP500,1d,hmm_4_states,quantile_4_rolling_30,medium_vol,medium_vol,312
SP500,1d,hmm_4_states,quantile_4_rolling_60,extreme_vol,extreme_vol,236
SP500,1d,hmm_4_states,quantile_4_rolling_60,extreme_vol,high_vol,54
SP500,1d,hmm_4_states,quantile_4_rolling_60,extreme_vol,low_vol,7
SP500,1d,hmm_4_states,quantile_4_rolling_60,extreme_vol,medium_vol,15
SP500,1d,hmm_4_states,quantile_4_rolling_60,high_vol,extreme_vol,445
SP500,1d,hmm_4_states,quantile_4_rolling_60,high_vol,high_vol,354
SP500,1d,hmm_4_states,quantile_4_rolling_60,high_vol,low_vol,152
SP500,1d,hmm_4_states,quantile_4_rolling_60,high_vol,medium_vol,239
SP500,1d,hmm_4_states,quantile_4_rolling_60,low_vol,extreme_vol,146
SP500,1d,hmm_4_states,quantile_4_rolling_60,low_vol,high_vol,330
SP500,1d,hmm_4_states,quantile_4_rolling_60,low_vol,low_vol,449
SP500,1d,hmm_4_states,quantile_4_rolling_60,low_vol,medium_vol,440
SP500,1d,hmm_4_states,quantile_4_rolling_60,medium_vol,extreme_vol,179
SP500,1d,hmm_4_states,quantile_4_rolling_60,medium_vol,high_vol,268
SP500,1d,hmm_4_states,quantile_4_rolling_60,medium_vol,low_vol,398
SP500,1d,hmm_4_states,quantile_4_rolling_60,medium_vol,medium_vol,312
VIX,1d,hmm_4_states,quantile_2_rolling_240,extreme_vol,high_vol,1
VIX,1d,hmm_4_states,quantile_2_rolling_240,high_vol,high_vol,447
VIX,1d,hmm_4_states,quantile_2_rolling_240,high_vol,low_vol,185
VIX,1d,hmm_4_states,quantile_2_rolling_240,low_vol,high_vol,639
VIX,1d,hmm_4_states,quantile_2_rolling_240,low_vol,low_vol,932
VIX,1d,hmm_4_states,quantile_2_rolling_240,medium_vol,high_vol,925
VIX,1d,hmm_4_states,quantile_2_rolling_240,medium_vol,low_vol,895
VIX,1d,hmm_4_states,quantile_2_rolling_30,extreme_vol,high_vol,1
VIX,1d,hmm_4_states,quantile_2_rolling_30,high_vol,high_vol,447
VIX,1d,hmm_4_states,quantile_2_rolling_30,high_vol,low_vol,185
VIX,1d,hmm_4_states,quantile_2_rolling_30,low_vol,high_vol,639
VIX,1d,hmm_4_states,quantile_2_rolling_30,low_vol,low_vol,932
VIX,1d,hmm_4_states,quantile_2_rolling_30,medium_vol,high_vol,925
VIX,1d,hmm_4_states,quantile_2_rolling_30,medium_vol,low_vol,895
VIX,1d,hmm_4_states,quantile_2_rolling_60,extreme_vol,high_vol,1
VIX,1d,hmm_4_states,quantile_2_rolling_60,high_vol,high_vol,447
VIX,1d,hmm_4_states,quantile_2_rolling_60,high_vol,low_vol,185
VIX,1d,hmm_4_states,quantile_2_rolling_60,low_vol,high_vol,639
VIX,1d,hmm_4_states,quantile_2_rolling_60,low_vol,low_vol,932
VIX,1d,hmm_4_states,quantile_2_rolling_60,medium_vol,high_vol,925
VIX,1d,hmm_4_states,quantile_2_rolling_60,medium_vol,low_vol,895
VIX,1d,hmm_4_states,quantile_3_rolling_240,extreme_vol,high_vol,1
VIX,1d,hmm_4_states,quantile_3_rolling_240,high_vol,high_vol,339
VIX,1d,hmm_4_states,quantile_3_rolling_240,high_vol,low_vol,97
VIX,1d,hmm_4_states,quantile_3_rolling_240,high_vol,medium_vol,196
VIX,1d,hmm_4_states,quantile_3_rolling_240,low_vol,high_vol,385
VIX,1d,hmm_4_states,quantile_3_rolling_240,low_vol,low_vol,649
VIX,1d,hmm_4_states,quantile_3_rolling_240,low_vol,medium_vol,537
VIX,1d,hmm_4_states,quantile_3_rolling_240,medium_vol,high_vol,617
VIX,1d,hmm_4_states,quantile_3_rolling_240,medium_vol,low_vol,595
VIX,1d,hmm_4_states,quantile_3_rolling_240,medium_vol,medium_vol,608
VIX,1d,hmm_4_states,quantile_3_rolling_30,extreme_vol,high_vol,1
VIX,1d,hmm_4_states,quantile_3_rolling_30,high_vol,high_vol,339
VIX,1d,hmm_4_states,quantile_3_rolling_30,high_vol,low_vol,97
VIX,1d,hmm_4_states,quantile_3_rolling_30,high_vol,medium_vol,196
VIX,1d,hmm_4_states,quantile_3_rolling_30,low_vol,high_vol,385
VIX,1d,hmm_4_states,quantile_3_rolling_30,low_vol,low_vol,649
VIX,1d,hmm_4_states,quantile_3_rolling_30,low_vol,medium_vol,537
VIX,1d,hmm_4_states,quantile_3_rolling_30,medium_vol,high_vol,617
VIX,1d,hmm_4_states,quantile_3_rolling_30,medium_vol,low_vol,595
VIX,1d,hmm_4_states,quantile_3_rolling_30,medium_vol,medium_vol,608
VIX,1d,hmm_4_states,quantile_3_rolling_60,extreme_vol,high_vol,1
VIX,1d,hmm_4_states,quantile_3_rolling_60,high_vol,high_vol,339
VIX,1d,hmm_4_states,quantile_3_rolling_60,high_vol,low_vol,97
VIX,1d,hmm_4_states,quantile_3_rolling_60,high_vol,medium_vol,196
VIX,1d,hmm_4_states,quantile_3_rolling_60,low_vol,high_vol,385
VIX,1d,hmm_4_states,quantile_3_rolling_60,low_vol,low_vol,649
VIX,1d,hmm_4_states,quantile_3_rolling_60,low_vol,medium_vol,537
VIX,1d,hmm_4_states,quantile_3_rolling_60,medium_vol,high_vol,617
VIX,1d,hmm_4_states,quantile_3_rolling_60,medium_vol,low_vol,595
VIX,1d,hmm_4_states,quantile_3_rolling_60,medium_vol,medium_vol,608
VIX,1d,hmm_4_states,quantile_4_rolling_240,extreme_vol,extreme_vol,1
VIX,1d,hmm_4_states,quantile_4_rolling_240,high_vol,extreme_vol,269
VIX,1d,hmm_4_states,quantile_4_rolling_240,high_vol,high_vol,178
VIX,1d,hmm_4_states,quantile_4_rolling_240,high_vol,low_vol,64
VIX,1d,hmm_4_states,quantile_4_rolling_240,high_vol,medium_vol,121
VIX,1d,hmm_4_states,quantile_4_rolling_240,low_vol,extreme_vol,277
VIX,1d,hmm_4_states,quantile_4_rolling_240,low_vol,high_vol,362
VIX,1d,hmm_4_states,quantile_4_rolling_240,low_vol,low_vol,496
VIX,1d,hmm_4_states,quantile_4_rolling_240,low_vol,medium_vol,436
VIX,1d,hmm_4_states,quantile_4_rolling_240,medium_vol,extreme_vol,459
VIX,1d,hmm_4_states,quantile_4_rolling_240,medium_vol,high_vol,466
VIX,1d,hmm_4_states,quantile_4_rolling_240,medium_vol,low_vol,446
VIX,1d,hmm_4_states,quantile_4_rolling_240,medium_vol,medium_vol,449
VIX,1d,hmm_4_states,quantile_4_rolling_30,extreme_vol,extreme_vol,1
VIX,1d,hmm_4_states,quantile_4_rolling_30,high_vol,extreme_vol,269
VIX,1d,hmm_4_states,quantile_4_rolling_30,high_vol,high_vol,178
VIX,1d,hmm_4_states,quantile_4_rolling_30,high_vol,low_vol,64
VIX,1d,hmm_4_states,quantile_4_rolling_30,high_vol,medium_vol,121
VIX,1d,hmm_4_states,quantile_4_rolling_30,low_vol,extreme_vol,277
VIX,1d,hmm_4_states,quantile_4_rolling_30,low_vol,high_vol,362
VIX,1d,hmm_4_states,quantile_4_rolling_30,low_vol,low_vol,496
VIX,1d,hmm_4_states,quantile_4_rolling_30,low_vol,medium_vol,436
VIX,1d,hmm_4_states,quantile_4_rolling_30,medium_vol,extreme_vol,459
VIX,1d,hmm_4_states,quantile_4_rolling_30,medium_vol,high_vol,466
VIX,1d,hmm_4_states,quantile_4_rolling_30,medium_vol,low_vol,446
VIX,1d,hmm_4_states,quantile_4_rolling_30,medium_vol,medium_vol,449
VIX,1d,hmm_4_states,quantile_4_rolling_60,extreme_vol,extreme_vol,1
VIX,1d,hmm_4_states,quantile_4_rolling_60,high_vol,extreme_vol,269
VIX,1d,hmm_4_states,quantile_4_rolling_60,high_vol,high_vol,178
VIX,1d,hmm_4_states,quantile_4_rolling_60,high_vol,low_vol,64
VIX,1d,hmm_4_states,quantile_4_rolling_60,high_vol,medium_vol,121
VIX,1d,hmm_4_states,quantile_4_rolling_60,low_vol,extreme_vol,277
VIX,1d,hmm_4_states,quantile_4_rolling_60,low_vol,high_vol,362
VIX,1d,hmm_4_states,quantile_4_rolling_60,low_vol,low_vol,496
VIX,1d,hmm_4_states,quantile_4_rolling_60,low_vol,medium_vol,436
VIX,1d,hmm_4_states,quantile_4_rolling_60,medium_vol,extreme_vol,459
VIX,1d,hmm_4_states,quantile_4_rolling_60,medium_vol,high_vol,466
VIX,1d,hmm_4_states,quantile_4_rolling_60,medium_vol,low_vol,446
VIX,1d,hmm_4_states,quantile_4_rolling_60,medium_vol,medium_vol,449
