module,raw_motif_sets_count,runtime_seconds,rows,asset,frequency,mode,regime_method,regime_label,segment_id,feature_set,l_min,l_max,rho,nb,overlap,warping,status
locomotif.locomotif,5,1.5978595595806837,71,BTCUSDT,15m,agnostic,none,all,full_series,"log_return,abs_log_return,rolling_volatility_60,rolling_volatility_30,hl_range,volume_zscore,quote_volume,number_of_trades,taker_buy_base_volume,taker_buy_quote_volume,spread_proxy,open,high,low,close,volume,pct_return,rolling_volatility_240,absolute_return,squared_return,rolling_vol,range",24,72,0.65,5,0.2,True,success
locomotif.locomotif,4,0.3291662447154522,25,BTCUSDT,15m,agnostic,none,all,full_series,"log_return,abs_log_return,rolling_volatility_60,rolling_volatility_30,hl_range,volume_zscore,quote_volume,number_of_trades,taker_buy_base_volume,taker_buy_quote_volume,spread_proxy,open,high,low,close,volume,pct_return,rolling_volatility_240,absolute_return,squared_return,rolling_vol,range",48,168,0.65,5,0.2,True,success
locomotif.locomotif,5,0.21250421833246946,59,BTCUSDT,15m,conditioned,quantile_2_rolling_240,high_vol,high_vol_0001,"log_return,abs_log_return,rolling_volatility_60,rolling_volatility_30,hl_range,volume_zscore,quote_volume,number_of_trades,taker_buy_base_volume,taker_buy_quote_volume,spread_proxy,open,high,low,close,volume,pct_return,rolling_volatility_240,absolute_return,squared_return,rolling_vol,range",24,72,0.65,5,0.2,True,success
locomotif.locomotif,3,0.19196267146617174,26,BTCUSDT,15m,conditioned,quantile_2_rolling_240,high_vol,high_vol_0001,"log_return,abs_log_return,rolling_volatility_60,rolling_volatility_30,hl_range,volume_zscore,quote_volume,number_of_trades,taker_buy_base_volume,taker_buy_quote_volume,spread_proxy,open,high,low,close,volume,pct_return,rolling_volatility_240,absolute_return,squared_return,rolling_vol,range",48,168,0.65,5,0.2,True,success
locomotif.locomotif,5,0.05767377931624651,27,BTCUSDT,15m,conditioned,quantile_2_rolling_240,high_vol,high_vol_0002,"log_return,abs_log_return,rolling_volatility_60,rolling_volatility_30,hl_range,volume_zscore,quote_volume,number_of_trades,taker_buy_base_volume,taker_buy_quote_volume,spread_proxy,open,high,low,close,volume,pct_return,rolling_volatility_240,absolute_return,squared_return,rolling_vol,range",24,72,0.65,5,0.2,True,success
locomotif.locomotif,2,0.05060172639787197,13,BTCUSDT,15m,conditioned,quantile_2_rolling_240,high_vol,high_vol_0002,"log_return,abs_log_return,rolling_volatility_60,rolling_volatility_30,hl_range,volume_zscore,quote_volume,number_of_trades,taker_buy_base_volume,taker_buy_quote_volume,spread_proxy,open,high,low,close,volume,pct_return,rolling_volatility_240,absolute_return,squared_return,rolling_vol,range",48,168,0.65,5,0.2,True,success
locomotif.locomotif,2,0.03160604275763035,17,BTCUSDT,15m,conditioned,quantile_2_rolling_240,high_vol,high_vol_0003,"log_return,abs_log_return,rolling_volatility_60,rolling_volatility_30,hl_range,volume_zscore,quote_volume,number_of_trades,taker_buy_base_volume,taker_buy_quote_volume,spread_proxy,open,high,low,close,volume,pct_return,rolling_volatility_240,absolute_return,squared_return,rolling_vol,range",24,72,0.65,5,0.2,True,success
locomotif.locomotif,1,0.027382683008909225,6,BTCUSDT,15m,conditioned,quantile_2_rolling_240,high_vol,high_vol_0003,"log_return,abs_log_return,rolling_volatility_60,rolling_volatility_30,hl_range,volume_zscore,quote_volume,number_of_trades,taker_buy_base_volume,taker_buy_quote_volume,spread_proxy,open,high,low,close,volume,pct_return,rolling_volatility_240,absolute_return,squared_return,rolling_vol,range",48,168,0.65,5,0.2,True,success
locomotif.locomotif,4,0.05266761314123869,30,BTCUSDT,15m,conditioned,quantile_2_rolling_240,low_vol,low_vol_0004,"log_return,abs_log_return,rolling_volatility_60,rolling_volatility_30,hl_range,volume_zscore,quote_volume,number_of_trades,taker_buy_base_volume,taker_buy_quote_volume,spread_proxy,open,high,low,close,volume,pct_return,rolling_volatility_240,absolute_return,squared_return,rolling_vol,range",24,72,0.65,5,0.2,True,success
locomotif.locomotif,3,0.0523708863183856,15,BTCUSDT,15m,conditioned,quantile_2_rolling_240,low_vol,low_vol_0004,"log_return,abs_log_return,rolling_volatility_60,rolling_volatility_30,hl_range,volume_zscore,quote_volume,number_of_trades,taker_buy_base_volume,taker_buy_quote_volume,spread_proxy,open,high,low,close,volume,pct_return,rolling_volatility_240,absolute_return,squared_return,rolling_vol,range",48,168,0.65,5,0.2,True,success
locomotif.locomotif,5,0.3997782487422228,69,BTCUSDT,15m,conditioned,quantile_2_rolling_240,low_vol,low_vol_0005,"log_return,abs_log_return,rolling_volatility_60,rolling_volatility_30,hl_range,volume_zscore,quote_volume,number_of_trades,taker_buy_base_volume,taker_buy_quote_volume,spread_proxy,open,high,low,close,volume,pct_return,rolling_volatility_240,absolute_return,squared_return,rolling_vol,range",24,72,0.65,5,0.2,True,success
locomotif.locomotif,5,0.3718769857659936,40,BTCUSDT,15m,conditioned,quantile_2_rolling_240,low_vol,low_vol_0005,"log_return,abs_log_return,rolling_volatility_60,rolling_volatility_30,hl_range,volume_zscore,quote_volume,number_of_trades,taker_buy_base_volume,taker_buy_quote_volume,spread_proxy,open,high,low,close,volume,pct_return,rolling_volatility_240,absolute_return,squared_return,rolling_vol,range",48,168,0.65,5,0.2,True,success
locomotif.locomotif,3,0.027598527260124683,21,BTCUSDT,15m,conditioned,quantile_2_rolling_240,high_vol,high_vol_0006,"log_return,abs_log_return,rolling_volatility_60,rolling_volatility_30,hl_range,volume_zscore,quote_volume,number_of_trades,taker_buy_base_volume,taker_buy_quote_volume,spread_proxy,open,high,low,close,volume,pct_return,rolling_volatility_240,absolute_return,squared_return,rolling_vol,range",24,72,0.65,5,0.2,True,success
locomotif.locomotif,3,0.02418336272239685,11,BTCUSDT,15m,conditioned,quantile_2_rolling_240,high_vol,high_vol_0006,"log_return,abs_log_return,rolling_volatility_60,rolling_volatility_30,hl_range,volume_zscore,quote_volume,number_of_trades,taker_buy_base_volume,taker_buy_quote_volume,spread_proxy,open,high,low,close,volume,pct_return,rolling_volatility_240,absolute_return,squared_return,rolling_vol,range",48,168,0.65,5,0.2,True,success
locomotif.locomotif,4,0.03784055821597576,23,BTCUSDT,15m,conditioned,quantile_2_rolling_240,low_vol,low_vol_0007,"log_return,abs_log_return,rolling_volatility_60,rolling_volatility_30,hl_range,volume_zscore,quote_volume,number_of_trades,taker_buy_base_volume,taker_buy_quote_volume,spread_proxy,open,high,low,close,volume,pct_return,rolling_volatility_240,absolute_return,squared_return,rolling_vol,range",24,72,0.65,5,0.2,True,success
locomotif.locomotif,3,0.03307632450014353,12,BTCUSDT,15m,conditioned,quantile_2_rolling_240,low_vol,low_vol_0007,"log_return,abs_log_return,rolling_volatility_60,rolling_volatility_30,hl_range,volume_zscore,quote_volume,number_of_trades,taker_buy_base_volume,taker_buy_quote_volume,spread_proxy,open,high,low,close,volume,pct_return,rolling_volatility_240,absolute_return,squared_return,rolling_vol,range",48,168,0.65,5,0.2,True,success
locomotif.locomotif,5,0.04047411773353815,31,BTCUSDT,15m,conditioned,quantile_2_rolling_240,low_vol,low_vol_0008,"log_return,abs_log_return,rolling_volatility_60,rolling_volatility_30,hl_range,volume_zscore,quote_volume,number_of_trades,taker_buy_base_volume,taker_buy_quote_volume,spread_proxy,open,high,low,close,volume,pct_return,rolling_volatility_240,absolute_return,squared_return,rolling_vol,range",24,72,0.65,5,0.2,True,success
locomotif.locomotif,1,0.0351874390617013,8,BTCUSDT,15m,conditioned,quantile_2_rolling_240,low_vol,low_vol_0008,"log_return,abs_log_return,rolling_volatility_60,rolling_volatility_30,hl_range,volume_zscore,quote_volume,number_of_trades,taker_buy_base_volume,taker_buy_quote_volume,spread_proxy,open,high,low,close,volume,pct_return,rolling_volatility_240,absolute_return,squared_return,rolling_vol,range",48,168,0.65,5,0.2,True,success
locomotif.locomotif,5,0.23642422445118427,57,BTCUSDT,15m,conditioned,quantile_2_rolling_240,high_vol,high_vol_0009,"log_return,abs_log_return,rolling_volatility_60,rolling_volatility_30,hl_range,volume_zscore,quote_volume,number_of_trades,taker_buy_base_volume,taker_buy_quote_volume,spread_proxy,open,high,low,close,volume,pct_return,rolling_volatility_240,absolute_return,squared_return,rolling_vol,range",24,72,0.65,5,0.2,True,success
locomotif.locomotif,4,0.21378774754703045,28,BTCUSDT,15m,conditioned,quantile_2_rolling_240,high_vol,high_vol_0009,"log_return,abs_log_return,rolling_volatility_60,rolling_volatility_30,hl_range,volume_zscore,quote_volume,number_of_trades,taker_buy_base_volume,taker_buy_quote_volume,spread_proxy,open,high,low,close,volume,pct_return,rolling_volatility_240,absolute_return,squared_return,rolling_vol,range",48,168,0.65,5,0.2,True,success
locomotif.locomotif,5,0.05904384050518274,30,BTCUSDT,15m,conditioned,quantile_2_rolling_240,high_vol,high_vol_0010,"log_return,abs_log_return,rolling_volatility_60,rolling_volatility_30,hl_range,volume_zscore,quote_volume,number_of_trades,taker_buy_base_volume,taker_buy_quote_volume,spread_proxy,open,high,low,close,volume,pct_return,rolling_volatility_240,absolute_return,squared_return,rolling_vol,range",24,72,0.65,5,0.2,True,success
locomotif.locomotif,2,0.053139111027121544,15,BTCUSDT,15m,conditioned,quantile_2_rolling_240,high_vol,high_vol_0010,"log_return,abs_log_return,rolling_volatility_60,rolling_volatility_30,hl_range,volume_zscore,quote_volume,number_of_trades,taker_buy_base_volume,taker_buy_quote_volume,spread_proxy,open,high,low,close,volume,pct_return,rolling_volatility_240,absolute_return,squared_return,rolling_vol,range",48,168,0.65,5,0.2,True,success
locomotif.locomotif,5,0.39553650096058846,75,BTCUSDT,15m,conditioned,quantile_2_rolling_240,high_vol,high_vol_0011,"log_return,abs_log_return,rolling_volatility_60,rolling_volatility_30,hl_range,volume_zscore,quote_volume,number_of_trades,taker_buy_base_volume,taker_buy_quote_volume,spread_proxy,open,high,low,close,volume,pct_return,rolling_volatility_240,absolute_return,squared_return,rolling_vol,range",24,72,0.65,5,0.2,True,success
locomotif.locomotif,5,0.36890232283622026,39,BTCUSDT,15m,conditioned,quantile_2_rolling_240,high_vol,high_vol_0011,"log_return,abs_log_return,rolling_volatility_60,rolling_volatility_30,hl_range,volume_zscore,quote_volume,number_of_trades,taker_buy_base_volume,taker_buy_quote_volume,spread_proxy,open,high,low,close,volume,pct_return,rolling_volatility_240,absolute_return,squared_return,rolling_vol,range",48,168,0.65,5,0.2,True,success
locomotif.locomotif,5,0.05916775669902563,30,BTCUSDT,15m,conditioned,quantile_2_rolling_240,high_vol,high_vol_0012,"log_return,abs_log_return,rolling_volatility_60,rolling_volatility_30,hl_range,volume_zscore,quote_volume,number_of_trades,taker_buy_base_volume,taker_buy_quote_volume,spread_proxy,open,high,low,close,volume,pct_return,rolling_volatility_240,absolute_return,squared_return,rolling_vol,range",24,72,0.65,5,0.2,True,success
locomotif.locomotif,5,0.056814308278262615,19,BTCUSDT,15m,conditioned,quantile_2_rolling_240,high_vol,high_vol_0012,"log_return,abs_log_return,rolling_volatility_60,rolling_volatility_30,hl_range,volume_zscore,quote_volume,number_of_trades,taker_buy_base_volume,taker_buy_quote_volume,spread_proxy,open,high,low,close,volume,pct_return,rolling_volatility_240,absolute_return,squared_return,rolling_vol,range",48,168,0.65,5,0.2,True,success
locomotif.locomotif,5,0.12217186111956835,42,BTCUSDT,15m,conditioned,quantile_2_rolling_240,high_vol,high_vol_0013,"log_return,abs_log_return,rolling_volatility_60,rolling_volatility_30,hl_range,volume_zscore,quote_volume,number_of_trades,taker_buy_base_volume,taker_buy_quote_volume,spread_proxy,open,high,low,close,volume,pct_return,rolling_volatility_240,absolute_return,squared_return,rolling_vol,range",24,72,0.65,5,0.2,True,success
locomotif.locomotif,4,0.10747513268142939,22,BTCUSDT,15m,conditioned,quantile_2_rolling_240,high_vol,high_vol_0013,"log_return,abs_log_return,rolling_volatility_60,rolling_volatility_30,hl_range,volume_zscore,quote_volume,number_of_trades,taker_buy_base_volume,taker_buy_quote_volume,spread_proxy,open,high,low,close,volume,pct_return,rolling_volatility_240,absolute_return,squared_return,rolling_vol,range",48,168,0.65,5,0.2,True,success
locomotif.locomotif,5,0.31972486805170774,60,BTCUSDT,15m,conditioned,quantile_2_rolling_240,high_vol,high_vol_0014,"log_return,abs_log_return,rolling_volatility_60,rolling_volatility_30,hl_range,volume_zscore,quote_volume,number_of_trades,taker_buy_base_volume,taker_buy_quote_volume,spread_proxy,open,high,low,close,volume,pct_return,rolling_volatility_240,absolute_return,squared_return,rolling_vol,range",24,72,0.65,5,0.2,True,success
locomotif.locomotif,5,0.2941741496324539,34,BTCUSDT,15m,conditioned,quantile_2_rolling_240,high_vol,high_vol_0014,"log_return,abs_log_return,rolling_volatility_60,rolling_volatility_30,hl_range,volume_zscore,quote_volume,number_of_trades,taker_buy_base_volume,taker_buy_quote_volume,spread_proxy,open,high,low,close,volume,pct_return,rolling_volatility_240,absolute_return,squared_return,rolling_vol,range",48,168,0.65,5,0.2,True,success
locomotif.locomotif,5,0.4044808894395828,71,BTCUSDT,15m,conditioned,quantile_2_rolling_240,high_vol,high_vol_0015,"log_return,abs_log_return,rolling_volatility_60,rolling_volatility_30,hl_range,volume_zscore,quote_volume,number_of_trades,taker_buy_base_volume,taker_buy_quote_volume,spread_proxy,open,high,low,close,volume,pct_return,rolling_volatility_240,absolute_return,squared_return,rolling_vol,range",24,72,0.65,5,0.2,True,success
locomotif.locomotif,5,0.3812654232606292,40,BTCUSDT,15m,conditioned,quantile_2_rolling_240,high_vol,high_vol_0015,"log_return,abs_log_return,rolling_volatility_60,rolling_volatility_30,hl_range,volume_zscore,quote_volume,number_of_trades,taker_buy_base_volume,taker_buy_quote_volume,spread_proxy,open,high,low,close,volume,pct_return,rolling_volatility_240,absolute_return,squared_return,rolling_vol,range",48,168,0.65,5,0.2,True,success
locomotif.locomotif,3,0.02586995903402567,19,BTCUSDT,15m,conditioned,quantile_2_rolling_240,high_vol,high_vol_0016,"log_return,abs_log_return,rolling_volatility_60,rolling_volatility_30,hl_range,volume_zscore,quote_volume,number_of_trades,taker_buy_base_volume,taker_buy_quote_volume,spread_proxy,open,high,low,close,volume,pct_return,rolling_volatility_240,absolute_return,squared_return,rolling_vol,range",24,72,0.65,5,0.2,True,success
locomotif.locomotif,3,0.02399839460849762,11,BTCUSDT,15m,conditioned,quantile_2_rolling_240,high_vol,high_vol_0016,"log_return,abs_log_return,rolling_volatility_60,rolling_volatility_30,hl_range,volume_zscore,quote_volume,number_of_trades,taker_buy_base_volume,taker_buy_quote_volume,spread_proxy,open,high,low,close,volume,pct_return,rolling_volatility_240,absolute_return,squared_return,rolling_vol,range",48,168,0.65,5,0.2,True,success
locomotif.locomotif,5,0.10805968195199966,39,BTCUSDT,15m,conditioned,quantile_2_rolling_240,high_vol,high_vol_0017,"log_return,abs_log_return,rolling_volatility_60,rolling_volatility_30,hl_range,volume_zscore,quote_volume,number_of_trades,taker_buy_base_volume,taker_buy_quote_volume,spread_proxy,open,high,low,close,volume,pct_return,rolling_volatility_240,absolute_return,squared_return,rolling_vol,range",24,72,0.65,5,0.2,True,success
locomotif.locomotif,3,0.09903002437204123,19,BTCUSDT,15m,conditioned,quantile_2_rolling_240,high_vol,high_vol_0017,"log_return,abs_log_return,rolling_volatility_60,rolling_volatility_30,hl_range,volume_zscore,quote_volume,number_of_trades,taker_buy_base_volume,taker_buy_quote_volume,spread_proxy,open,high,low,close,volume,pct_return,rolling_volatility_240,absolute_return,squared_return,rolling_vol,range",48,168,0.65,5,0.2,True,success
locomotif.locomotif,5,0.08733027335256338,34,BTCUSDT,15m,conditioned,quantile_2_rolling_240,high_vol,high_vol_0018,"log_return,abs_log_return,rolling_volatility_60,rolling_volatility_30,hl_range,volume_zscore,quote_volume,number_of_trades,taker_buy_base_volume,taker_buy_quote_volume,spread_proxy,open,high,low,close,volume,pct_return,rolling_volatility_240,absolute_return,squared_return,rolling_vol,range",24,72,0.65,5,0.2,True,success
locomotif.locomotif,5,0.08405627962201834,20,BTCUSDT,15m,conditioned,quantile_2_rolling_240,high_vol,high_vol_0018,"log_return,abs_log_return,rolling_volatility_60,rolling_volatility_30,hl_range,volume_zscore,quote_volume,number_of_trades,taker_buy_base_volume,taker_buy_quote_volume,spread_proxy,open,high,low,close,volume,pct_return,rolling_volatility_240,absolute_return,squared_return,rolling_vol,range",48,168,0.65,5,0.2,True,success
locomotif.locomotif,5,0.12883493024855852,45,BTCUSDT,15m,conditioned,quantile_2_rolling_240,high_vol,high_vol_0019,"log_return,abs_log_return,rolling_volatility_60,rolling_volatility_30,hl_range,volume_zscore,quote_volume,number_of_trades,taker_buy_base_volume,taker_buy_quote_volume,spread_proxy,open,high,low,close,volume,pct_return,rolling_volatility_240,absolute_return,squared_return,rolling_vol,range",24,72,0.65,5,0.2,True,success
locomotif.locomotif,3,0.11755620129406452,19,BTCUSDT,15m,conditioned,quantile_2_rolling_240,high_vol,high_vol_0019,"log_return,abs_log_return,rolling_volatility_60,rolling_volatility_30,hl_range,volume_zscore,quote_volume,number_of_trades,taker_buy_base_volume,taker_buy_quote_volume,spread_proxy,open,high,low,close,volume,pct_return,rolling_volatility_240,absolute_return,squared_return,rolling_vol,range",48,168,0.65,5,0.2,True,success
locomotif.locomotif,5,0.06548470444977283,32,BTCUSDT,15m,conditioned,quantile_2_rolling_240,high_vol,high_vol_0020,"log_return,abs_log_return,rolling_volatility_60,rolling_volatility_30,hl_range,volume_zscore,quote_volume,number_of_trades,taker_buy_base_volume,taker_buy_quote_volume,spread_proxy,open,high,low,close,volume,pct_return,rolling_volatility_240,absolute_return,squared_return,rolling_vol,range",24,72,0.65,5,0.2,True,success
locomotif.locomotif,4,0.059084370732307434,16,BTCUSDT,15m,conditioned,quantile_2_rolling_240,high_vol,high_vol_0020,"log_return,abs_log_return,rolling_volatility_60,rolling_volatility_30,hl_range,volume_zscore,quote_volume,number_of_trades,taker_buy_base_volume,taker_buy_quote_volume,spread_proxy,open,high,low,close,volume,pct_return,rolling_volatility_240,absolute_return,squared_return,rolling_vol,range",48,168,0.65,5,0.2,True,success
locomotif.locomotif,4,0.025981416925787926,23,BTCUSDT,15m,conditioned,quantile_2_rolling_240,high_vol,high_vol_0021,"log_return,abs_log_return,rolling_volatility_60,rolling_volatility_30,hl_range,volume_zscore,quote_volume,number_of_trades,taker_buy_base_volume,taker_buy_quote_volume,spread_proxy,open,high,low,close,volume,pct_return,rolling_volatility_240,absolute_return,squared_return,rolling_vol,range",24,72,0.65,5,0.2,True,success
locomotif.locomotif,2,0.02227365132421255,8,BTCUSDT,15m,conditioned,quantile_2_rolling_240,high_vol,high_vol_0021,"log_return,abs_log_return,rolling_volatility_60,rolling_volatility_30,hl_range,volume_zscore,quote_volume,number_of_trades,taker_buy_base_volume,taker_buy_quote_volume,spread_proxy,open,high,low,close,volume,pct_return,rolling_volatility_240,absolute_return,squared_return,rolling_vol,range",48,168,0.65,5,0.2,True,success
locomotif.locomotif,5,0.139777104370296,46,BTCUSDT,15m,conditioned,quantile_2_rolling_240,high_vol,high_vol_0022,"log_return,abs_log_return,rolling_volatility_60,rolling_volatility_30,hl_range,volume_zscore,quote_volume,number_of_trades,taker_buy_base_volume,taker_buy_quote_volume,spread_proxy,open,high,low,close,volume,pct_return,rolling_volatility_240,absolute_return,squared_return,rolling_vol,range",24,72,0.65,5,0.2,True,success
locomotif.locomotif,5,0.12736010272055864,26,BTCUSDT,15m,conditioned,quantile_2_rolling_240,high_vol,high_vol_0022,"log_return,abs_log_return,rolling_volatility_60,rolling_volatility_30,hl_range,volume_zscore,quote_volume,number_of_trades,taker_buy_base_volume,taker_buy_quote_volume,spread_proxy,open,high,low,close,volume,pct_return,rolling_volatility_240,absolute_return,squared_return,rolling_vol,range",48,168,0.65,5,0.2,True,success
locomotif.locomotif,5,0.03256209194660187,22,BTCUSDT,15m,conditioned,quantile_2_rolling_240,high_vol,high_vol_0023,"log_return,abs_log_return,rolling_volatility_60,rolling_volatility_30,hl_range,volume_zscore,quote_volume,number_of_trades,taker_buy_base_volume,taker_buy_quote_volume,spread_proxy,open,high,low,close,volume,pct_return,rolling_volatility_240,absolute_return,squared_return,rolling_vol,range",24,72,0.65,5,0.2,True,success
locomotif.locomotif,2,0.02612063568085432,9,BTCUSDT,15m,conditioned,quantile_2_rolling_240,high_vol,high_vol_0023,"log_return,abs_log_return,rolling_volatility_60,rolling_volatility_30,hl_range,volume_zscore,quote_volume,number_of_trades,taker_buy_base_volume,taker_buy_quote_volume,spread_proxy,open,high,low,close,volume,pct_return,rolling_volatility_240,absolute_return,squared_return,rolling_vol,range",48,168,0.65,5,0.2,True,success
locomotif.locomotif,5,0.11896731331944466,47,BTCUSDT,15m,conditioned,quantile_2_rolling_240,high_vol,high_vol_0024,"log_return,abs_log_return,rolling_volatility_60,rolling_volatility_30,hl_range,volume_zscore,quote_volume,number_of_trades,taker_buy_base_volume,taker_buy_quote_volume,spread_proxy,open,high,low,close,volume,pct_return,rolling_volatility_240,absolute_return,squared_return,rolling_vol,range",24,72,0.65,5,0.2,True,success
locomotif.locomotif,5,0.11072630248963833,28,BTCUSDT,15m,conditioned,quantile_2_rolling_240,high_vol,high_vol_0024,"log_return,abs_log_return,rolling_volatility_60,rolling_volatility_30,hl_range,volume_zscore,quote_volume,number_of_trades,taker_buy_base_volume,taker_buy_quote_volume,spread_proxy,open,high,low,close,volume,pct_return,rolling_volatility_240,absolute_return,squared_return,rolling_vol,range",48,168,0.65,5,0.2,True,success
locomotif.locomotif,5,0.14120775368064642,49,BTCUSDT,15m,conditioned,quantile_2_rolling_240,high_vol,high_vol_0025,"log_return,abs_log_return,rolling_volatility_60,rolling_volatility_30,hl_range,volume_zscore,quote_volume,number_of_trades,taker_buy_base_volume,taker_buy_quote_volume,spread_proxy,open,high,low,close,volume,pct_return,rolling_volatility_240,absolute_return,squared_return,rolling_vol,range",24,72,0.65,5,0.2,True,success
locomotif.locomotif,5,0.1337111135944724,23,BTCUSDT,15m,conditioned,quantile_2_rolling_240,high_vol,high_vol_0025,"log_return,abs_log_return,rolling_volatility_60,rolling_volatility_30,hl_range,volume_zscore,quote_volume,number_of_trades,taker_buy_base_volume,taker_buy_quote_volume,spread_proxy,open,high,low,close,volume,pct_return,rolling_volatility_240,absolute_return,squared_return,rolling_vol,range",48,168,0.65,5,0.2,True,success
locomotif.locomotif,5,0.07718927413225174,36,BTCUSDT,15m,conditioned,quantile_2_rolling_240,high_vol,high_vol_0026,"log_return,abs_log_return,rolling_volatility_60,rolling_volatility_30,hl_range,volume_zscore,quote_volume,number_of_trades,taker_buy_base_volume,taker_buy_quote_volume,spread_proxy,open,high,low,close,volume,pct_return,rolling_volatility_240,absolute_return,squared_return,rolling_vol,range",24,72,0.65,5,0.2,True,success
locomotif.locomotif,5,0.0718075716868043,21,BTCUSDT,15m,conditioned,quantile_2_rolling_240,high_vol,high_vol_0026,"log_return,abs_log_return,rolling_volatility_60,rolling_volatility_30,hl_range,volume_zscore,quote_volume,number_of_trades,taker_buy_base_volume,taker_buy_quote_volume,spread_proxy,open,high,low,close,volume,pct_return,rolling_volatility_240,absolute_return,squared_return,rolling_vol,range",48,168,0.65,5,0.2,True,success
locomotif.locomotif,5,0.023427286185324192,23,BTCUSDT,15m,conditioned,quantile_2_rolling_240,low_vol,low_vol_0027,"log_return,abs_log_return,rolling_volatility_60,rolling_volatility_30,hl_range,volume_zscore,quote_volume,number_of_trades,taker_buy_base_volume,taker_buy_quote_volume,spread_proxy,open,high,low,close,volume,pct_return,rolling_volatility_240,absolute_return,squared_return,rolling_vol,range",24,72,0.65,5,0.2,True,success
locomotif.locomotif,2,0.019658409990370274,8,BTCUSDT,15m,conditioned,quantile_2_rolling_240,low_vol,low_vol_0027,"log_return,abs_log_return,rolling_volatility_60,rolling_volatility_30,hl_range,volume_zscore,quote_volume,number_of_trades,taker_buy_base_volume,taker_buy_quote_volume,spread_proxy,open,high,low,close,volume,pct_return,rolling_volatility_240,absolute_return,squared_return,rolling_vol,range",48,168,0.65,5,0.2,True,success
locomotif.locomotif,5,0.09427299164235592,33,BTCUSDT,15m,conditioned,quantile_2_rolling_240,low_vol,low_vol_0028,"log_return,abs_log_return,rolling_volatility_60,rolling_volatility_30,hl_range,volume_zscore,quote_volume,number_of_trades,taker_buy_base_volume,taker_buy_quote_volume,spread_proxy,open,high,low,close,volume,pct_return,rolling_volatility_240,absolute_return,squared_return,rolling_vol,range",24,72,0.65,5,0.2,True,success
locomotif.locomotif,5,0.08322851546108723,25,BTCUSDT,15m,conditioned,quantile_2_rolling_240,low_vol,low_vol_0028,"log_return,abs_log_return,rolling_volatility_60,rolling_volatility_30,hl_range,volume_zscore,quote_volume,number_of_trades,taker_buy_base_volume,taker_buy_quote_volume,spread_proxy,open,high,low,close,volume,pct_return,rolling_volatility_240,absolute_return,squared_return,rolling_vol,range",48,168,0.65,5,0.2,True,success
locomotif.locomotif,4,0.025767515413463116,23,BTCUSDT,15m,conditioned,quantile_2_rolling_240,low_vol,low_vol_0029,"log_return,abs_log_return,rolling_volatility_60,rolling_volatility_30,hl_range,volume_zscore,quote_volume,number_of_trades,taker_buy_base_volume,taker_buy_quote_volume,spread_proxy,open,high,low,close,volume,pct_return,rolling_volatility_240,absolute_return,squared_return,rolling_vol,range",24,72,0.65,5,0.2,True,success
locomotif.locomotif,2,0.02241679560393095,9,BTCUSDT,15m,conditioned,quantile_2_rolling_240,low_vol,low_vol_0029,"log_return,abs_log_return,rolling_volatility_60,rolling_volatility_30,hl_range,volume_zscore,quote_volume,number_of_trades,taker_buy_base_volume,taker_buy_quote_volume,spread_proxy,open,high,low,close,volume,pct_return,rolling_volatility_240,absolute_return,squared_return,rolling_vol,range",48,168,0.65,5,0.2,True,success
locomotif.locomotif,5,0.1306780418381095,42,BTCUSDT,15m,conditioned,quantile_2_rolling_240,low_vol,low_vol_0030,"log_return,abs_log_return,rolling_volatility_60,rolling_volatility_30,hl_range,volume_zscore,quote_volume,number_of_trades,taker_buy_base_volume,taker_buy_quote_volume,spread_proxy,open,high,low,close,volume,pct_return,rolling_volatility_240,absolute_return,squared_return,rolling_vol,range",24,72,0.65,5,0.2,True,success
locomotif.locomotif,3,0.12068516574800014,17,BTCUSDT,15m,conditioned,quantile_2_rolling_240,low_vol,low_vol_0030,"log_return,abs_log_return,rolling_volatility_60,rolling_volatility_30,hl_range,volume_zscore,quote_volume,number_of_trades,taker_buy_base_volume,taker_buy_quote_volume,spread_proxy,open,high,low,close,volume,pct_return,rolling_volatility_240,absolute_return,squared_return,rolling_vol,range",48,168,0.65,5,0.2,True,success
locomotif.locomotif,5,0.39274757727980614,71,BTCUSDT,15m,conditioned,quantile_2_rolling_240,low_vol,low_vol_0031,"log_return,abs_log_return,rolling_volatility_60,rolling_volatility_30,hl_range,volume_zscore,quote_volume,number_of_trades,taker_buy_base_volume,taker_buy_quote_volume,spread_proxy,open,high,low,close,volume,pct_return,rolling_volatility_240,absolute_return,squared_return,rolling_vol,range",24,72,0.65,5,0.2,True,success
locomotif.locomotif,5,0.38153428584337234,32,BTCUSDT,15m,conditioned,quantile_2_rolling_240,low_vol,low_vol_0031,"log_return,abs_log_return,rolling_volatility_60,rolling_volatility_30,hl_range,volume_zscore,quote_volume,number_of_trades,taker_buy_base_volume,taker_buy_quote_volume,spread_proxy,open,high,low,close,volume,pct_return,rolling_volatility_240,absolute_return,squared_return,rolling_vol,range",48,168,0.65,5,0.2,True,success
locomotif.locomotif,5,0.03941226098686457,24,BTCUSDT,15m,conditioned,quantile_2_rolling_240,high_vol,high_vol_0032,"log_return,abs_log_return,rolling_volatility_60,rolling_volatility_30,hl_range,volume_zscore,quote_volume,number_of_trades,taker_buy_base_volume,taker_buy_quote_volume,spread_proxy,open,high,low,close,volume,pct_return,rolling_volatility_240,absolute_return,squared_return,rolling_vol,range",24,72,0.65,5,0.2,True,success
locomotif.locomotif,3,0.03187060169875622,15,BTCUSDT,15m,conditioned,quantile_2_rolling_240,high_vol,high_vol_0032,"log_return,abs_log_return,rolling_volatility_60,rolling_volatility_30,hl_range,volume_zscore,quote_volume,number_of_trades,taker_buy_base_volume,taker_buy_quote_volume,spread_proxy,open,high,low,close,volume,pct_return,rolling_volatility_240,absolute_return,squared_return,rolling_vol,range",48,168,0.65,5,0.2,True,success
locomotif.locomotif,4,0.032621550373733044,26,BTCUSDT,15m,conditioned,quantile_2_rolling_240,low_vol,low_vol_0033,"log_return,abs_log_return,rolling_volatility_60,rolling_volatility_30,hl_range,volume_zscore,quote_volume,number_of_trades,taker_buy_base_volume,taker_buy_quote_volume,spread_proxy,open,high,low,close,volume,pct_return,rolling_volatility_240,absolute_return,squared_return,rolling_vol,range",24,72,0.65,5,0.2,True,success
locomotif.locomotif,4,0.02886232826858759,15,BTCUSDT,15m,conditioned,quantile_2_rolling_240,low_vol,low_vol_0033,"log_return,abs_log_return,rolling_volatility_60,rolling_volatility_30,hl_range,volume_zscore,quote_volume,number_of_trades,taker_buy_base_volume,taker_buy_quote_volume,spread_proxy,open,high,low,close,volume,pct_return,rolling_volatility_240,absolute_return,squared_return,rolling_vol,range",48,168,0.65,5,0.2,True,success
locomotif.locomotif,5,0.04492705315351486,32,BTCUSDT,15m,conditioned,quantile_2_rolling_240,low_vol,low_vol_0034,"log_return,abs_log_return,rolling_volatility_60,rolling_volatility_30,hl_range,volume_zscore,quote_volume,number_of_trades,taker_buy_base_volume,taker_buy_quote_volume,spread_proxy,open,high,low,close,volume,pct_return,rolling_volatility_240,absolute_return,squared_return,rolling_vol,range",24,72,0.65,5,0.2,True,success
locomotif.locomotif,4,0.03807275742292404,15,BTCUSDT,15m,conditioned,quantile_2_rolling_240,low_vol,low_vol_0034,"log_return,abs_log_return,rolling_volatility_60,rolling_volatility_30,hl_range,volume_zscore,quote_volume,number_of_trades,taker_buy_base_volume,taker_buy_quote_volume,spread_proxy,open,high,low,close,volume,pct_return,rolling_volatility_240,absolute_return,squared_return,rolling_vol,range",48,168,0.65,5,0.2,True,success
locomotif.locomotif,4,0.0265147490426898,20,BTCUSDT,15m,conditioned,quantile_2_rolling_240,low_vol,low_vol_0035,"log_return,abs_log_return,rolling_volatility_60,rolling_volatility_30,hl_range,volume_zscore,quote_volume,number_of_trades,taker_buy_base_volume,taker_buy_quote_volume,spread_proxy,open,high,low,close,volume,pct_return,rolling_volatility_240,absolute_return,squared_return,rolling_vol,range",24,72,0.65,5,0.2,True,success
locomotif.locomotif,4,0.022242974489927292,13,BTCUSDT,15m,conditioned,quantile_2_rolling_240,low_vol,low_vol_0035,"log_return,abs_log_return,rolling_volatility_60,rolling_volatility_30,hl_range,volume_zscore,quote_volume,number_of_trades,taker_buy_base_volume,taker_buy_quote_volume,spread_proxy,open,high,low,close,volume,pct_return,rolling_volatility_240,absolute_return,squared_return,rolling_vol,range",48,168,0.65,5,0.2,True,success
locomotif.locomotif,5,0.043669773265719414,27,BTCUSDT,15m,conditioned,quantile_2_rolling_240,low_vol,low_vol_0036,"log_return,abs_log_return,rolling_volatility_60,rolling_volatility_30,hl_range,volume_zscore,quote_volume,number_of_trades,taker_buy_base_volume,taker_buy_quote_volume,spread_proxy,open,high,low,close,volume,pct_return,rolling_volatility_240,absolute_return,squared_return,rolling_vol,range",24,72,0.65,5,0.2,True,success
locomotif.locomotif,3,0.036698952317237854,13,BTCUSDT,15m,conditioned,quantile_2_rolling_240,low_vol,low_vol_0036,"log_return,abs_log_return,rolling_volatility_60,rolling_volatility_30,hl_range,volume_zscore,quote_volume,number_of_trades,taker_buy_base_volume,taker_buy_quote_volume,spread_proxy,open,high,low,close,volume,pct_return,rolling_volatility_240,absolute_return,squared_return,rolling_vol,range",48,168,0.65,5,0.2,True,success
locomotif.locomotif,5,0.07905063312500715,34,BTCUSDT,15m,conditioned,quantile_2_rolling_240,low_vol,low_vol_0037,"log_return,abs_log_return,rolling_volatility_60,rolling_volatility_30,hl_range,volume_zscore,quote_volume,number_of_trades,taker_buy_base_volume,taker_buy_quote_volume,spread_proxy,open,high,low,close,volume,pct_return,rolling_volatility_240,absolute_return,squared_return,rolling_vol,range",24,72,0.65,5,0.2,True,success
locomotif.locomotif,5,0.06869546324014664,23,BTCUSDT,15m,conditioned,quantile_2_rolling_240,low_vol,low_vol_0037,"log_return,abs_log_return,rolling_volatility_60,rolling_volatility_30,hl_range,volume_zscore,quote_volume,number_of_trades,taker_buy_base_volume,taker_buy_quote_volume,spread_proxy,open,high,low,close,volume,pct_return,rolling_volatility_240,absolute_return,squared_return,rolling_vol,range",48,168,0.65,5,0.2,True,success
locomotif.locomotif,5,0.3951535951346159,69,BTCUSDT,15m,conditioned,quantile_2_rolling_240,low_vol,low_vol_0038,"log_return,abs_log_return,rolling_volatility_60,rolling_volatility_30,hl_range,volume_zscore,quote_volume,number_of_trades,taker_buy_base_volume,taker_buy_quote_volume,spread_proxy,open,high,low,close,volume,pct_return,rolling_volatility_240,absolute_return,squared_return,rolling_vol,range",24,72,0.65,5,0.2,True,success
locomotif.locomotif,5,0.36555399745702744,32,BTCUSDT,15m,conditioned,quantile_2_rolling_240,low_vol,low_vol_0038,"log_return,abs_log_return,rolling_volatility_60,rolling_volatility_30,hl_range,volume_zscore,quote_volume,number_of_trades,taker_buy_base_volume,taker_buy_quote_volume,spread_proxy,open,high,low,close,volume,pct_return,rolling_volatility_240,absolute_return,squared_return,rolling_vol,range",48,168,0.65,5,0.2,True,success
locomotif.locomotif,4,0.031043177470564842,22,BTCUSDT,15m,conditioned,quantile_2_rolling_240,low_vol,low_vol_0039,"log_return,abs_log_return,rolling_volatility_60,rolling_volatility_30,hl_range,volume_zscore,quote_volume,number_of_trades,taker_buy_base_volume,taker_buy_quote_volume,spread_proxy,open,high,low,close,volume,pct_return,rolling_volatility_240,absolute_return,squared_return,rolling_vol,range",24,72,0.65,5,0.2,True,success
locomotif.locomotif,2,0.024902664124965668,9,BTCUSDT,15m,conditioned,quantile_2_rolling_240,low_vol,low_vol_0039,"log_return,abs_log_return,rolling_volatility_60,rolling_volatility_30,hl_range,volume_zscore,quote_volume,number_of_trades,taker_buy_base_volume,taker_buy_quote_volume,spread_proxy,open,high,low,close,volume,pct_return,rolling_volatility_240,absolute_return,squared_return,rolling_vol,range",48,168,0.65,5,0.2,True,success
locomotif.locomotif,3,0.042207333259284496,19,BTCUSDT,15m,conditioned,quantile_2_rolling_240,low_vol,low_vol_0040,"log_return,abs_log_return,rolling_volatility_60,rolling_volatility_30,hl_range,volume_zscore,quote_volume,number_of_trades,taker_buy_base_volume,taker_buy_quote_volume,spread_proxy,open,high,low,close,volume,pct_return,rolling_volatility_240,absolute_return,squared_return,rolling_vol,range",24,72,0.65,5,0.2,True,success
locomotif.locomotif,2,0.03834246285259724,10,BTCUSDT,15m,conditioned,quantile_2_rolling_240,low_vol,low_vol_0040,"log_return,abs_log_return,rolling_volatility_60,rolling_volatility_30,hl_range,volume_zscore,quote_volume,number_of_trades,taker_buy_base_volume,taker_buy_quote_volume,spread_proxy,open,high,low,close,volume,pct_return,rolling_volatility_240,absolute_return,squared_return,rolling_vol,range",48,168,0.65,5,0.2,True,success
locomotif.locomotif,4,0.024739068932831287,21,BTCUSDT,15m,conditioned,quantile_2_rolling_240,low_vol,low_vol_0041,"log_return,abs_log_return,rolling_volatility_60,rolling_volatility_30,hl_range,volume_zscore,quote_volume,number_of_trades,taker_buy_base_volume,taker_buy_quote_volume,spread_proxy,open,high,low,close,volume,pct_return,rolling_volatility_240,absolute_return,squared_return,rolling_vol,range",24,72,0.65,5,0.2,True,success
locomotif.locomotif,1,0.02121806424111128,7,BTCUSDT,15m,conditioned,quantile_2_rolling_240,low_vol,low_vol_0041,"log_return,abs_log_return,rolling_volatility_60,rolling_volatility_30,hl_range,volume_zscore,quote_volume,number_of_trades,taker_buy_base_volume,taker_buy_quote_volume,spread_proxy,open,high,low,close,volume,pct_return,rolling_volatility_240,absolute_return,squared_return,rolling_vol,range",48,168,0.65,5,0.2,True,success
locomotif.locomotif,5,0.1284957705065608,43,BTCUSDT,15m,conditioned,quantile_2_rolling_240,low_vol,low_vol_0042,"log_return,abs_log_return,rolling_volatility_60,rolling_volatility_30,hl_range,volume_zscore,quote_volume,number_of_trades,taker_buy_base_volume,taker_buy_quote_volume,spread_proxy,open,high,low,close,volume,pct_return,rolling_volatility_240,absolute_return,squared_return,rolling_vol,range",24,72,0.65,5,0.2,True,success
locomotif.locomotif,5,0.11475261580199003,26,BTCUSDT,15m,conditioned,quantile_2_rolling_240,low_vol,low_vol_0042,"log_return,abs_log_return,rolling_volatility_60,rolling_volatility_30,hl_range,volume_zscore,quote_volume,number_of_trades,taker_buy_base_volume,taker_buy_quote_volume,spread_proxy,open,high,low,close,volume,pct_return,rolling_volatility_240,absolute_return,squared_return,rolling_vol,range",48,168,0.65,5,0.2,True,success
locomotif.locomotif,5,0.08425688091665506,32,BTCUSDT,15m,conditioned,quantile_2_rolling_240,low_vol,low_vol_0043,"log_return,abs_log_return,rolling_volatility_60,rolling_volatility_30,hl_range,volume_zscore,quote_volume,number_of_trades,taker_buy_base_volume,taker_buy_quote_volume,spread_proxy,open,high,low,close,volume,pct_return,rolling_volatility_240,absolute_return,squared_return,rolling_vol,range",24,72,0.65,5,0.2,True,success
locomotif.locomotif,3,0.07209271099418402,16,BTCUSDT,15m,conditioned,quantile_2_rolling_240,low_vol,low_vol_0043,"log_return,abs_log_return,rolling_volatility_60,rolling_volatility_30,hl_range,volume_zscore,quote_volume,number_of_trades,taker_buy_base_volume,taker_buy_quote_volume,spread_proxy,open,high,low,close,volume,pct_return,rolling_volatility_240,absolute_return,squared_return,rolling_vol,range",48,168,0.65,5,0.2,True,success
locomotif.locomotif,5,0.039305330254137516,26,BTCUSDT,15m,conditioned,quantile_2_rolling_240,low_vol,low_vol_0044,"log_return,abs_log_return,rolling_volatility_60,rolling_volatility_30,hl_range,volume_zscore,quote_volume,number_of_trades,taker_buy_base_volume,taker_buy_quote_volume,spread_proxy,open,high,low,close,volume,pct_return,rolling_volatility_240,absolute_return,squared_return,rolling_vol,range",24,72,0.65,5,0.2,True,success
locomotif.locomotif,3,0.033286429941654205,14,BTCUSDT,15m,conditioned,quantile_2_rolling_240,low_vol,low_vol_0044,"log_return,abs_log_return,rolling_volatility_60,rolling_volatility_30,hl_range,volume_zscore,quote_volume,number_of_trades,taker_buy_base_volume,taker_buy_quote_volume,spread_proxy,open,high,low,close,volume,pct_return,rolling_volatility_240,absolute_return,squared_return,rolling_vol,range",48,168,0.65,5,0.2,True,success
locomotif.locomotif,5,0.029060015454888344,22,BTCUSDT,15m,conditioned,quantile_2_rolling_240,low_vol,low_vol_0045,"log_return,abs_log_return,rolling_volatility_60,rolling_volatility_30,hl_range,volume_zscore,quote_volume,number_of_trades,taker_buy_base_volume,taker_buy_quote_volume,spread_proxy,open,high,low,close,volume,pct_return,rolling_volatility_240,absolute_return,squared_return,rolling_vol,range",24,72,0.65,5,0.2,True,success
locomotif.locomotif,2,0.024014348164200783,9,BTCUSDT,15m,conditioned,quantile_2_rolling_240,low_vol,low_vol_0045,"log_return,abs_log_return,rolling_volatility_60,rolling_volatility_30,hl_range,volume_zscore,quote_volume,number_of_trades,taker_buy_base_volume,taker_buy_quote_volume,spread_proxy,open,high,low,close,volume,pct_return,rolling_volatility_240,absolute_return,squared_return,rolling_vol,range",48,168,0.65,5,0.2,True,success
locomotif.locomotif,4,0.07387831527739763,35,BTCUSDT,15m,conditioned,quantile_2_rolling_240,low_vol,low_vol_0046,"log_return,abs_log_return,rolling_volatility_60,rolling_volatility_30,hl_range,volume_zscore,quote_volume,number_of_trades,taker_buy_base_volume,taker_buy_quote_volume,spread_proxy,open,high,low,close,volume,pct_return,rolling_volatility_240,absolute_return,squared_return,rolling_vol,range",24,72,0.65,5,0.2,True,success
locomotif.locomotif,5,0.06552279181778431,22,BTCUSDT,15m,conditioned,quantile_2_rolling_240,low_vol,low_vol_0046,"log_return,abs_log_return,rolling_volatility_60,rolling_volatility_30,hl_range,volume_zscore,quote_volume,number_of_trades,taker_buy_base_volume,taker_buy_quote_volume,spread_proxy,open,high,low,close,volume,pct_return,rolling_volatility_240,absolute_return,squared_return,rolling_vol,range",48,168,0.65,5,0.2,True,success
locomotif.locomotif,5,0.045686716213822365,31,BTCUSDT,15m,conditioned,quantile_2_rolling_240,low_vol,low_vol_0047,"log_return,abs_log_return,rolling_volatility_60,rolling_volatility_30,hl_range,volume_zscore,quote_volume,number_of_trades,taker_buy_base_volume,taker_buy_quote_volume,spread_proxy,open,high,low,close,volume,pct_return,rolling_volatility_240,absolute_return,squared_return,rolling_vol,range",24,72,0.65,5,0.2,True,success
locomotif.locomotif,2,0.04064763989299536,10,BTCUSDT,15m,conditioned,quantile_2_rolling_240,low_vol,low_vol_0047,"log_return,abs_log_return,rolling_volatility_60,rolling_volatility_30,hl_range,volume_zscore,quote_volume,number_of_trades,taker_buy_base_volume,taker_buy_quote_volume,spread_proxy,open,high,low,close,volume,pct_return,rolling_volatility_240,absolute_return,squared_return,rolling_vol,range",48,168,0.65,5,0.2,True,success
locomotif.locomotif,5,0.045798384584486485,26,BTCUSDT,15m,conditioned,quantile_2_rolling_240,high_vol,high_vol_0048,"log_return,abs_log_return,rolling_volatility_60,rolling_volatility_30,hl_range,volume_zscore,quote_volume,number_of_trades,taker_buy_base_volume,taker_buy_quote_volume,spread_proxy,open,high,low,close,volume,pct_return,rolling_volatility_240,absolute_return,squared_return,rolling_vol,range",24,72,0.65,5,0.2,True,success
locomotif.locomotif,3,0.04194643162190914,12,BTCUSDT,15m,conditioned,quantile_2_rolling_240,high_vol,high_vol_0048,"log_return,abs_log_return,rolling_volatility_60,rolling_volatility_30,hl_range,volume_zscore,quote_volume,number_of_trades,taker_buy_base_volume,taker_buy_quote_volume,spread_proxy,open,high,low,close,volume,pct_return,rolling_volatility_240,absolute_return,squared_return,rolling_vol,range",48,168,0.65,5,0.2,True,success
locomotif.locomotif,4,0.02558961696922779,21,BTCUSDT,15m,conditioned,quantile_2_rolling_240,high_vol,high_vol_0049,"log_return,abs_log_return,rolling_volatility_60,rolling_volatility_30,hl_range,volume_zscore,quote_volume,number_of_trades,taker_buy_base_volume,taker_buy_quote_volume,spread_proxy,open,high,low,close,volume,pct_return,rolling_volatility_240,absolute_return,squared_return,rolling_vol,range",24,72,0.65,5,0.2,True,success
locomotif.locomotif,2,0.02168193180114031,9,BTCUSDT,15m,conditioned,quantile_2_rolling_240,high_vol,high_vol_0049,"log_return,abs_log_return,rolling_volatility_60,rolling_volatility_30,hl_range,volume_zscore,quote_volume,number_of_trades,taker_buy_base_volume,taker_buy_quote_volume,spread_proxy,open,high,low,close,volume,pct_return,rolling_volatility_240,absolute_return,squared_return,rolling_vol,range",48,168,0.65,5,0.2,True,success
locomotif.locomotif,4,0.04233668930828571,27,BTCUSDT,15m,conditioned,quantile_2_rolling_240,low_vol,low_vol_0050,"log_return,abs_log_return,rolling_volatility_60,rolling_volatility_30,hl_range,volume_zscore,quote_volume,number_of_trades,taker_buy_base_volume,taker_buy_quote_volume,spread_proxy,open,high,low,close,volume,pct_return,rolling_volatility_240,absolute_return,squared_return,rolling_vol,range",24,72,0.65,5,0.2,True,success
locomotif.locomotif,3,0.039739432744681835,13,BTCUSDT,15m,conditioned,quantile_2_rolling_240,low_vol,low_vol_0050,"log_return,abs_log_return,rolling_volatility_60,rolling_volatility_30,hl_range,volume_zscore,quote_volume,number_of_trades,taker_buy_base_volume,taker_buy_quote_volume,spread_proxy,open,high,low,close,volume,pct_return,rolling_volatility_240,absolute_return,squared_return,rolling_vol,range",48,168,0.65,5,0.2,True,success
locomotif.locomotif,5,0.04807728063315153,34,BTCUSDT,15m,conditioned,quantile_2_rolling_240,low_vol,low_vol_0051,"log_return,abs_log_return,rolling_volatility_60,rolling_volatility_30,hl_range,volume_zscore,quote_volume,number_of_trades,taker_buy_base_volume,taker_buy_quote_volume,spread_proxy,open,high,low,close,volume,pct_return,rolling_volatility_240,absolute_return,squared_return,rolling_vol,range",24,72,0.65,5,0.2,True,success
locomotif.locomotif,5,0.04305219370871782,18,BTCUSDT,15m,conditioned,quantile_2_rolling_240,low_vol,low_vol_0051,"log_return,abs_log_return,rolling_volatility_60,rolling_volatility_30,hl_range,volume_zscore,quote_volume,number_of_trades,taker_buy_base_volume,taker_buy_quote_volume,spread_proxy,open,high,low,close,volume,pct_return,rolling_volatility_240,absolute_return,squared_return,rolling_vol,range",48,168,0.65,5,0.2,True,success
locomotif.locomotif,5,0.025691980496048927,22,BTCUSDT,15m,conditioned,quantile_2_rolling_240,high_vol,high_vol_0052,"log_return,abs_log_return,rolling_volatility_60,rolling_volatility_30,hl_range,volume_zscore,quote_volume,number_of_trades,taker_buy_base_volume,taker_buy_quote_volume,spread_proxy,open,high,low,close,volume,pct_return,rolling_volatility_240,absolute_return,squared_return,rolling_vol,range",24,72,0.65,5,0.2,True,success
locomotif.locomotif,3,0.020876971073448658,10,BTCUSDT,15m,conditioned,quantile_2_rolling_240,high_vol,high_vol_0052,"log_return,abs_log_return,rolling_volatility_60,rolling_volatility_30,hl_range,volume_zscore,quote_volume,number_of_trades,taker_buy_base_volume,taker_buy_quote_volume,spread_proxy,open,high,low,close,volume,pct_return,rolling_volatility_240,absolute_return,squared_return,rolling_vol,range",48,168,0.65,5,0.2,True,success
locomotif.locomotif,5,0.03095175977796316,29,BTCUSDT,15m,conditioned,quantile_2_rolling_240,high_vol,high_vol_0053,"log_return,abs_log_return,rolling_volatility_60,rolling_volatility_30,hl_range,volume_zscore,quote_volume,number_of_trades,taker_buy_base_volume,taker_buy_quote_volume,spread_proxy,open,high,low,close,volume,pct_return,rolling_volatility_240,absolute_return,squared_return,rolling_vol,range",24,72,0.65,5,0.2,True,success
locomotif.locomotif,3,0.025179531425237656,13,BTCUSDT,15m,conditioned,quantile_2_rolling_240,high_vol,high_vol_0053,"log_return,abs_log_return,rolling_volatility_60,rolling_volatility_30,hl_range,volume_zscore,quote_volume,number_of_trades,taker_buy_base_volume,taker_buy_quote_volume,spread_proxy,open,high,low,close,volume,pct_return,rolling_volatility_240,absolute_return,squared_return,rolling_vol,range",48,168,0.65,5,0.2,True,success
locomotif.locomotif,5,0.10431408043950796,31,BTCUSDT,15m,conditioned,quantile_2_rolling_240,low_vol,low_vol_0054,"log_return,abs_log_return,rolling_volatility_60,rolling_volatility_30,hl_range,volume_zscore,quote_volume,number_of_trades,taker_buy_base_volume,taker_buy_quote_volume,spread_proxy,open,high,low,close,volume,pct_return,rolling_volatility_240,absolute_return,squared_return,rolling_vol,range",24,72,0.65,5,0.2,True,success
locomotif.locomotif,5,0.09579930640757084,19,BTCUSDT,15m,conditioned,quantile_2_rolling_240,low_vol,low_vol_0054,"log_return,abs_log_return,rolling_volatility_60,rolling_volatility_30,hl_range,volume_zscore,quote_volume,number_of_trades,taker_buy_base_volume,taker_buy_quote_volume,spread_proxy,open,high,low,close,volume,pct_return,rolling_volatility_240,absolute_return,squared_return,rolling_vol,range",48,168,0.65,5,0.2,True,success
locomotif.locomotif,4,0.0559140145778656,30,BTCUSDT,15m,conditioned,quantile_2_rolling_240,low_vol,low_vol_0055,"log_return,abs_log_return,rolling_volatility_60,rolling_volatility_30,hl_range,volume_zscore,quote_volume,number_of_trades,taker_buy_base_volume,taker_buy_quote_volume,spread_proxy,open,high,low,close,volume,pct_return,rolling_volatility_240,absolute_return,squared_return,rolling_vol,range",24,72,0.65,5,0.2,True,success
locomotif.locomotif,4,0.05158719792962074,16,BTCUSDT,15m,conditioned,quantile_2_rolling_240,low_vol,low_vol_0055,"log_return,abs_log_return,rolling_volatility_60,rolling_volatility_30,hl_range,volume_zscore,quote_volume,number_of_trades,taker_buy_base_volume,taker_buy_quote_volume,spread_proxy,open,high,low,close,volume,pct_return,rolling_volatility_240,absolute_return,squared_return,rolling_vol,range",48,168,0.65,5,0.2,True,success
locomotif.locomotif,5,0.03276070952415466,23,BTCUSDT,15m,conditioned,quantile_2_rolling_240,low_vol,low_vol_0056,"log_return,abs_log_return,rolling_volatility_60,rolling_volatility_30,hl_range,volume_zscore,quote_volume,number_of_trades,taker_buy_base_volume,taker_buy_quote_volume,spread_proxy,open,high,low,close,volume,pct_return,rolling_volatility_240,absolute_return,squared_return,rolling_vol,range",24,72,0.65,5,0.2,True,success
locomotif.locomotif,4,0.028031128458678722,14,BTCUSDT,15m,conditioned,quantile_2_rolling_240,low_vol,low_vol_0056,"log_return,abs_log_return,rolling_volatility_60,rolling_volatility_30,hl_range,volume_zscore,quote_volume,number_of_trades,taker_buy_base_volume,taker_buy_quote_volume,spread_proxy,open,high,low,close,volume,pct_return,rolling_volatility_240,absolute_return,squared_return,rolling_vol,range",48,168,0.65,5,0.2,True,success
locomotif.locomotif,5,0.16785977967083454,42,BTCUSDT,15m,conditioned,quantile_2_rolling_240,low_vol,low_vol_0057,"log_return,abs_log_return,rolling_volatility_60,rolling_volatility_30,hl_range,volume_zscore,quote_volume,number_of_trades,taker_buy_base_volume,taker_buy_quote_volume,spread_proxy,open,high,low,close,volume,pct_return,rolling_volatility_240,absolute_return,squared_return,rolling_vol,range",24,72,0.65,5,0.2,True,success
locomotif.locomotif,4,0.16091845277696848,23,BTCUSDT,15m,conditioned,quantile_2_rolling_240,low_vol,low_vol_0057,"log_return,abs_log_return,rolling_volatility_60,rolling_volatility_30,hl_range,volume_zscore,quote_volume,number_of_trades,taker_buy_base_volume,taker_buy_quote_volume,spread_proxy,open,high,low,close,volume,pct_return,rolling_volatility_240,absolute_return,squared_return,rolling_vol,range",48,168,0.65,5,0.2,True,success
locomotif.locomotif,5,0.2449651174247265,61,BTCUSDT,15m,conditioned,quantile_2_rolling_240,low_vol,low_vol_0058,"log_return,abs_log_return,rolling_volatility_60,rolling_volatility_30,hl_range,volume_zscore,quote_volume,number_of_trades,taker_buy_base_volume,taker_buy_quote_volume,spread_proxy,open,high,low,close,volume,pct_return,rolling_volatility_240,absolute_return,squared_return,rolling_vol,range",24,72,0.65,5,0.2,True,success
locomotif.locomotif,5,0.23061989806592464,32,BTCUSDT,15m,conditioned,quantile_2_rolling_240,low_vol,low_vol_0058,"log_return,abs_log_return,rolling_volatility_60,rolling_volatility_30,hl_range,volume_zscore,quote_volume,number_of_trades,taker_buy_base_volume,taker_buy_quote_volume,spread_proxy,open,high,low,close,volume,pct_return,rolling_volatility_240,absolute_return,squared_return,rolling_vol,range",48,168,0.65,5,0.2,True,success
locomotif.locomotif,5,0.04354586731642485,26,BTCUSDT,15m,conditioned,quantile_2_rolling_240,low_vol,low_vol_0059,"log_return,abs_log_return,rolling_volatility_60,rolling_volatility_30,hl_range,volume_zscore,quote_volume,number_of_trades,taker_buy_base_volume,taker_buy_quote_volume,spread_proxy,open,high,low,close,volume,pct_return,rolling_volatility_240,absolute_return,squared_return,rolling_vol,range",24,72,0.65,5,0.2,True,success
locomotif.locomotif,2,0.040077872574329376,8,BTCUSDT,15m,conditioned,quantile_2_rolling_240,low_vol,low_vol_0059,"log_return,abs_log_return,rolling_volatility_60,rolling_volatility_30,hl_range,volume_zscore,quote_volume,number_of_trades,taker_buy_base_volume,taker_buy_quote_volume,spread_proxy,open,high,low,close,volume,pct_return,rolling_volatility_240,absolute_return,squared_return,rolling_vol,range",48,168,0.65,5,0.2,True,success
locomotif.locomotif,5,0.12875792477279902,40,BTCUSDT,15m,conditioned,quantile_2_rolling_240,low_vol,low_vol_0060,"log_return,abs_log_return,rolling_volatility_60,rolling_volatility_30,hl_range,volume_zscore,quote_volume,number_of_trades,taker_buy_base_volume,taker_buy_quote_volume,spread_proxy,open,high,low,close,volume,pct_return,rolling_volatility_240,absolute_return,squared_return,rolling_vol,range",24,72,0.65,5,0.2,True,success
locomotif.locomotif,3,0.11780974268913269,15,BTCUSDT,15m,conditioned,quantile_2_rolling_240,low_vol,low_vol_0060,"log_return,abs_log_return,rolling_volatility_60,rolling_volatility_30,hl_range,volume_zscore,quote_volume,number_of_trades,taker_buy_base_volume,taker_buy_quote_volume,spread_proxy,open,high,low,close,volume,pct_return,rolling_volatility_240,absolute_return,squared_return,rolling_vol,range",48,168,0.65,5,0.2,True,success
locomotif.locomotif,4,0.03408713452517986,24,BTCUSDT,15m,conditioned,quantile_2_rolling_240,low_vol,low_vol_0061,"log_return,abs_log_return,rolling_volatility_60,rolling_volatility_30,hl_range,volume_zscore,quote_volume,number_of_trades,taker_buy_base_volume,taker_buy_quote_volume,spread_proxy,open,high,low,close,volume,pct_return,rolling_volatility_240,absolute_return,squared_return,rolling_vol,range",24,72,0.65,5,0.2,True,success
locomotif.locomotif,2,0.02750731073319912,10,BTCUSDT,15m,conditioned,quantile_2_rolling_240,low_vol,low_vol_0061,"log_return,abs_log_return,rolling_volatility_60,rolling_volatility_30,hl_range,volume_zscore,quote_volume,number_of_trades,taker_buy_base_volume,taker_buy_quote_volume,spread_proxy,open,high,low,close,volume,pct_return,rolling_volatility_240,absolute_return,squared_return,rolling_vol,range",48,168,0.65,5,0.2,True,success
locomotif.locomotif,5,0.05847387295216322,31,BTCUSDT,15m,conditioned,quantile_2_rolling_240,low_vol,low_vol_0062,"log_return,abs_log_return,rolling_volatility_60,rolling_volatility_30,hl_range,volume_zscore,quote_volume,number_of_trades,taker_buy_base_volume,taker_buy_quote_volume,spread_proxy,open,high,low,close,volume,pct_return,rolling_volatility_240,absolute_return,squared_return,rolling_vol,range",24,72,0.65,5,0.2,True,success
locomotif.locomotif,4,0.05167842470109463,16,BTCUSDT,15m,conditioned,quantile_2_rolling_240,low_vol,low_vol_0062,"log_return,abs_log_return,rolling_volatility_60,rolling_volatility_30,hl_range,volume_zscore,quote_volume,number_of_trades,taker_buy_base_volume,taker_buy_quote_volume,spread_proxy,open,high,low,close,volume,pct_return,rolling_volatility_240,absolute_return,squared_return,rolling_vol,range",48,168,0.65,5,0.2,True,success
locomotif.locomotif,5,0.4076433051377535,68,BTCUSDT,15m,conditioned,quantile_2_rolling_240,low_vol,low_vol_0063,"log_return,abs_log_return,rolling_volatility_60,rolling_volatility_30,hl_range,volume_zscore,quote_volume,number_of_trades,taker_buy_base_volume,taker_buy_quote_volume,spread_proxy,open,high,low,close,volume,pct_return,rolling_volatility_240,absolute_return,squared_return,rolling_vol,range",24,72,0.65,5,0.2,True,success
locomotif.locomotif,5,0.3886908572167158,38,BTCUSDT,15m,conditioned,quantile_2_rolling_240,low_vol,low_vol_0063,"log_return,abs_log_return,rolling_volatility_60,rolling_volatility_30,hl_range,volume_zscore,quote_volume,number_of_trades,taker_buy_base_volume,taker_buy_quote_volume,spread_proxy,open,high,low,close,volume,pct_return,rolling_volatility_240,absolute_return,squared_return,rolling_vol,range",48,168,0.65,5,0.2,True,success
locomotif.locomotif,5,0.06067795678973198,36,BTCUSDT,15m,conditioned,quantile_2_rolling_240,low_vol,low_vol_0064,"log_return,abs_log_return,rolling_volatility_60,rolling_volatility_30,hl_range,volume_zscore,quote_volume,number_of_trades,taker_buy_base_volume,taker_buy_quote_volume,spread_proxy,open,high,low,close,volume,pct_return,rolling_volatility_240,absolute_return,squared_return,rolling_vol,range",24,72,0.65,5,0.2,True,success
locomotif.locomotif,3,0.05013561621308327,14,BTCUSDT,15m,conditioned,quantile_2_rolling_240,low_vol,low_vol_0064,"log_return,abs_log_return,rolling_volatility_60,rolling_volatility_30,hl_range,volume_zscore,quote_volume,number_of_trades,taker_buy_base_volume,taker_buy_quote_volume,spread_proxy,open,high,low,close,volume,pct_return,rolling_volatility_240,absolute_return,squared_return,rolling_vol,range",48,168,0.65,5,0.2,True,success
locomotif.locomotif,5,0.21172828134149313,59,BTCUSDT,15m,conditioned,quantile_2_rolling_30,high_vol,high_vol_0001,"log_return,abs_log_return,rolling_volatility_60,rolling_volatility_30,hl_range,volume_zscore,quote_volume,number_of_trades,taker_buy_base_volume,taker_buy_quote_volume,spread_proxy,open,high,low,close,volume,pct_return,rolling_volatility_240,absolute_return,squared_return,rolling_vol,range",24,72,0.65,5,0.2,True,success
locomotif.locomotif,3,0.18937850464135408,26,BTCUSDT,15m,conditioned,quantile_2_rolling_30,high_vol,high_vol_0001,"log_return,abs_log_return,rolling_volatility_60,rolling_volatility_30,hl_range,volume_zscore,quote_volume,number_of_trades,taker_buy_base_volume,taker_buy_quote_volume,spread_proxy,open,high,low,close,volume,pct_return,rolling_volatility_240,absolute_return,squared_return,rolling_vol,range",48,168,0.65,5,0.2,True,success
locomotif.locomotif,5,0.05754432547837496,27,BTCUSDT,15m,conditioned,quantile_2_rolling_30,high_vol,high_vol_0002,"log_return,abs_log_return,rolling_volatility_60,rolling_volatility_30,hl_range,volume_zscore,quote_volume,number_of_trades,taker_buy_base_volume,taker_buy_quote_volume,spread_proxy,open,high,low,close,volume,pct_return,rolling_volatility_240,absolute_return,squared_return,rolling_vol,range",24,72,0.65,5,0.2,True,success
locomotif.locomotif,2,0.050219422206282616,13,BTCUSDT,15m,conditioned,quantile_2_rolling_30,high_vol,high_vol_0002,"log_return,abs_log_return,rolling_volatility_60,rolling_volatility_30,hl_range,volume_zscore,quote_volume,number_of_trades,taker_buy_base_volume,taker_buy_quote_volume,spread_proxy,open,high,low,close,volume,pct_return,rolling_volatility_240,absolute_return,squared_return,rolling_vol,range",48,168,0.65,5,0.2,True,success
locomotif.locomotif,2,0.031504031270742416,17,BTCUSDT,15m,conditioned,quantile_2_rolling_30,high_vol,high_vol_0003,"log_return,abs_log_return,rolling_volatility_60,rolling_volatility_30,hl_range,volume_zscore,quote_volume,number_of_trades,taker_buy_base_volume,taker_buy_quote_volume,spread_proxy,open,high,low,close,volume,pct_return,rolling_volatility_240,absolute_return,squared_return,rolling_vol,range",24,72,0.65,5,0.2,True,success
locomotif.locomotif,1,0.02700552623718977,6,BTCUSDT,15m,conditioned,quantile_2_rolling_30,high_vol,high_vol_0003,"log_return,abs_log_return,rolling_volatility_60,rolling_volatility_30,hl_range,volume_zscore,quote_volume,number_of_trades,taker_buy_base_volume,taker_buy_quote_volume,spread_proxy,open,high,low,close,volume,pct_return,rolling_volatility_240,absolute_return,squared_return,rolling_vol,range",48,168,0.65,5,0.2,True,success
locomotif.locomotif,4,0.05264290515333414,30,BTCUSDT,15m,conditioned,quantile_2_rolling_30,low_vol,low_vol_0004,"log_return,abs_log_return,rolling_volatility_60,rolling_volatility_30,hl_range,volume_zscore,quote_volume,number_of_trades,taker_buy_base_volume,taker_buy_quote_volume,spread_proxy,open,high,low,close,volume,pct_return,rolling_volatility_240,absolute_return,squared_return,rolling_vol,range",24,72,0.65,5,0.2,True,success
locomotif.locomotif,3,0.052757637575268745,15,BTCUSDT,15m,conditioned,quantile_2_rolling_30,low_vol,low_vol_0004,"log_return,abs_log_return,rolling_volatility_60,rolling_volatility_30,hl_range,volume_zscore,quote_volume,number_of_trades,taker_buy_base_volume,taker_buy_quote_volume,spread_proxy,open,high,low,close,volume,pct_return,rolling_volatility_240,absolute_return,squared_return,rolling_vol,range",48,168,0.65,5,0.2,True,success
locomotif.locomotif,5,0.3986568134278059,69,BTCUSDT,15m,conditioned,quantile_2_rolling_30,low_vol,low_vol_0005,"log_return,abs_log_return,rolling_volatility_60,rolling_volatility_30,hl_range,volume_zscore,quote_volume,number_of_trades,taker_buy_base_volume,taker_buy_quote_volume,spread_proxy,open,high,low,close,volume,pct_return,rolling_volatility_240,absolute_return,squared_return,rolling_vol,range",24,72,0.65,5,0.2,True,success
locomotif.locomotif,5,0.3726053200662136,40,BTCUSDT,15m,conditioned,quantile_2_rolling_30,low_vol,low_vol_0005,"log_return,abs_log_return,rolling_volatility_60,rolling_volatility_30,hl_range,volume_zscore,quote_volume,number_of_trades,taker_buy_base_volume,taker_buy_quote_volume,spread_proxy,open,high,low,close,volume,pct_return,rolling_volatility_240,absolute_return,squared_return,rolling_vol,range",48,168,0.65,5,0.2,True,success
locomotif.locomotif,3,0.02938302978873253,21,BTCUSDT,15m,conditioned,quantile_2_rolling_30,high_vol,high_vol_0006,"log_return,abs_log_return,rolling_volatility_60,rolling_volatility_30,hl_range,volume_zscore,quote_volume,number_of_trades,taker_buy_base_volume,taker_buy_quote_volume,spread_proxy,open,high,low,close,volume,pct_return,rolling_volatility_240,absolute_return,squared_return,rolling_vol,range",24,72,0.65,5,0.2,True,success
locomotif.locomotif,3,0.02413542103022337,11,BTCUSDT,15m,conditioned,quantile_2_rolling_30,high_vol,high_vol_0006,"log_return,abs_log_return,rolling_volatility_60,rolling_volatility_30,hl_range,volume_zscore,quote_volume,number_of_trades,taker_buy_base_volume,taker_buy_quote_volume,spread_proxy,open,high,low,close,volume,pct_return,rolling_volatility_240,absolute_return,squared_return,rolling_vol,range",48,168,0.65,5,0.2,True,success
locomotif.locomotif,4,0.03821868635714054,23,BTCUSDT,15m,conditioned,quantile_2_rolling_30,low_vol,low_vol_0007,"log_return,abs_log_return,rolling_volatility_60,rolling_volatility_30,hl_range,volume_zscore,quote_volume,number_of_trades,taker_buy_base_volume,taker_buy_quote_volume,spread_proxy,open,high,low,close,volume,pct_return,rolling_volatility_240,absolute_return,squared_return,rolling_vol,range",24,72,0.65,5,0.2,True,success
locomotif.locomotif,3,0.03311606403440237,12,BTCUSDT,15m,conditioned,quantile_2_rolling_30,low_vol,low_vol_0007,"log_return,abs_log_return,rolling_volatility_60,rolling_volatility_30,hl_range,volume_zscore,quote_volume,number_of_trades,taker_buy_base_volume,taker_buy_quote_volume,spread_proxy,open,high,low,close,volume,pct_return,rolling_volatility_240,absolute_return,squared_return,rolling_vol,range",48,168,0.65,5,0.2,True,success
locomotif.locomotif,5,0.04039363656193018,31,BTCUSDT,15m,conditioned,quantile_2_rolling_30,low_vol,low_vol_0008,"log_return,abs_log_return,rolling_volatility_60,rolling_volatility_30,hl_range,volume_zscore,quote_volume,number_of_trades,taker_buy_base_volume,taker_buy_quote_volume,spread_proxy,open,high,low,close,volume,pct_return,rolling_volatility_240,absolute_return,squared_return,rolling_vol,range",24,72,0.65,5,0.2,True,success
locomotif.locomotif,1,0.034485734067857265,8,BTCUSDT,15m,conditioned,quantile_2_rolling_30,low_vol,low_vol_0008,"log_return,abs_log_return,rolling_volatility_60,rolling_volatility_30,hl_range,volume_zscore,quote_volume,number_of_trades,taker_buy_base_volume,taker_buy_quote_volume,spread_proxy,open,high,low,close,volume,pct_return,rolling_volatility_240,absolute_return,squared_return,rolling_vol,range",48,168,0.65,5,0.2,True,success
locomotif.locomotif,5,0.23744533024728298,57,BTCUSDT,15m,conditioned,quantile_2_rolling_30,high_vol,high_vol_0009,"log_return,abs_log_return,rolling_volatility_60,rolling_volatility_30,hl_range,volume_zscore,quote_volume,number_of_trades,taker_buy_base_volume,taker_buy_quote_volume,spread_proxy,open,high,low,close,volume,pct_return,rolling_volatility_240,absolute_return,squared_return,rolling_vol,range",24,72,0.65,5,0.2,True,success
locomotif.locomotif,4,0.2133045019581914,28,BTCUSDT,15m,conditioned,quantile_2_rolling_30,high_vol,high_vol_0009,"log_return,abs_log_return,rolling_volatility_60,rolling_volatility_30,hl_range,volume_zscore,quote_volume,number_of_trades,taker_buy_base_volume,taker_buy_quote_volume,spread_proxy,open,high,low,close,volume,pct_return,rolling_volatility_240,absolute_return,squared_return,rolling_vol,range",48,168,0.65,5,0.2,True,success
locomotif.locomotif,5,0.059612405486404896,30,BTCUSDT,15m,conditioned,quantile_2_rolling_30,high_vol,high_vol_0010,"log_return,abs_log_return,rolling_volatility_60,rolling_volatility_30,hl_range,volume_zscore,quote_volume,number_of_trades,taker_buy_base_volume,taker_buy_quote_volume,spread_proxy,open,high,low,close,volume,pct_return,rolling_volatility_240,absolute_return,squared_return,rolling_vol,range",24,72,0.65,5,0.2,True,success
locomotif.locomotif,2,0.05396414268761873,15,BTCUSDT,15m,conditioned,quantile_2_rolling_30,high_vol,high_vol_0010,"log_return,abs_log_return,rolling_volatility_60,rolling_volatility_30,hl_range,volume_zscore,quote_volume,number_of_trades,taker_buy_base_volume,taker_buy_quote_volume,spread_proxy,open,high,low,close,volume,pct_return,rolling_volatility_240,absolute_return,squared_return,rolling_vol,range",48,168,0.65,5,0.2,True,success
locomotif.locomotif,5,0.39536731597036123,75,BTCUSDT,15m,conditioned,quantile_2_rolling_30,high_vol,high_vol_0011,"log_return,abs_log_return,rolling_volatility_60,rolling_volatility_30,hl_range,volume_zscore,quote_volume,number_of_trades,taker_buy_base_volume,taker_buy_quote_volume,spread_proxy,open,high,low,close,volume,pct_return,rolling_volatility_240,absolute_return,squared_return,rolling_vol,range",24,72,0.65,5,0.2,True,success
locomotif.locomotif,5,0.37024492118507624,39,BTCUSDT,15m,conditioned,quantile_2_rolling_30,high_vol,high_vol_0011,"log_return,abs_log_return,rolling_volatility_60,rolling_volatility_30,hl_range,volume_zscore,quote_volume,number_of_trades,taker_buy_base_volume,taker_buy_quote_volume,spread_proxy,open,high,low,close,volume,pct_return,rolling_volatility_240,absolute_return,squared_return,rolling_vol,range",48,168,0.65,5,0.2,True,success
locomotif.locomotif,5,0.05937865283340216,30,BTCUSDT,15m,conditioned,quantile_2_rolling_30,high_vol,high_vol_0012,"log_return,abs_log_return,rolling_volatility_60,rolling_volatility_30,hl_range,volume_zscore,quote_volume,number_of_trades,taker_buy_base_volume,taker_buy_quote_volume,spread_proxy,open,high,low,close,volume,pct_return,rolling_volatility_240,absolute_return,squared_return,rolling_vol,range",24,72,0.65,5,0.2,True,success
locomotif.locomotif,5,0.055520943365991116,19,BTCUSDT,15m,conditioned,quantile_2_rolling_30,high_vol,high_vol_0012,"log_return,abs_log_return,rolling_volatility_60,rolling_volatility_30,hl_range,volume_zscore,quote_volume,number_of_trades,taker_buy_base_volume,taker_buy_quote_volume,spread_proxy,open,high,low,close,volume,pct_return,rolling_volatility_240,absolute_return,squared_return,rolling_vol,range",48,168,0.65,5,0.2,True,success
locomotif.locomotif,5,0.1220156354829669,42,BTCUSDT,15m,conditioned,quantile_2_rolling_30,high_vol,high_vol_0013,"log_return,abs_log_return,rolling_volatility_60,rolling_volatility_30,hl_range,volume_zscore,quote_volume,number_of_trades,taker_buy_base_volume,taker_buy_quote_volume,spread_proxy,open,high,low,close,volume,pct_return,rolling_volatility_240,absolute_return,squared_return,rolling_vol,range",24,72,0.65,5,0.2,True,success
locomotif.locomotif,4,0.1060544066131115,22,BTCUSDT,15m,conditioned,quantile_2_rolling_30,high_vol,high_vol_0013,"log_return,abs_log_return,rolling_volatility_60,rolling_volatility_30,hl_range,volume_zscore,quote_volume,number_of_trades,taker_buy_base_volume,taker_buy_quote_volume,spread_proxy,open,high,low,close,volume,pct_return,rolling_volatility_240,absolute_return,squared_return,rolling_vol,range",48,168,0.65,5,0.2,True,success
locomotif.locomotif,5,0.3208523038774729,60,BTCUSDT,15m,conditioned,quantile_2_rolling_30,high_vol,high_vol_0014,"log_return,abs_log_return,rolling_volatility_60,rolling_volatility_30,hl_range,volume_zscore,quote_volume,number_of_trades,taker_buy_base_volume,taker_buy_quote_volume,spread_proxy,open,high,low,close,volume,pct_return,rolling_volatility_240,absolute_return,squared_return,rolling_vol,range",24,72,0.65,5,0.2,True,success
locomotif.locomotif,5,0.29751797672361135,34,BTCUSDT,15m,conditioned,quantile_2_rolling_30,high_vol,high_vol_0014,"log_return,abs_log_return,rolling_volatility_60,rolling_volatility_30,hl_range,volume_zscore,quote_volume,number_of_trades,taker_buy_base_volume,taker_buy_quote_volume,spread_proxy,open,high,low,close,volume,pct_return,rolling_volatility_240,absolute_return,squared_return,rolling_vol,range",48,168,0.65,5,0.2,True,success
locomotif.locomotif,5,0.4044867092743516,71,BTCUSDT,15m,conditioned,quantile_2_rolling_30,high_vol,high_vol_0015,"log_return,abs_log_return,rolling_volatility_60,rolling_volatility_30,hl_range,volume_zscore,quote_volume,number_of_trades,taker_buy_base_volume,taker_buy_quote_volume,spread_proxy,open,high,low,close,volume,pct_return,rolling_volatility_240,absolute_return,squared_return,rolling_vol,range",24,72,0.65,5,0.2,True,success
locomotif.locomotif,5,0.3781918715685606,40,BTCUSDT,15m,conditioned,quantile_2_rolling_30,high_vol,high_vol_0015,"log_return,abs_log_return,rolling_volatility_60,rolling_volatility_30,hl_range,volume_zscore,quote_volume,number_of_trades,taker_buy_base_volume,taker_buy_quote_volume,spread_proxy,open,high,low,close,volume,pct_return,rolling_volatility_240,absolute_return,squared_return,rolling_vol,range",48,168,0.65,5,0.2,True,success
locomotif.locomotif,3,0.027458167634904385,19,BTCUSDT,15m,conditioned,quantile_2_rolling_30,high_vol,high_vol_0016,"log_return,abs_log_return,rolling_volatility_60,rolling_volatility_30,hl_range,volume_zscore,quote_volume,number_of_trades,taker_buy_base_volume,taker_buy_quote_volume,spread_proxy,open,high,low,close,volume,pct_return,rolling_volatility_240,absolute_return,squared_return,rolling_vol,range",24,72,0.65,5,0.2,True,success
locomotif.locomotif,3,0.023803191259503365,11,BTCUSDT,15m,conditioned,quantile_2_rolling_30,high_vol,high_vol_0016,"log_return,abs_log_return,rolling_volatility_60,rolling_volatility_30,hl_range,volume_zscore,quote_volume,number_of_trades,taker_buy_base_volume,taker_buy_quote_volume,spread_proxy,open,high,low,close,volume,pct_return,rolling_volatility_240,absolute_return,squared_return,rolling_vol,range",48,168,0.65,5,0.2,True,success
locomotif.locomotif,5,0.10765819810330868,39,BTCUSDT,15m,conditioned,quantile_2_rolling_30,high_vol,high_vol_0017,"log_return,abs_log_return,rolling_volatility_60,rolling_volatility_30,hl_range,volume_zscore,quote_volume,number_of_trades,taker_buy_base_volume,taker_buy_quote_volume,spread_proxy,open,high,low,close,volume,pct_return,rolling_volatility_240,absolute_return,squared_return,rolling_vol,range",24,72,0.65,5,0.2,True,success
locomotif.locomotif,3,0.09788026567548513,19,BTCUSDT,15m,conditioned,quantile_2_rolling_30,high_vol,high_vol_0017,"log_return,abs_log_return,rolling_volatility_60,rolling_volatility_30,hl_range,volume_zscore,quote_volume,number_of_trades,taker_buy_base_volume,taker_buy_quote_volume,spread_proxy,open,high,low,close,volume,pct_return,rolling_volatility_240,absolute_return,squared_return,rolling_vol,range",48,168,0.65,5,0.2,True,success
locomotif.locomotif,5,0.08641959261149168,34,BTCUSDT,15m,conditioned,quantile_2_rolling_30,high_vol,high_vol_0018,"log_return,abs_log_return,rolling_volatility_60,rolling_volatility_30,hl_range,volume_zscore,quote_volume,number_of_trades,taker_buy_base_volume,taker_buy_quote_volume,spread_proxy,open,high,low,close,volume,pct_return,rolling_volatility_240,absolute_return,squared_return,rolling_vol,range",24,72,0.65,5,0.2,True,success
locomotif.locomotif,5,0.0835844399407506,20,BTCUSDT,15m,conditioned,quantile_2_rolling_30,high_vol,high_vol_0018,"log_return,abs_log_return,rolling_volatility_60,rolling_volatility_30,hl_range,volume_zscore,quote_volume,number_of_trades,taker_buy_base_volume,taker_buy_quote_volume,spread_proxy,open,high,low,close,volume,pct_return,rolling_volatility_240,absolute_return,squared_return,rolling_vol,range",48,168,0.65,5,0.2,True,success
locomotif.locomotif,5,0.1286245146766305,45,BTCUSDT,15m,conditioned,quantile_2_rolling_30,high_vol,high_vol_0019,"log_return,abs_log_return,rolling_volatility_60,rolling_volatility_30,hl_range,volume_zscore,quote_volume,number_of_trades,taker_buy_base_volume,taker_buy_quote_volume,spread_proxy,open,high,low,close,volume,pct_return,rolling_volatility_240,absolute_return,squared_return,rolling_vol,range",24,72,0.65,5,0.2,True,success
locomotif.locomotif,3,0.11705173272639513,19,BTCUSDT,15m,conditioned,quantile_2_rolling_30,high_vol,high_vol_0019,"log_return,abs_log_return,rolling_volatility_60,rolling_volatility_30,hl_range,volume_zscore,quote_volume,number_of_trades,taker_buy_base_volume,taker_buy_quote_volume,spread_proxy,open,high,low,close,volume,pct_return,rolling_volatility_240,absolute_return,squared_return,rolling_vol,range",48,168,0.65,5,0.2,True,success
locomotif.locomotif,5,0.06578317284584045,32,BTCUSDT,15m,conditioned,quantile_2_rolling_30,high_vol,high_vol_0020,"log_return,abs_log_return,rolling_volatility_60,rolling_volatility_30,hl_range,volume_zscore,quote_volume,number_of_trades,taker_buy_base_volume,taker_buy_quote_volume,spread_proxy,open,high,low,close,volume,pct_return,rolling_volatility_240,absolute_return,squared_return,rolling_vol,range",24,72,0.65,5,0.2,True,success
locomotif.locomotif,4,0.05915805231779814,16,BTCUSDT,15m,conditioned,quantile_2_rolling_30,high_vol,high_vol_0020,"log_return,abs_log_return,rolling_volatility_60,rolling_volatility_30,hl_range,volume_zscore,quote_volume,number_of_trades,taker_buy_base_volume,taker_buy_quote_volume,spread_proxy,open,high,low,close,volume,pct_return,rolling_volatility_240,absolute_return,squared_return,rolling_vol,range",48,168,0.65,5,0.2,True,success
locomotif.locomotif,4,0.025819193571805954,23,BTCUSDT,15m,conditioned,quantile_2_rolling_30,high_vol,high_vol_0021,"log_return,abs_log_return,rolling_volatility_60,rolling_volatility_30,hl_range,volume_zscore,quote_volume,number_of_trades,taker_buy_base_volume,taker_buy_quote_volume,spread_proxy,open,high,low,close,volume,pct_return,rolling_volatility_240,absolute_return,squared_return,rolling_vol,range",24,72,0.65,5,0.2,True,success
locomotif.locomotif,2,0.02201260905712843,8,BTCUSDT,15m,conditioned,quantile_2_rolling_30,high_vol,high_vol_0021,"log_return,abs_log_return,rolling_volatility_60,rolling_volatility_30,hl_range,volume_zscore,quote_volume,number_of_trades,taker_buy_base_volume,taker_buy_quote_volume,spread_proxy,open,high,low,close,volume,pct_return,rolling_volatility_240,absolute_return,squared_return,rolling_vol,range",48,168,0.65,5,0.2,True,success
locomotif.locomotif,5,0.13882697373628616,46,BTCUSDT,15m,conditioned,quantile_2_rolling_30,high_vol,high_vol_0022,"log_return,abs_log_return,rolling_volatility_60,rolling_volatility_30,hl_range,volume_zscore,quote_volume,number_of_trades,taker_buy_base_volume,taker_buy_quote_volume,spread_proxy,open,high,low,close,volume,pct_return,rolling_volatility_240,absolute_return,squared_return,rolling_vol,range",24,72,0.65,5,0.2,True,success
locomotif.locomotif,5,0.1278088679537177,26,BTCUSDT,15m,conditioned,quantile_2_rolling_30,high_vol,high_vol_0022,"log_return,abs_log_return,rolling_volatility_60,rolling_volatility_30,hl_range,volume_zscore,quote_volume,number_of_trades,taker_buy_base_volume,taker_buy_quote_volume,spread_proxy,open,high,low,close,volume,pct_return,rolling_volatility_240,absolute_return,squared_return,rolling_vol,range",48,168,0.65,5,0.2,True,success
locomotif.locomotif,5,0.032867470756173134,22,BTCUSDT,15m,conditioned,quantile_2_rolling_30,high_vol,high_vol_0023,"log_return,abs_log_return,rolling_volatility_60,rolling_volatility_30,hl_range,volume_zscore,quote_volume,number_of_trades,taker_buy_base_volume,taker_buy_quote_volume,spread_proxy,open,high,low,close,volume,pct_return,rolling_volatility_240,absolute_return,squared_return,rolling_vol,range",24,72,0.65,5,0.2,True,success
locomotif.locomotif,2,0.02609909325838089,9,BTCUSDT,15m,conditioned,quantile_2_rolling_30,high_vol,high_vol_0023,"log_return,abs_log_return,rolling_volatility_60,rolling_volatility_30,hl_range,volume_zscore,quote_volume,number_of_trades,taker_buy_base_volume,taker_buy_quote_volume,spread_proxy,open,high,low,close,volume,pct_return,rolling_volatility_240,absolute_return,squared_return,rolling_vol,range",48,168,0.65,5,0.2,True,success
locomotif.locomotif,5,0.12025063298642635,47,BTCUSDT,15m,conditioned,quantile_2_rolling_30,high_vol,high_vol_0024,"log_return,abs_log_return,rolling_volatility_60,rolling_volatility_30,hl_range,volume_zscore,quote_volume,number_of_trades,taker_buy_base_volume,taker_buy_quote_volume,spread_proxy,open,high,low,close,volume,pct_return,rolling_volatility_240,absolute_return,squared_return,rolling_vol,range",24,72,0.65,5,0.2,True,success
locomotif.locomotif,5,0.11164917889982462,28,BTCUSDT,15m,conditioned,quantile_2_rolling_30,high_vol,high_vol_0024,"log_return,abs_log_return,rolling_volatility_60,rolling_volatility_30,hl_range,volume_zscore,quote_volume,number_of_trades,taker_buy_base_volume,taker_buy_quote_volume,spread_proxy,open,high,low,close,volume,pct_return,rolling_volatility_240,absolute_return,squared_return,rolling_vol,range",48,168,0.65,5,0.2,True,success
locomotif.locomotif,5,0.1421677777543664,49,BTCUSDT,15m,conditioned,quantile_2_rolling_30,high_vol,high_vol_0025,"log_return,abs_log_return,rolling_volatility_60,rolling_volatility_30,hl_range,volume_zscore,quote_volume,number_of_trades,taker_buy_base_volume,taker_buy_quote_volume,spread_proxy,open,high,low,close,volume,pct_return,rolling_volatility_240,absolute_return,squared_return,rolling_vol,range",24,72,0.65,5,0.2,True,success
locomotif.locomotif,5,0.13449862599372864,23,BTCUSDT,15m,conditioned,quantile_2_rolling_30,high_vol,high_vol_0025,"log_return,abs_log_return,rolling_volatility_60,rolling_volatility_30,hl_range,volume_zscore,quote_volume,number_of_trades,taker_buy_base_volume,taker_buy_quote_volume,spread_proxy,open,high,low,close,volume,pct_return,rolling_volatility_240,absolute_return,squared_return,rolling_vol,range",48,168,0.65,5,0.2,True,success
locomotif.locomotif,5,0.07784977741539478,36,BTCUSDT,15m,conditioned,quantile_2_rolling_30,high_vol,high_vol_0026,"log_return,abs_log_return,rolling_volatility_60,rolling_volatility_30,hl_range,volume_zscore,quote_volume,number_of_trades,taker_buy_base_volume,taker_buy_quote_volume,spread_proxy,open,high,low,close,volume,pct_return,rolling_volatility_240,absolute_return,squared_return,rolling_vol,range",24,72,0.65,5,0.2,True,success
locomotif.locomotif,5,0.0717918872833252,21,BTCUSDT,15m,conditioned,quantile_2_rolling_30,high_vol,high_vol_0026,"log_return,abs_log_return,rolling_volatility_60,rolling_volatility_30,hl_range,volume_zscore,quote_volume,number_of_trades,taker_buy_base_volume,taker_buy_quote_volume,spread_proxy,open,high,low,close,volume,pct_return,rolling_volatility_240,absolute_return,squared_return,rolling_vol,range",48,168,0.65,5,0.2,True,success
locomotif.locomotif,5,0.023629190400242805,23,BTCUSDT,15m,conditioned,quantile_2_rolling_30,low_vol,low_vol_0027,"log_return,abs_log_return,rolling_volatility_60,rolling_volatility_30,hl_range,volume_zscore,quote_volume,number_of_trades,taker_buy_base_volume,taker_buy_quote_volume,spread_proxy,open,high,low,close,volume,pct_return,rolling_volatility_240,absolute_return,squared_return,rolling_vol,range",24,72,0.65,5,0.2,True,success
locomotif.locomotif,2,0.019571438431739807,8,BTCUSDT,15m,conditioned,quantile_2_rolling_30,low_vol,low_vol_0027,"log_return,abs_log_return,rolling_volatility_60,rolling_volatility_30,hl_range,volume_zscore,quote_volume,number_of_trades,taker_buy_base_volume,taker_buy_quote_volume,spread_proxy,open,high,low,close,volume,pct_return,rolling_volatility_240,absolute_return,squared_return,rolling_vol,range",48,168,0.65,5,0.2,True,success
locomotif.locomotif,5,0.09412350691854954,33,BTCUSDT,15m,conditioned,quantile_2_rolling_30,low_vol,low_vol_0028,"log_return,abs_log_return,rolling_volatility_60,rolling_volatility_30,hl_range,volume_zscore,quote_volume,number_of_trades,taker_buy_base_volume,taker_buy_quote_volume,spread_proxy,open,high,low,close,volume,pct_return,rolling_volatility_240,absolute_return,squared_return,rolling_vol,range",24,72,0.65,5,0.2,True,success
locomotif.locomotif,5,0.08362354803830385,25,BTCUSDT,15m,conditioned,quantile_2_rolling_30,low_vol,low_vol_0028,"log_return,abs_log_return,rolling_volatility_60,rolling_volatility_30,hl_range,volume_zscore,quote_volume,number_of_trades,taker_buy_base_volume,taker_buy_quote_volume,spread_proxy,open,high,low,close,volume,pct_return,rolling_volatility_240,absolute_return,squared_return,rolling_vol,range",48,168,0.65,5,0.2,True,success
locomotif.locomotif,4,0.025896979495882988,23,BTCUSDT,15m,conditioned,quantile_2_rolling_30,low_vol,low_vol_0029,"log_return,abs_log_return,rolling_volatility_60,rolling_volatility_30,hl_range,volume_zscore,quote_volume,number_of_trades,taker_buy_base_volume,taker_buy_quote_volume,spread_proxy,open,high,low,close,volume,pct_return,rolling_volatility_240,absolute_return,squared_return,rolling_vol,range",24,72,0.65,5,0.2,True,success
locomotif.locomotif,2,0.022702084854245186,9,BTCUSDT,15m,conditioned,quantile_2_rolling_30,low_vol,low_vol_0029,"log_return,abs_log_return,rolling_volatility_60,rolling_volatility_30,hl_range,volume_zscore,quote_volume,number_of_trades,taker_buy_base_volume,taker_buy_quote_volume,spread_proxy,open,high,low,close,volume,pct_return,rolling_volatility_240,absolute_return,squared_return,rolling_vol,range",48,168,0.65,5,0.2,True,success
locomotif.locomotif,5,0.13143904600292444,42,BTCUSDT,15m,conditioned,quantile_2_rolling_30,low_vol,low_vol_0030,"log_return,abs_log_return,rolling_volatility_60,rolling_volatility_30,hl_range,volume_zscore,quote_volume,number_of_trades,taker_buy_base_volume,taker_buy_quote_volume,spread_proxy,open,high,low,close,volume,pct_return,rolling_volatility_240,absolute_return,squared_return,rolling_vol,range",24,72,0.65,5,0.2,True,success
locomotif.locomotif,3,0.12111133523285389,17,BTCUSDT,15m,conditioned,quantile_2_rolling_30,low_vol,low_vol_0030,"log_return,abs_log_return,rolling_volatility_60,rolling_volatility_30,hl_range,volume_zscore,quote_volume,number_of_trades,taker_buy_base_volume,taker_buy_quote_volume,spread_proxy,open,high,low,close,volume,pct_return,rolling_volatility_240,absolute_return,squared_return,rolling_vol,range",48,168,0.65,5,0.2,True,success
locomotif.locomotif,5,0.39244925882667303,71,BTCUSDT,15m,conditioned,quantile_2_rolling_30,low_vol,low_vol_0031,"log_return,abs_log_return,rolling_volatility_60,rolling_volatility_30,hl_range,volume_zscore,quote_volume,number_of_trades,taker_buy_base_volume,taker_buy_quote_volume,spread_proxy,open,high,low,close,volume,pct_return,rolling_volatility_240,absolute_return,squared_return,rolling_vol,range",24,72,0.65,5,0.2,True,success
locomotif.locomotif,5,0.38213218562304974,32,BTCUSDT,15m,conditioned,quantile_2_rolling_30,low_vol,low_vol_0031,"log_return,abs_log_return,rolling_volatility_60,rolling_volatility_30,hl_range,volume_zscore,quote_volume,number_of_trades,taker_buy_base_volume,taker_buy_quote_volume,spread_proxy,open,high,low,close,volume,pct_return,rolling_volatility_240,absolute_return,squared_return,rolling_vol,range",48,168,0.65,5,0.2,True,success
locomotif.locomotif,5,0.04081973806023598,24,BTCUSDT,15m,conditioned,quantile_2_rolling_30,high_vol,high_vol_0032,"log_return,abs_log_return,rolling_volatility_60,rolling_volatility_30,hl_range,volume_zscore,quote_volume,number_of_trades,taker_buy_base_volume,taker_buy_quote_volume,spread_proxy,open,high,low,close,volume,pct_return,rolling_volatility_240,absolute_return,squared_return,rolling_vol,range",24,72,0.65,5,0.2,True,success
locomotif.locomotif,3,0.032100528478622437,15,BTCUSDT,15m,conditioned,quantile_2_rolling_30,high_vol,high_vol_0032,"log_return,abs_log_return,rolling_volatility_60,rolling_volatility_30,hl_range,volume_zscore,quote_volume,number_of_trades,taker_buy_base_volume,taker_buy_quote_volume,spread_proxy,open,high,low,close,volume,pct_return,rolling_volatility_240,absolute_return,squared_return,rolling_vol,range",48,168,0.65,5,0.2,True,success
locomotif.locomotif,4,0.03231741301715374,26,BTCUSDT,15m,conditioned,quantile_2_rolling_30,low_vol,low_vol_0033,"log_return,abs_log_return,rolling_volatility_60,rolling_volatility_30,hl_range,volume_zscore,quote_volume,number_of_trades,taker_buy_base_volume,taker_buy_quote_volume,spread_proxy,open,high,low,close,volume,pct_return,rolling_volatility_240,absolute_return,squared_return,rolling_vol,range",24,72,0.65,5,0.2,True,success
locomotif.locomotif,4,0.02899004053324461,15,BTCUSDT,15m,conditioned,quantile_2_rolling_30,low_vol,low_vol_0033,"log_return,abs_log_return,rolling_volatility_60,rolling_volatility_30,hl_range,volume_zscore,quote_volume,number_of_trades,taker_buy_base_volume,taker_buy_quote_volume,spread_proxy,open,high,low,close,volume,pct_return,rolling_volatility_240,absolute_return,squared_return,rolling_vol,range",48,168,0.65,5,0.2,True,success
locomotif.locomotif,5,0.0450162785127759,32,BTCUSDT,15m,conditioned,quantile_2_rolling_30,low_vol,low_vol_0034,"log_return,abs_log_return,rolling_volatility_60,rolling_volatility_30,hl_range,volume_zscore,quote_volume,number_of_trades,taker_buy_base_volume,taker_buy_quote_volume,spread_proxy,open,high,low,close,volume,pct_return,rolling_volatility_240,absolute_return,squared_return,rolling_vol,range",24,72,0.65,5,0.2,True,success
locomotif.locomotif,4,0.038207621313631535,15,BTCUSDT,15m,conditioned,quantile_2_rolling_30,low_vol,low_vol_0034,"log_return,abs_log_return,rolling_volatility_60,rolling_volatility_30,hl_range,volume_zscore,quote_volume,number_of_trades,taker_buy_base_volume,taker_buy_quote_volume,spread_proxy,open,high,low,close,volume,pct_return,rolling_volatility_240,absolute_return,squared_return,rolling_vol,range",48,168,0.65,5,0.2,True,success
locomotif.locomotif,4,0.026417681947350502,20,BTCUSDT,15m,conditioned,quantile_2_rolling_30,low_vol,low_vol_0035,"log_return,abs_log_return,rolling_volatility_60,rolling_volatility_30,hl_range,volume_zscore,quote_volume,number_of_trades,taker_buy_base_volume,taker_buy_quote_volume,spread_proxy,open,high,low,close,volume,pct_return,rolling_volatility_240,absolute_return,squared_return,rolling_vol,range",24,72,0.65,5,0.2,True,success
locomotif.locomotif,4,0.02222368773072958,13,BTCUSDT,15m,conditioned,quantile_2_rolling_30,low_vol,low_vol_0035,"log_return,abs_log_return,rolling_volatility_60,rolling_volatility_30,hl_range,volume_zscore,quote_volume,number_of_trades,taker_buy_base_volume,taker_buy_quote_volume,spread_proxy,open,high,low,close,volume,pct_return,rolling_volatility_240,absolute_return,squared_return,rolling_vol,range",48,168,0.65,5,0.2,True,success
locomotif.locomotif,5,0.04383776616305113,27,BTCUSDT,15m,conditioned,quantile_2_rolling_30,low_vol,low_vol_0036,"log_return,abs_log_return,rolling_volatility_60,rolling_volatility_30,hl_range,volume_zscore,quote_volume,number_of_trades,taker_buy_base_volume,taker_buy_quote_volume,spread_proxy,open,high,low,close,volume,pct_return,rolling_volatility_240,absolute_return,squared_return,rolling_vol,range",24,72,0.65,5,0.2,True,success
locomotif.locomotif,3,0.03685292229056358,13,BTCUSDT,15m,conditioned,quantile_2_rolling_30,low_vol,low_vol_0036,"log_return,abs_log_return,rolling_volatility_60,rolling_volatility_30,hl_range,volume_zscore,quote_volume,number_of_trades,taker_buy_base_volume,taker_buy_quote_volume,spread_proxy,open,high,low,close,volume,pct_return,rolling_volatility_240,absolute_return,squared_return,rolling_vol,range",48,168,0.65,5,0.2,True,success
locomotif.locomotif,5,0.07927373889833689,34,BTCUSDT,15m,conditioned,quantile_2_rolling_30,low_vol,low_vol_0037,"log_return,abs_log_return,rolling_volatility_60,rolling_volatility_30,hl_range,volume_zscore,quote_volume,number_of_trades,taker_buy_base_volume,taker_buy_quote_volume,spread_proxy,open,high,low,close,volume,pct_return,rolling_volatility_240,absolute_return,squared_return,rolling_vol,range",24,72,0.65,5,0.2,True,success
locomotif.locomotif,5,0.06879625376313925,23,BTCUSDT,15m,conditioned,quantile_2_rolling_30,low_vol,low_vol_0037,"log_return,abs_log_return,rolling_volatility_60,rolling_volatility_30,hl_range,volume_zscore,quote_volume,number_of_trades,taker_buy_base_volume,taker_buy_quote_volume,spread_proxy,open,high,low,close,volume,pct_return,rolling_volatility_240,absolute_return,squared_return,rolling_vol,range",48,168,0.65,5,0.2,True,success
locomotif.locomotif,5,0.3943233974277973,69,BTCUSDT,15m,conditioned,quantile_2_rolling_30,low_vol,low_vol_0038,"log_return,abs_log_return,rolling_volatility_60,rolling_volatility_30,hl_range,volume_zscore,quote_volume,number_of_trades,taker_buy_base_volume,taker_buy_quote_volume,spread_proxy,open,high,low,close,volume,pct_return,rolling_volatility_240,absolute_return,squared_return,rolling_vol,range",24,72,0.65,5,0.2,True,success
locomotif.locomotif,5,0.3633731184527278,32,BTCUSDT,15m,conditioned,quantile_2_rolling_30,low_vol,low_vol_0038,"log_return,abs_log_return,rolling_volatility_60,rolling_volatility_30,hl_range,volume_zscore,quote_volume,number_of_trades,taker_buy_base_volume,taker_buy_quote_volume,spread_proxy,open,high,low,close,volume,pct_return,rolling_volatility_240,absolute_return,squared_return,rolling_vol,range",48,168,0.65,5,0.2,True,success
locomotif.locomotif,4,0.031775299459695816,22,BTCUSDT,15m,conditioned,quantile_2_rolling_30,low_vol,low_vol_0039,"log_return,abs_log_return,rolling_volatility_60,rolling_volatility_30,hl_range,volume_zscore,quote_volume,number_of_trades,taker_buy_base_volume,taker_buy_quote_volume,spread_proxy,open,high,low,close,volume,pct_return,rolling_volatility_240,absolute_return,squared_return,rolling_vol,range",24,72,0.65,5,0.2,True,success
locomotif.locomotif,2,0.02497341949492693,9,BTCUSDT,15m,conditioned,quantile_2_rolling_30,low_vol,low_vol_0039,"log_return,abs_log_return,rolling_volatility_60,rolling_volatility_30,hl_range,volume_zscore,quote_volume,number_of_trades,taker_buy_base_volume,taker_buy_quote_volume,spread_proxy,open,high,low,close,volume,pct_return,rolling_volatility_240,absolute_return,squared_return,rolling_vol,range",48,168,0.65,5,0.2,True,success
locomotif.locomotif,3,0.0417676130309701,19,BTCUSDT,15m,conditioned,quantile_2_rolling_30,low_vol,low_vol_0040,"log_return,abs_log_return,rolling_volatility_60,rolling_volatility_30,hl_range,volume_zscore,quote_volume,number_of_trades,taker_buy_base_volume,taker_buy_quote_volume,spread_proxy,open,high,low,close,volume,pct_return,rolling_volatility_240,absolute_return,squared_return,rolling_vol,range",24,72,0.65,5,0.2,True,success
locomotif.locomotif,2,0.03849995881319046,10,BTCUSDT,15m,conditioned,quantile_2_rolling_30,low_vol,low_vol_0040,"log_return,abs_log_return,rolling_volatility_60,rolling_volatility_30,hl_range,volume_zscore,quote_volume,number_of_trades,taker_buy_base_volume,taker_buy_quote_volume,spread_proxy,open,high,low,close,volume,pct_return,rolling_volatility_240,absolute_return,squared_return,rolling_vol,range",48,168,0.65,5,0.2,True,success
locomotif.locomotif,4,0.024626759812235832,21,BTCUSDT,15m,conditioned,quantile_2_rolling_30,low_vol,low_vol_0041,"log_return,abs_log_return,rolling_volatility_60,rolling_volatility_30,hl_range,volume_zscore,quote_volume,number_of_trades,taker_buy_base_volume,taker_buy_quote_volume,spread_proxy,open,high,low,close,volume,pct_return,rolling_volatility_240,absolute_return,squared_return,rolling_vol,range",24,72,0.65,5,0.2,True,success
locomotif.locomotif,1,0.02119921613484621,7,BTCUSDT,15m,conditioned,quantile_2_rolling_30,low_vol,low_vol_0041,"log_return,abs_log_return,rolling_volatility_60,rolling_volatility_30,hl_range,volume_zscore,quote_volume,number_of_trades,taker_buy_base_volume,taker_buy_quote_volume,spread_proxy,open,high,low,close,volume,pct_return,rolling_volatility_240,absolute_return,squared_return,rolling_vol,range",48,168,0.65,5,0.2,True,success
locomotif.locomotif,5,0.1283514527603984,43,BTCUSDT,15m,conditioned,quantile_2_rolling_30,low_vol,low_vol_0042,"log_return,abs_log_return,rolling_volatility_60,rolling_volatility_30,hl_range,volume_zscore,quote_volume,number_of_trades,taker_buy_base_volume,taker_buy_quote_volume,spread_proxy,open,high,low,close,volume,pct_return,rolling_volatility_240,absolute_return,squared_return,rolling_vol,range",24,72,0.65,5,0.2,True,success
locomotif.locomotif,5,0.11602220591157675,26,BTCUSDT,15m,conditioned,quantile_2_rolling_30,low_vol,low_vol_0042,"log_return,abs_log_return,rolling_volatility_60,rolling_volatility_30,hl_range,volume_zscore,quote_volume,number_of_trades,taker_buy_base_volume,taker_buy_quote_volume,spread_proxy,open,high,low,close,volume,pct_return,rolling_volatility_240,absolute_return,squared_return,rolling_vol,range",48,168,0.65,5,0.2,True,success
locomotif.locomotif,5,0.08447056263685226,32,BTCUSDT,15m,conditioned,quantile_2_rolling_30,low_vol,low_vol_0043,"log_return,abs_log_return,rolling_volatility_60,rolling_volatility_30,hl_range,volume_zscore,quote_volume,number_of_trades,taker_buy_base_volume,taker_buy_quote_volume,spread_proxy,open,high,low,close,volume,pct_return,rolling_volatility_240,absolute_return,squared_return,rolling_vol,range",24,72,0.65,5,0.2,True,success
locomotif.locomotif,3,0.07253797072917223,16,BTCUSDT,15m,conditioned,quantile_2_rolling_30,low_vol,low_vol_0043,"log_return,abs_log_return,rolling_volatility_60,rolling_volatility_30,hl_range,volume_zscore,quote_volume,number_of_trades,taker_buy_base_volume,taker_buy_quote_volume,spread_proxy,open,high,low,close,volume,pct_return,rolling_volatility_240,absolute_return,squared_return,rolling_vol,range",48,168,0.65,5,0.2,True,success
locomotif.locomotif,5,0.03903550561517477,26,BTCUSDT,15m,conditioned,quantile_2_rolling_30,low_vol,low_vol_0044,"log_return,abs_log_return,rolling_volatility_60,rolling_volatility_30,hl_range,volume_zscore,quote_volume,number_of_trades,taker_buy_base_volume,taker_buy_quote_volume,spread_proxy,open,high,low,close,volume,pct_return,rolling_volatility_240,absolute_return,squared_return,rolling_vol,range",24,72,0.65,5,0.2,True,success
locomotif.locomotif,3,0.03339267987757921,14,BTCUSDT,15m,conditioned,quantile_2_rolling_30,low_vol,low_vol_0044,"log_return,abs_log_return,rolling_volatility_60,rolling_volatility_30,hl_range,volume_zscore,quote_volume,number_of_trades,taker_buy_base_volume,taker_buy_quote_volume,spread_proxy,open,high,low,close,volume,pct_return,rolling_volatility_240,absolute_return,squared_return,rolling_vol,range",48,168,0.65,5,0.2,True,success
locomotif.locomotif,5,0.02909891400486231,22,BTCUSDT,15m,conditioned,quantile_2_rolling_30,low_vol,low_vol_0045,"log_return,abs_log_return,rolling_volatility_60,rolling_volatility_30,hl_range,volume_zscore,quote_volume,number_of_trades,taker_buy_base_volume,taker_buy_quote_volume,spread_proxy,open,high,low,close,volume,pct_return,rolling_volatility_240,absolute_return,squared_return,rolling_vol,range",24,72,0.65,5,0.2,True,success
locomotif.locomotif,2,0.023885324597358704,9,BTCUSDT,15m,conditioned,quantile_2_rolling_30,low_vol,low_vol_0045,"log_return,abs_log_return,rolling_volatility_60,rolling_volatility_30,hl_range,volume_zscore,quote_volume,number_of_trades,taker_buy_base_volume,taker_buy_quote_volume,spread_proxy,open,high,low,close,volume,pct_return,rolling_volatility_240,absolute_return,squared_return,rolling_vol,range",48,168,0.65,5,0.2,True,success
locomotif.locomotif,4,0.07423761673271656,35,BTCUSDT,15m,conditioned,quantile_2_rolling_30,low_vol,low_vol_0046,"log_return,abs_log_return,rolling_volatility_60,rolling_volatility_30,hl_range,volume_zscore,quote_volume,number_of_trades,taker_buy_base_volume,taker_buy_quote_volume,spread_proxy,open,high,low,close,volume,pct_return,rolling_volatility_240,absolute_return,squared_return,rolling_vol,range",24,72,0.65,5,0.2,True,success
locomotif.locomotif,5,0.06556389387696981,22,BTCUSDT,15m,conditioned,quantile_2_rolling_30,low_vol,low_vol_0046,"log_return,abs_log_return,rolling_volatility_60,rolling_volatility_30,hl_range,volume_zscore,quote_volume,number_of_trades,taker_buy_base_volume,taker_buy_quote_volume,spread_proxy,open,high,low,close,volume,pct_return,rolling_volatility_240,absolute_return,squared_return,rolling_vol,range",48,168,0.65,5,0.2,True,success
locomotif.locomotif,5,0.045011501759290695,31,BTCUSDT,15m,conditioned,quantile_2_rolling_30,low_vol,low_vol_0047,"log_return,abs_log_return,rolling_volatility_60,rolling_volatility_30,hl_range,volume_zscore,quote_volume,number_of_trades,taker_buy_base_volume,taker_buy_quote_volume,spread_proxy,open,high,low,close,volume,pct_return,rolling_volatility_240,absolute_return,squared_return,rolling_vol,range",24,72,0.65,5,0.2,True,success
locomotif.locomotif,2,0.04083049390465021,10,BTCUSDT,15m,conditioned,quantile_2_rolling_30,low_vol,low_vol_0047,"log_return,abs_log_return,rolling_volatility_60,rolling_volatility_30,hl_range,volume_zscore,quote_volume,number_of_trades,taker_buy_base_volume,taker_buy_quote_volume,spread_proxy,open,high,low,close,volume,pct_return,rolling_volatility_240,absolute_return,squared_return,rolling_vol,range",48,168,0.65,5,0.2,True,success
locomotif.locomotif,5,0.04596541542559862,26,BTCUSDT,15m,conditioned,quantile_2_rolling_30,high_vol,high_vol_0048,"log_return,abs_log_return,rolling_volatility_60,rolling_volatility_30,hl_range,volume_zscore,quote_volume,number_of_trades,taker_buy_base_volume,taker_buy_quote_volume,spread_proxy,open,high,low,close,volume,pct_return,rolling_volatility_240,absolute_return,squared_return,rolling_vol,range",24,72,0.65,5,0.2,True,success
locomotif.locomotif,3,0.042036728002130985,12,BTCUSDT,15m,conditioned,quantile_2_rolling_30,high_vol,high_vol_0048,"log_return,abs_log_return,rolling_volatility_60,rolling_volatility_30,hl_range,volume_zscore,quote_volume,number_of_trades,taker_buy_base_volume,taker_buy_quote_volume,spread_proxy,open,high,low,close,volume,pct_return,rolling_volatility_240,absolute_return,squared_return,rolling_vol,range",48,168,0.65,5,0.2,True,success
locomotif.locomotif,4,0.02554275654256344,21,BTCUSDT,15m,conditioned,quantile_2_rolling_30,high_vol,high_vol_0049,"log_return,abs_log_return,rolling_volatility_60,rolling_volatility_30,hl_range,volume_zscore,quote_volume,number_of_trades,taker_buy_base_volume,taker_buy_quote_volume,spread_proxy,open,high,low,close,volume,pct_return,rolling_volatility_240,absolute_return,squared_return,rolling_vol,range",24,72,0.65,5,0.2,True,success
locomotif.locomotif,2,0.0217646062374115,9,BTCUSDT,15m,conditioned,quantile_2_rolling_30,high_vol,high_vol_0049,"log_return,abs_log_return,rolling_volatility_60,rolling_volatility_30,hl_range,volume_zscore,quote_volume,number_of_trades,taker_buy_base_volume,taker_buy_quote_volume,spread_proxy,open,high,low,close,volume,pct_return,rolling_volatility_240,absolute_return,squared_return,rolling_vol,range",48,168,0.65,5,0.2,True,success
locomotif.locomotif,4,0.0423293374478817,27,BTCUSDT,15m,conditioned,quantile_2_rolling_30,low_vol,low_vol_0050,"log_return,abs_log_return,rolling_volatility_60,rolling_volatility_30,hl_range,volume_zscore,quote_volume,number_of_trades,taker_buy_base_volume,taker_buy_quote_volume,spread_proxy,open,high,low,close,volume,pct_return,rolling_volatility_240,absolute_return,squared_return,rolling_vol,range",24,72,0.65,5,0.2,True,success
locomotif.locomotif,3,0.040075368247926235,13,BTCUSDT,15m,conditioned,quantile_2_rolling_30,low_vol,low_vol_0050,"log_return,abs_log_return,rolling_volatility_60,rolling_volatility_30,hl_range,volume_zscore,quote_volume,number_of_trades,taker_buy_base_volume,taker_buy_quote_volume,spread_proxy,open,high,low,close,volume,pct_return,rolling_volatility_240,absolute_return,squared_return,rolling_vol,range",48,168,0.65,5,0.2,True,success
locomotif.locomotif,5,0.04811401478946209,34,BTCUSDT,15m,conditioned,quantile_2_rolling_30,low_vol,low_vol_0051,"log_return,abs_log_return,rolling_volatility_60,rolling_volatility_30,hl_range,volume_zscore,quote_volume,number_of_trades,taker_buy_base_volume,taker_buy_quote_volume,spread_proxy,open,high,low,close,volume,pct_return,rolling_volatility_240,absolute_return,squared_return,rolling_vol,range",24,72,0.65,5,0.2,True,success
locomotif.locomotif,5,0.04328705742955208,18,BTCUSDT,15m,conditioned,quantile_2_rolling_30,low_vol,low_vol_0051,"log_return,abs_log_return,rolling_volatility_60,rolling_volatility_30,hl_range,volume_zscore,quote_volume,number_of_trades,taker_buy_base_volume,taker_buy_quote_volume,spread_proxy,open,high,low,close,volume,pct_return,rolling_volatility_240,absolute_return,squared_return,rolling_vol,range",48,168,0.65,5,0.2,True,success
locomotif.locomotif,5,0.02580159530043602,22,BTCUSDT,15m,conditioned,quantile_2_rolling_30,high_vol,high_vol_0052,"log_return,abs_log_return,rolling_volatility_60,rolling_volatility_30,hl_range,volume_zscore,quote_volume,number_of_trades,taker_buy_base_volume,taker_buy_quote_volume,spread_proxy,open,high,low,close,volume,pct_return,rolling_volatility_240,absolute_return,squared_return,rolling_vol,range",24,72,0.65,5,0.2,True,success
locomotif.locomotif,3,0.020983420312404633,10,BTCUSDT,15m,conditioned,quantile_2_rolling_30,high_vol,high_vol_0052,"log_return,abs_log_return,rolling_volatility_60,rolling_volatility_30,hl_range,volume_zscore,quote_volume,number_of_trades,taker_buy_base_volume,taker_buy_quote_volume,spread_proxy,open,high,low,close,volume,pct_return,rolling_volatility_240,absolute_return,squared_return,rolling_vol,range",48,168,0.65,5,0.2,True,success
locomotif.locomotif,5,0.030815644189715385,29,BTCUSDT,15m,conditioned,quantile_2_rolling_30,high_vol,high_vol_0053,"log_return,abs_log_return,rolling_volatility_60,rolling_volatility_30,hl_range,volume_zscore,quote_volume,number_of_trades,taker_buy_base_volume,taker_buy_quote_volume,spread_proxy,open,high,low,close,volume,pct_return,rolling_volatility_240,absolute_return,squared_return,rolling_vol,range",24,72,0.65,5,0.2,True,success
locomotif.locomotif,3,0.025179271586239338,13,BTCUSDT,15m,conditioned,quantile_2_rolling_30,high_vol,high_vol_0053,"log_return,abs_log_return,rolling_volatility_60,rolling_volatility_30,hl_range,volume_zscore,quote_volume,number_of_trades,taker_buy_base_volume,taker_buy_quote_volume,spread_proxy,open,high,low,close,volume,pct_return,rolling_volatility_240,absolute_return,squared_return,rolling_vol,range",48,168,0.65,5,0.2,True,success
locomotif.locomotif,5,0.10526475869119167,31,BTCUSDT,15m,conditioned,quantile_2_rolling_30,low_vol,low_vol_0054,"log_return,abs_log_return,rolling_volatility_60,rolling_volatility_30,hl_range,volume_zscore,quote_volume,number_of_trades,taker_buy_base_volume,taker_buy_quote_volume,spread_proxy,open,high,low,close,volume,pct_return,rolling_volatility_240,absolute_return,squared_return,rolling_vol,range",24,72,0.65,5,0.2,True,success
locomotif.locomotif,5,0.09564532432705164,19,BTCUSDT,15m,conditioned,quantile_2_rolling_30,low_vol,low_vol_0054,"log_return,abs_log_return,rolling_volatility_60,rolling_volatility_30,hl_range,volume_zscore,quote_volume,number_of_trades,taker_buy_base_volume,taker_buy_quote_volume,spread_proxy,open,high,low,close,volume,pct_return,rolling_volatility_240,absolute_return,squared_return,rolling_vol,range",48,168,0.65,5,0.2,True,success
locomotif.locomotif,4,0.055687423795461655,30,BTCUSDT,15m,conditioned,quantile_2_rolling_30,low_vol,low_vol_0055,"log_return,abs_log_return,rolling_volatility_60,rolling_volatility_30,hl_range,volume_zscore,quote_volume,number_of_trades,taker_buy_base_volume,taker_buy_quote_volume,spread_proxy,open,high,low,close,volume,pct_return,rolling_volatility_240,absolute_return,squared_return,rolling_vol,range",24,72,0.65,5,0.2,True,success
locomotif.locomotif,4,0.051497613079845905,16,BTCUSDT,15m,conditioned,quantile_2_rolling_30,low_vol,low_vol_0055,"log_return,abs_log_return,rolling_volatility_60,rolling_volatility_30,hl_range,volume_zscore,quote_volume,number_of_trades,taker_buy_base_volume,taker_buy_quote_volume,spread_proxy,open,high,low,close,volume,pct_return,rolling_volatility_240,absolute_return,squared_return,rolling_vol,range",48,168,0.65,5,0.2,True,success
locomotif.locomotif,5,0.03282766975462437,23,BTCUSDT,15m,conditioned,quantile_2_rolling_30,low_vol,low_vol_0056,"log_return,abs_log_return,rolling_volatility_60,rolling_volatility_30,hl_range,volume_zscore,quote_volume,number_of_trades,taker_buy_base_volume,taker_buy_quote_volume,spread_proxy,open,high,low,close,volume,pct_return,rolling_volatility_240,absolute_return,squared_return,rolling_vol,range",24,72,0.65,5,0.2,True,success
locomotif.locomotif,4,0.028072461485862732,14,BTCUSDT,15m,conditioned,quantile_2_rolling_30,low_vol,low_vol_0056,"log_return,abs_log_return,rolling_volatility_60,rolling_volatility_30,hl_range,volume_zscore,quote_volume,number_of_trades,taker_buy_base_volume,taker_buy_quote_volume,spread_proxy,open,high,low,close,volume,pct_return,rolling_volatility_240,absolute_return,squared_return,rolling_vol,range",48,168,0.65,5,0.2,True,success
locomotif.locomotif,5,0.1682564551010728,42,BTCUSDT,15m,conditioned,quantile_2_rolling_30,low_vol,low_vol_0057,"log_return,abs_log_return,rolling_volatility_60,rolling_volatility_30,hl_range,volume_zscore,quote_volume,number_of_trades,taker_buy_base_volume,taker_buy_quote_volume,spread_proxy,open,high,low,close,volume,pct_return,rolling_volatility_240,absolute_return,squared_return,rolling_vol,range",24,72,0.65,5,0.2,True,success
locomotif.locomotif,4,0.1609488883987069,23,BTCUSDT,15m,conditioned,quantile_2_rolling_30,low_vol,low_vol_0057,"log_return,abs_log_return,rolling_volatility_60,rolling_volatility_30,hl_range,volume_zscore,quote_volume,number_of_trades,taker_buy_base_volume,taker_buy_quote_volume,spread_proxy,open,high,low,close,volume,pct_return,rolling_volatility_240,absolute_return,squared_return,rolling_vol,range",48,168,0.65,5,0.2,True,success
locomotif.locomotif,5,0.24434022791683674,61,BTCUSDT,15m,conditioned,quantile_2_rolling_30,low_vol,low_vol_0058,"log_return,abs_log_return,rolling_volatility_60,rolling_volatility_30,hl_range,volume_zscore,quote_volume,number_of_trades,taker_buy_base_volume,taker_buy_quote_volume,spread_proxy,open,high,low,close,volume,pct_return,rolling_volatility_240,absolute_return,squared_return,rolling_vol,range",24,72,0.65,5,0.2,True,success
locomotif.locomotif,5,0.23351224604994059,32,BTCUSDT,15m,conditioned,quantile_2_rolling_30,low_vol,low_vol_0058,"log_return,abs_log_return,rolling_volatility_60,rolling_volatility_30,hl_range,volume_zscore,quote_volume,number_of_trades,taker_buy_base_volume,taker_buy_quote_volume,spread_proxy,open,high,low,close,volume,pct_return,rolling_volatility_240,absolute_return,squared_return,rolling_vol,range",48,168,0.65,5,0.2,True,success
locomotif.locomotif,5,0.04398506786674261,26,BTCUSDT,15m,conditioned,quantile_2_rolling_30,low_vol,low_vol_0059,"log_return,abs_log_return,rolling_volatility_60,rolling_volatility_30,hl_range,volume_zscore,quote_volume,number_of_trades,taker_buy_base_volume,taker_buy_quote_volume,spread_proxy,open,high,low,close,volume,pct_return,rolling_volatility_240,absolute_return,squared_return,rolling_vol,range",24,72,0.65,5,0.2,True,success
locomotif.locomotif,2,0.03996174689382315,8,BTCUSDT,15m,conditioned,quantile_2_rolling_30,low_vol,low_vol_0059,"log_return,abs_log_return,rolling_volatility_60,rolling_volatility_30,hl_range,volume_zscore,quote_volume,number_of_trades,taker_buy_base_volume,taker_buy_quote_volume,spread_proxy,open,high,low,close,volume,pct_return,rolling_volatility_240,absolute_return,squared_return,rolling_vol,range",48,168,0.65,5,0.2,True,success
locomotif.locomotif,5,0.1292377458885312,40,BTCUSDT,15m,conditioned,quantile_2_rolling_30,low_vol,low_vol_0060,"log_return,abs_log_return,rolling_volatility_60,rolling_volatility_30,hl_range,volume_zscore,quote_volume,number_of_trades,taker_buy_base_volume,taker_buy_quote_volume,spread_proxy,open,high,low,close,volume,pct_return,rolling_volatility_240,absolute_return,squared_return,rolling_vol,range",24,72,0.65,5,0.2,True,success
locomotif.locomotif,3,0.1186592299491167,15,BTCUSDT,15m,conditioned,quantile_2_rolling_30,low_vol,low_vol_0060,"log_return,abs_log_return,rolling_volatility_60,rolling_volatility_30,hl_range,volume_zscore,quote_volume,number_of_trades,taker_buy_base_volume,taker_buy_quote_volume,spread_proxy,open,high,low,close,volume,pct_return,rolling_volatility_240,absolute_return,squared_return,rolling_vol,range",48,168,0.65,5,0.2,True,success
locomotif.locomotif,4,0.03364053275436163,24,BTCUSDT,15m,conditioned,quantile_2_rolling_30,low_vol,low_vol_0061,"log_return,abs_log_return,rolling_volatility_60,rolling_volatility_30,hl_range,volume_zscore,quote_volume,number_of_trades,taker_buy_base_volume,taker_buy_quote_volume,spread_proxy,open,high,low,close,volume,pct_return,rolling_volatility_240,absolute_return,squared_return,rolling_vol,range",24,72,0.65,5,0.2,True,success
locomotif.locomotif,2,0.02772311493754387,10,BTCUSDT,15m,conditioned,quantile_2_rolling_30,low_vol,low_vol_0061,"log_return,abs_log_return,rolling_volatility_60,rolling_volatility_30,hl_range,volume_zscore,quote_volume,number_of_trades,taker_buy_base_volume,taker_buy_quote_volume,spread_proxy,open,high,low,close,volume,pct_return,rolling_volatility_240,absolute_return,squared_return,rolling_vol,range",48,168,0.65,5,0.2,True,success
locomotif.locomotif,5,0.058387212455272675,31,BTCUSDT,15m,conditioned,quantile_2_rolling_30,low_vol,low_vol_0062,"log_return,abs_log_return,rolling_volatility_60,rolling_volatility_30,hl_range,volume_zscore,quote_volume,number_of_trades,taker_buy_base_volume,taker_buy_quote_volume,spread_proxy,open,high,low,close,volume,pct_return,rolling_volatility_240,absolute_return,squared_return,rolling_vol,range",24,72,0.65,5,0.2,True,success
locomotif.locomotif,4,0.05196915287524462,16,BTCUSDT,15m,conditioned,quantile_2_rolling_30,low_vol,low_vol_0062,"log_return,abs_log_return,rolling_volatility_60,rolling_volatility_30,hl_range,volume_zscore,quote_volume,number_of_trades,taker_buy_base_volume,taker_buy_quote_volume,spread_proxy,open,high,low,close,volume,pct_return,rolling_volatility_240,absolute_return,squared_return,rolling_vol,range",48,168,0.65,5,0.2,True,success
locomotif.locomotif,5,0.4081013035029173,68,BTCUSDT,15m,conditioned,quantile_2_rolling_30,low_vol,low_vol_0063,"log_return,abs_log_return,rolling_volatility_60,rolling_volatility_30,hl_range,volume_zscore,quote_volume,number_of_trades,taker_buy_base_volume,taker_buy_quote_volume,spread_proxy,open,high,low,close,volume,pct_return,rolling_volatility_240,absolute_return,squared_return,rolling_vol,range",24,72,0.65,5,0.2,True,success
locomotif.locomotif,5,0.3885787297040224,38,BTCUSDT,15m,conditioned,quantile_2_rolling_30,low_vol,low_vol_0063,"log_return,abs_log_return,rolling_volatility_60,rolling_volatility_30,hl_range,volume_zscore,quote_volume,number_of_trades,taker_buy_base_volume,taker_buy_quote_volume,spread_proxy,open,high,low,close,volume,pct_return,rolling_volatility_240,absolute_return,squared_return,rolling_vol,range",48,168,0.65,5,0.2,True,success
locomotif.locomotif,5,0.061218058690428734,36,BTCUSDT,15m,conditioned,quantile_2_rolling_30,low_vol,low_vol_0064,"log_return,abs_log_return,rolling_volatility_60,rolling_volatility_30,hl_range,volume_zscore,quote_volume,number_of_trades,taker_buy_base_volume,taker_buy_quote_volume,spread_proxy,open,high,low,close,volume,pct_return,rolling_volatility_240,absolute_return,squared_return,rolling_vol,range",24,72,0.65,5,0.2,True,success
locomotif.locomotif,3,0.05043424479663372,14,BTCUSDT,15m,conditioned,quantile_2_rolling_30,low_vol,low_vol_0064,"log_return,abs_log_return,rolling_volatility_60,rolling_volatility_30,hl_range,volume_zscore,quote_volume,number_of_trades,taker_buy_base_volume,taker_buy_quote_volume,spread_proxy,open,high,low,close,volume,pct_return,rolling_volatility_240,absolute_return,squared_return,rolling_vol,range",48,168,0.65,5,0.2,True,success
locomotif.locomotif,5,0.21016015391796827,59,BTCUSDT,15m,conditioned,quantile_2_rolling_60,high_vol,high_vol_0001,"log_return,abs_log_return,rolling_volatility_60,rolling_volatility_30,hl_range,volume_zscore,quote_volume,number_of_trades,taker_buy_base_volume,taker_buy_quote_volume,spread_proxy,open,high,low,close,volume,pct_return,rolling_volatility_240,absolute_return,squared_return,rolling_vol,range",24,72,0.65,5,0.2,True,success
locomotif.locomotif,3,0.1912801954895258,26,BTCUSDT,15m,conditioned,quantile_2_rolling_60,high_vol,high_vol_0001,"log_return,abs_log_return,rolling_volatility_60,rolling_volatility_30,hl_range,volume_zscore,quote_volume,number_of_trades,taker_buy_base_volume,taker_buy_quote_volume,spread_proxy,open,high,low,close,volume,pct_return,rolling_volatility_240,absolute_return,squared_return,rolling_vol,range",48,168,0.65,5,0.2,True,success
locomotif.locomotif,5,0.05774195119738579,27,BTCUSDT,15m,conditioned,quantile_2_rolling_60,high_vol,high_vol_0002,"log_return,abs_log_return,rolling_volatility_60,rolling_volatility_30,hl_range,volume_zscore,quote_volume,number_of_trades,taker_buy_base_volume,taker_buy_quote_volume,spread_proxy,open,high,low,close,volume,pct_return,rolling_volatility_240,absolute_return,squared_return,rolling_vol,range",24,72,0.65,5,0.2,True,success
locomotif.locomotif,2,0.05021084751933813,13,BTCUSDT,15m,conditioned,quantile_2_rolling_60,high_vol,high_vol_0002,"log_return,abs_log_return,rolling_volatility_60,rolling_volatility_30,hl_range,volume_zscore,quote_volume,number_of_trades,taker_buy_base_volume,taker_buy_quote_volume,spread_proxy,open,high,low,close,volume,pct_return,rolling_volatility_240,absolute_return,squared_return,rolling_vol,range",48,168,0.65,5,0.2,True,success
locomotif.locomotif,2,0.03130819555372,17,BTCUSDT,15m,conditioned,quantile_2_rolling_60,high_vol,high_vol_0003,"log_return,abs_log_return,rolling_volatility_60,rolling_volatility_30,hl_range,volume_zscore,quote_volume,number_of_trades,taker_buy_base_volume,taker_buy_quote_volume,spread_proxy,open,high,low,close,volume,pct_return,rolling_volatility_240,absolute_return,squared_return,rolling_vol,range",24,72,0.65,5,0.2,True,success
locomotif.locomotif,1,0.027055181562900543,6,BTCUSDT,15m,conditioned,quantile_2_rolling_60,high_vol,high_vol_0003,"log_return,abs_log_return,rolling_volatility_60,rolling_volatility_30,hl_range,volume_zscore,quote_volume,number_of_trades,taker_buy_base_volume,taker_buy_quote_volume,spread_proxy,open,high,low,close,volume,pct_return,rolling_volatility_240,absolute_return,squared_return,rolling_vol,range",48,168,0.65,5,0.2,True,success
locomotif.locomotif,4,0.052757478319108486,30,BTCUSDT,15m,conditioned,quantile_2_rolling_60,low_vol,low_vol_0004,"log_return,abs_log_return,rolling_volatility_60,rolling_volatility_30,hl_range,volume_zscore,quote_volume,number_of_trades,taker_buy_base_volume,taker_buy_quote_volume,spread_proxy,open,high,low,close,volume,pct_return,rolling_volatility_240,absolute_return,squared_return,rolling_vol,range",24,72,0.65,5,0.2,True,success
locomotif.locomotif,3,0.05243322066962719,15,BTCUSDT,15m,conditioned,quantile_2_rolling_60,low_vol,low_vol_0004,"log_return,abs_log_return,rolling_volatility_60,rolling_volatility_30,hl_range,volume_zscore,quote_volume,number_of_trades,taker_buy_base_volume,taker_buy_quote_volume,spread_proxy,open,high,low,close,volume,pct_return,rolling_volatility_240,absolute_return,squared_return,rolling_vol,range",48,168,0.65,5,0.2,True,success
locomotif.locomotif,5,0.39887862652540207,69,BTCUSDT,15m,conditioned,quantile_2_rolling_60,low_vol,low_vol_0005,"log_return,abs_log_return,rolling_volatility_60,rolling_volatility_30,hl_range,volume_zscore,quote_volume,number_of_trades,taker_buy_base_volume,taker_buy_quote_volume,spread_proxy,open,high,low,close,volume,pct_return,rolling_volatility_240,absolute_return,squared_return,rolling_vol,range",24,72,0.65,5,0.2,True,success
locomotif.locomotif,5,0.3717330489307642,40,BTCUSDT,15m,conditioned,quantile_2_rolling_60,low_vol,low_vol_0005,"log_return,abs_log_return,rolling_volatility_60,rolling_volatility_30,hl_range,volume_zscore,quote_volume,number_of_trades,taker_buy_base_volume,taker_buy_quote_volume,spread_proxy,open,high,low,close,volume,pct_return,rolling_volatility_240,absolute_return,squared_return,rolling_vol,range",48,168,0.65,5,0.2,True,success
locomotif.locomotif,3,0.029407848604023457,21,BTCUSDT,15m,conditioned,quantile_2_rolling_60,high_vol,high_vol_0006,"log_return,abs_log_return,rolling_volatility_60,rolling_volatility_30,hl_range,volume_zscore,quote_volume,number_of_trades,taker_buy_base_volume,taker_buy_quote_volume,spread_proxy,open,high,low,close,volume,pct_return,rolling_volatility_240,absolute_return,squared_return,rolling_vol,range",24,72,0.65,5,0.2,True,success
locomotif.locomotif,3,0.02386362198740244,11,BTCUSDT,15m,conditioned,quantile_2_rolling_60,high_vol,high_vol_0006,"log_return,abs_log_return,rolling_volatility_60,rolling_volatility_30,hl_range,volume_zscore,quote_volume,number_of_trades,taker_buy_base_volume,taker_buy_quote_volume,spread_proxy,open,high,low,close,volume,pct_return,rolling_volatility_240,absolute_return,squared_return,rolling_vol,range",48,168,0.65,5,0.2,True,success
locomotif.locomotif,4,0.03855704516172409,23,BTCUSDT,15m,conditioned,quantile_2_rolling_60,low_vol,low_vol_0007,"log_return,abs_log_return,rolling_volatility_60,rolling_volatility_30,hl_range,volume_zscore,quote_volume,number_of_trades,taker_buy_base_volume,taker_buy_quote_volume,spread_proxy,open,high,low,close,volume,pct_return,rolling_volatility_240,absolute_return,squared_return,rolling_vol,range",24,72,0.65,5,0.2,True,success
locomotif.locomotif,3,0.03386219684034586,12,BTCUSDT,15m,conditioned,quantile_2_rolling_60,low_vol,low_vol_0007,"log_return,abs_log_return,rolling_volatility_60,rolling_volatility_30,hl_range,volume_zscore,quote_volume,number_of_trades,taker_buy_base_volume,taker_buy_quote_volume,spread_proxy,open,high,low,close,volume,pct_return,rolling_volatility_240,absolute_return,squared_return,rolling_vol,range",48,168,0.65,5,0.2,True,success
locomotif.locomotif,5,0.04027767293155193,31,BTCUSDT,15m,conditioned,quantile_2_rolling_60,low_vol,low_vol_0008,"log_return,abs_log_return,rolling_volatility_60,rolling_volatility_30,hl_range,volume_zscore,quote_volume,number_of_trades,taker_buy_base_volume,taker_buy_quote_volume,spread_proxy,open,high,low,close,volume,pct_return,rolling_volatility_240,absolute_return,squared_return,rolling_vol,range",24,72,0.65,5,0.2,True,success
locomotif.locomotif,1,0.034504602663218975,8,BTCUSDT,15m,conditioned,quantile_2_rolling_60,low_vol,low_vol_0008,"log_return,abs_log_return,rolling_volatility_60,rolling_volatility_30,hl_range,volume_zscore,quote_volume,number_of_trades,taker_buy_base_volume,taker_buy_quote_volume,spread_proxy,open,high,low,close,volume,pct_return,rolling_volatility_240,absolute_return,squared_return,rolling_vol,range",48,168,0.65,5,0.2,True,success
locomotif.locomotif,5,0.23923862725496292,57,BTCUSDT,15m,conditioned,quantile_2_rolling_60,high_vol,high_vol_0009,"log_return,abs_log_return,rolling_volatility_60,rolling_volatility_30,hl_range,volume_zscore,quote_volume,number_of_trades,taker_buy_base_volume,taker_buy_quote_volume,spread_proxy,open,high,low,close,volume,pct_return,rolling_volatility_240,absolute_return,squared_return,rolling_vol,range",24,72,0.65,5,0.2,True,success
locomotif.locomotif,4,0.21335827186703682,28,BTCUSDT,15m,conditioned,quantile_2_rolling_60,high_vol,high_vol_0009,"log_return,abs_log_return,rolling_volatility_60,rolling_volatility_30,hl_range,volume_zscore,quote_volume,number_of_trades,taker_buy_base_volume,taker_buy_quote_volume,spread_proxy,open,high,low,close,volume,pct_return,rolling_volatility_240,absolute_return,squared_return,rolling_vol,range",48,168,0.65,5,0.2,True,success
locomotif.locomotif,5,0.05931022949516773,30,BTCUSDT,15m,conditioned,quantile_2_rolling_60,high_vol,high_vol_0010,"log_return,abs_log_return,rolling_volatility_60,rolling_volatility_30,hl_range,volume_zscore,quote_volume,number_of_trades,taker_buy_base_volume,taker_buy_quote_volume,spread_proxy,open,high,low,close,volume,pct_return,rolling_volatility_240,absolute_return,squared_return,rolling_vol,range",24,72,0.65,5,0.2,True,success
locomotif.locomotif,2,0.05368122644722462,15,BTCUSDT,15m,conditioned,quantile_2_rolling_60,high_vol,high_vol_0010,"log_return,abs_log_return,rolling_volatility_60,rolling_volatility_30,hl_range,volume_zscore,quote_volume,number_of_trades,taker_buy_base_volume,taker_buy_quote_volume,spread_proxy,open,high,low,close,volume,pct_return,rolling_volatility_240,absolute_return,squared_return,rolling_vol,range",48,168,0.65,5,0.2,True,success
locomotif.locomotif,5,0.3947652103379369,75,BTCUSDT,15m,conditioned,quantile_2_rolling_60,high_vol,high_vol_0011,"log_return,abs_log_return,rolling_volatility_60,rolling_volatility_30,hl_range,volume_zscore,quote_volume,number_of_trades,taker_buy_base_volume,taker_buy_quote_volume,spread_proxy,open,high,low,close,volume,pct_return,rolling_volatility_240,absolute_return,squared_return,rolling_vol,range",24,72,0.65,5,0.2,True,success
locomotif.locomotif,5,0.3727375902235508,39,BTCUSDT,15m,conditioned,quantile_2_rolling_60,high_vol,high_vol_0011,"log_return,abs_log_return,rolling_volatility_60,rolling_volatility_30,hl_range,volume_zscore,quote_volume,number_of_trades,taker_buy_base_volume,taker_buy_quote_volume,spread_proxy,open,high,low,close,volume,pct_return,rolling_volatility_240,absolute_return,squared_return,rolling_vol,range",48,168,0.65,5,0.2,True,success
locomotif.locomotif,5,0.059540385380387306,30,BTCUSDT,15m,conditioned,quantile_2_rolling_60,high_vol,high_vol_0012,"log_return,abs_log_return,rolling_volatility_60,rolling_volatility_30,hl_range,volume_zscore,quote_volume,number_of_trades,taker_buy_base_volume,taker_buy_quote_volume,spread_proxy,open,high,low,close,volume,pct_return,rolling_volatility_240,absolute_return,squared_return,rolling_vol,range",24,72,0.65,5,0.2,True,success
locomotif.locomotif,5,0.05582372937351465,19,BTCUSDT,15m,conditioned,quantile_2_rolling_60,high_vol,high_vol_0012,"log_return,abs_log_return,rolling_volatility_60,rolling_volatility_30,hl_range,volume_zscore,quote_volume,number_of_trades,taker_buy_base_volume,taker_buy_quote_volume,spread_proxy,open,high,low,close,volume,pct_return,rolling_volatility_240,absolute_return,squared_return,rolling_vol,range",48,168,0.65,5,0.2,True,success
locomotif.locomotif,5,0.12109397072345018,42,BTCUSDT,15m,conditioned,quantile_2_rolling_60,high_vol,high_vol_0013,"log_return,abs_log_return,rolling_volatility_60,rolling_volatility_30,hl_range,volume_zscore,quote_volume,number_of_trades,taker_buy_base_volume,taker_buy_quote_volume,spread_proxy,open,high,low,close,volume,pct_return,rolling_volatility_240,absolute_return,squared_return,rolling_vol,range",24,72,0.65,5,0.2,True,success
locomotif.locomotif,4,0.10691953729838133,22,BTCUSDT,15m,conditioned,quantile_2_rolling_60,high_vol,high_vol_0013,"log_return,abs_log_return,rolling_volatility_60,rolling_volatility_30,hl_range,volume_zscore,quote_volume,number_of_trades,taker_buy_base_volume,taker_buy_quote_volume,spread_proxy,open,high,low,close,volume,pct_return,rolling_volatility_240,absolute_return,squared_return,rolling_vol,range",48,168,0.65,5,0.2,True,success
locomotif.locomotif,5,0.3203085446730256,60,BTCUSDT,15m,conditioned,quantile_2_rolling_60,high_vol,high_vol_0014,"log_return,abs_log_return,rolling_volatility_60,rolling_volatility_30,hl_range,volume_zscore,quote_volume,number_of_trades,taker_buy_base_volume,taker_buy_quote_volume,spread_proxy,open,high,low,close,volume,pct_return,rolling_volatility_240,absolute_return,squared_return,rolling_vol,range",24,72,0.65,5,0.2,True,success
locomotif.locomotif,5,0.29714365489780903,34,BTCUSDT,15m,conditioned,quantile_2_rolling_60,high_vol,high_vol_0014,"log_return,abs_log_return,rolling_volatility_60,rolling_volatility_30,hl_range,volume_zscore,quote_volume,number_of_trades,taker_buy_base_volume,taker_buy_quote_volume,spread_proxy,open,high,low,close,volume,pct_return,rolling_volatility_240,absolute_return,squared_return,rolling_vol,range",48,168,0.65,5,0.2,True,success
locomotif.locomotif,5,0.4069045437499881,71,BTCUSDT,15m,conditioned,quantile_2_rolling_60,high_vol,high_vol_0015,"log_return,abs_log_return,rolling_volatility_60,rolling_volatility_30,hl_range,volume_zscore,quote_volume,number_of_trades,taker_buy_base_volume,taker_buy_quote_volume,spread_proxy,open,high,low,close,volume,pct_return,rolling_volatility_240,absolute_return,squared_return,rolling_vol,range",24,72,0.65,5,0.2,True,success
locomotif.locomotif,5,0.379933038726449,40,BTCUSDT,15m,conditioned,quantile_2_rolling_60,high_vol,high_vol_0015,"log_return,abs_log_return,rolling_volatility_60,rolling_volatility_30,hl_range,volume_zscore,quote_volume,number_of_trades,taker_buy_base_volume,taker_buy_quote_volume,spread_proxy,open,high,low,close,volume,pct_return,rolling_volatility_240,absolute_return,squared_return,rolling_vol,range",48,168,0.65,5,0.2,True,success
locomotif.locomotif,3,0.02740782219916582,19,BTCUSDT,15m,conditioned,quantile_2_rolling_60,high_vol,high_vol_0016,"log_return,abs_log_return,rolling_volatility_60,rolling_volatility_30,hl_range,volume_zscore,quote_volume,number_of_trades,taker_buy_base_volume,taker_buy_quote_volume,spread_proxy,open,high,low,close,volume,pct_return,rolling_volatility_240,absolute_return,squared_return,rolling_vol,range",24,72,0.65,5,0.2,True,success
locomotif.locomotif,3,0.02385997585952282,11,BTCUSDT,15m,conditioned,quantile_2_rolling_60,high_vol,high_vol_0016,"log_return,abs_log_return,rolling_volatility_60,rolling_volatility_30,hl_range,volume_zscore,quote_volume,number_of_trades,taker_buy_base_volume,taker_buy_quote_volume,spread_proxy,open,high,low,close,volume,pct_return,rolling_volatility_240,absolute_return,squared_return,rolling_vol,range",48,168,0.65,5,0.2,True,success
locomotif.locomotif,5,0.10780073143541813,39,BTCUSDT,15m,conditioned,quantile_2_rolling_60,high_vol,high_vol_0017,"log_return,abs_log_return,rolling_volatility_60,rolling_volatility_30,hl_range,volume_zscore,quote_volume,number_of_trades,taker_buy_base_volume,taker_buy_quote_volume,spread_proxy,open,high,low,close,volume,pct_return,rolling_volatility_240,absolute_return,squared_return,rolling_vol,range",24,72,0.65,5,0.2,True,success
locomotif.locomotif,3,0.09770051576197147,19,BTCUSDT,15m,conditioned,quantile_2_rolling_60,high_vol,high_vol_0017,"log_return,abs_log_return,rolling_volatility_60,rolling_volatility_30,hl_range,volume_zscore,quote_volume,number_of_trades,taker_buy_base_volume,taker_buy_quote_volume,spread_proxy,open,high,low,close,volume,pct_return,rolling_volatility_240,absolute_return,squared_return,rolling_vol,range",48,168,0.65,5,0.2,True,success
locomotif.locomotif,5,0.08647715114057064,34,BTCUSDT,15m,conditioned,quantile_2_rolling_60,high_vol,high_vol_0018,"log_return,abs_log_return,rolling_volatility_60,rolling_volatility_30,hl_range,volume_zscore,quote_volume,number_of_trades,taker_buy_base_volume,taker_buy_quote_volume,spread_proxy,open,high,low,close,volume,pct_return,rolling_volatility_240,absolute_return,squared_return,rolling_vol,range",24,72,0.65,5,0.2,True,success
locomotif.locomotif,5,0.08308346662670374,20,BTCUSDT,15m,conditioned,quantile_2_rolling_60,high_vol,high_vol_0018,"log_return,abs_log_return,rolling_volatility_60,rolling_volatility_30,hl_range,volume_zscore,quote_volume,number_of_trades,taker_buy_base_volume,taker_buy_quote_volume,spread_proxy,open,high,low,close,volume,pct_return,rolling_volatility_240,absolute_return,squared_return,rolling_vol,range",48,168,0.65,5,0.2,True,success
locomotif.locomotif,5,0.127843851223588,45,BTCUSDT,15m,conditioned,quantile_2_rolling_60,high_vol,high_vol_0019,"log_return,abs_log_return,rolling_volatility_60,rolling_volatility_30,hl_range,volume_zscore,quote_volume,number_of_trades,taker_buy_base_volume,taker_buy_quote_volume,spread_proxy,open,high,low,close,volume,pct_return,rolling_volatility_240,absolute_return,squared_return,rolling_vol,range",24,72,0.65,5,0.2,True,success
locomotif.locomotif,3,0.11745718214660883,19,BTCUSDT,15m,conditioned,quantile_2_rolling_60,high_vol,high_vol_0019,"log_return,abs_log_return,rolling_volatility_60,rolling_volatility_30,hl_range,volume_zscore,quote_volume,number_of_trades,taker_buy_base_volume,taker_buy_quote_volume,spread_proxy,open,high,low,close,volume,pct_return,rolling_volatility_240,absolute_return,squared_return,rolling_vol,range",48,168,0.65,5,0.2,True,success
locomotif.locomotif,5,0.06611619424074888,32,BTCUSDT,15m,conditioned,quantile_2_rolling_60,high_vol,high_vol_0020,"log_return,abs_log_return,rolling_volatility_60,rolling_volatility_30,hl_range,volume_zscore,quote_volume,number_of_trades,taker_buy_base_volume,taker_buy_quote_volume,spread_proxy,open,high,low,close,volume,pct_return,rolling_volatility_240,absolute_return,squared_return,rolling_vol,range",24,72,0.65,5,0.2,True,success
locomotif.locomotif,4,0.059003510512411594,16,BTCUSDT,15m,conditioned,quantile_2_rolling_60,high_vol,high_vol_0020,"log_return,abs_log_return,rolling_volatility_60,rolling_volatility_30,hl_range,volume_zscore,quote_volume,number_of_trades,taker_buy_base_volume,taker_buy_quote_volume,spread_proxy,open,high,low,close,volume,pct_return,rolling_volatility_240,absolute_return,squared_return,rolling_vol,range",48,168,0.65,5,0.2,True,success
locomotif.locomotif,4,0.025805330835282803,23,BTCUSDT,15m,conditioned,quantile_2_rolling_60,high_vol,high_vol_0021,"log_return,abs_log_return,rolling_volatility_60,rolling_volatility_30,hl_range,volume_zscore,quote_volume,number_of_trades,taker_buy_base_volume,taker_buy_quote_volume,spread_proxy,open,high,low,close,volume,pct_return,rolling_volatility_240,absolute_return,squared_return,rolling_vol,range",24,72,0.65,5,0.2,True,success
locomotif.locomotif,2,0.022206170484423637,8,BTCUSDT,15m,conditioned,quantile_2_rolling_60,high_vol,high_vol_0021,"log_return,abs_log_return,rolling_volatility_60,rolling_volatility_30,hl_range,volume_zscore,quote_volume,number_of_trades,taker_buy_base_volume,taker_buy_quote_volume,spread_proxy,open,high,low,close,volume,pct_return,rolling_volatility_240,absolute_return,squared_return,rolling_vol,range",48,168,0.65,5,0.2,True,success
locomotif.locomotif,5,0.13888359908014536,46,BTCUSDT,15m,conditioned,quantile_2_rolling_60,high_vol,high_vol_0022,"log_return,abs_log_return,rolling_volatility_60,rolling_volatility_30,hl_range,volume_zscore,quote_volume,number_of_trades,taker_buy_base_volume,taker_buy_quote_volume,spread_proxy,open,high,low,close,volume,pct_return,rolling_volatility_240,absolute_return,squared_return,rolling_vol,range",24,72,0.65,5,0.2,True,success
locomotif.locomotif,5,0.12791793141514063,26,BTCUSDT,15m,conditioned,quantile_2_rolling_60,high_vol,high_vol_0022,"log_return,abs_log_return,rolling_volatility_60,rolling_volatility_30,hl_range,volume_zscore,quote_volume,number_of_trades,taker_buy_base_volume,taker_buy_quote_volume,spread_proxy,open,high,low,close,volume,pct_return,rolling_volatility_240,absolute_return,squared_return,rolling_vol,range",48,168,0.65,5,0.2,True,success
locomotif.locomotif,5,0.032755360938608646,22,BTCUSDT,15m,conditioned,quantile_2_rolling_60,high_vol,high_vol_0023,"log_return,abs_log_return,rolling_volatility_60,rolling_volatility_30,hl_range,volume_zscore,quote_volume,number_of_trades,taker_buy_base_volume,taker_buy_quote_volume,spread_proxy,open,high,low,close,volume,pct_return,rolling_volatility_240,absolute_return,squared_return,rolling_vol,range",24,72,0.65,5,0.2,True,success
locomotif.locomotif,2,0.026540396735072136,9,BTCUSDT,15m,conditioned,quantile_2_rolling_60,high_vol,high_vol_0023,"log_return,abs_log_return,rolling_volatility_60,rolling_volatility_30,hl_range,volume_zscore,quote_volume,number_of_trades,taker_buy_base_volume,taker_buy_quote_volume,spread_proxy,open,high,low,close,volume,pct_return,rolling_volatility_240,absolute_return,squared_return,rolling_vol,range",48,168,0.65,5,0.2,True,success
locomotif.locomotif,5,0.12006843835115433,47,BTCUSDT,15m,conditioned,quantile_2_rolling_60,high_vol,high_vol_0024,"log_return,abs_log_return,rolling_volatility_60,rolling_volatility_30,hl_range,volume_zscore,quote_volume,number_of_trades,taker_buy_base_volume,taker_buy_quote_volume,spread_proxy,open,high,low,close,volume,pct_return,rolling_volatility_240,absolute_return,squared_return,rolling_vol,range",24,72,0.65,5,0.2,True,success
locomotif.locomotif,5,0.1114607360213995,28,BTCUSDT,15m,conditioned,quantile_2_rolling_60,high_vol,high_vol_0024,"log_return,abs_log_return,rolling_volatility_60,rolling_volatility_30,hl_range,volume_zscore,quote_volume,number_of_trades,taker_buy_base_volume,taker_buy_quote_volume,spread_proxy,open,high,low,close,volume,pct_return,rolling_volatility_240,absolute_return,squared_return,rolling_vol,range",48,168,0.65,5,0.2,True,success
locomotif.locomotif,5,0.14286805130541325,49,BTCUSDT,15m,conditioned,quantile_2_rolling_60,high_vol,high_vol_0025,"log_return,abs_log_return,rolling_volatility_60,rolling_volatility_30,hl_range,volume_zscore,quote_volume,number_of_trades,taker_buy_base_volume,taker_buy_quote_volume,spread_proxy,open,high,low,close,volume,pct_return,rolling_volatility_240,absolute_return,squared_return,rolling_vol,range",24,72,0.65,5,0.2,True,success
locomotif.locomotif,5,0.13461413979530334,23,BTCUSDT,15m,conditioned,quantile_2_rolling_60,high_vol,high_vol_0025,"log_return,abs_log_return,rolling_volatility_60,rolling_volatility_30,hl_range,volume_zscore,quote_volume,number_of_trades,taker_buy_base_volume,taker_buy_quote_volume,spread_proxy,open,high,low,close,volume,pct_return,rolling_volatility_240,absolute_return,squared_return,rolling_vol,range",48,168,0.65,5,0.2,True,success
locomotif.locomotif,5,0.0777790118008852,36,BTCUSDT,15m,conditioned,quantile_2_rolling_60,high_vol,high_vol_0026,"log_return,abs_log_return,rolling_volatility_60,rolling_volatility_30,hl_range,volume_zscore,quote_volume,number_of_trades,taker_buy_base_volume,taker_buy_quote_volume,spread_proxy,open,high,low,close,volume,pct_return,rolling_volatility_240,absolute_return,squared_return,rolling_vol,range",24,72,0.65,5,0.2,True,success
locomotif.locomotif,5,0.07203206047415733,21,BTCUSDT,15m,conditioned,quantile_2_rolling_60,high_vol,high_vol_0026,"log_return,abs_log_return,rolling_volatility_60,rolling_volatility_30,hl_range,volume_zscore,quote_volume,number_of_trades,taker_buy_base_volume,taker_buy_quote_volume,spread_proxy,open,high,low,close,volume,pct_return,rolling_volatility_240,absolute_return,squared_return,rolling_vol,range",48,168,0.65,5,0.2,True,success
locomotif.locomotif,5,0.023580647073686123,23,BTCUSDT,15m,conditioned,quantile_2_rolling_60,low_vol,low_vol_0027,"log_return,abs_log_return,rolling_volatility_60,rolling_volatility_30,hl_range,volume_zscore,quote_volume,number_of_trades,taker_buy_base_volume,taker_buy_quote_volume,spread_proxy,open,high,low,close,volume,pct_return,rolling_volatility_240,absolute_return,squared_return,rolling_vol,range",24,72,0.65,5,0.2,True,success
locomotif.locomotif,2,0.0196576165035367,8,BTCUSDT,15m,conditioned,quantile_2_rolling_60,low_vol,low_vol_0027,"log_return,abs_log_return,rolling_volatility_60,rolling_volatility_30,hl_range,volume_zscore,quote_volume,number_of_trades,taker_buy_base_volume,taker_buy_quote_volume,spread_proxy,open,high,low,close,volume,pct_return,rolling_volatility_240,absolute_return,squared_return,rolling_vol,range",48,168,0.65,5,0.2,True,success
locomotif.locomotif,5,0.09414868522435427,33,BTCUSDT,15m,conditioned,quantile_2_rolling_60,low_vol,low_vol_0028,"log_return,abs_log_return,rolling_volatility_60,rolling_volatility_30,hl_range,volume_zscore,quote_volume,number_of_trades,taker_buy_base_volume,taker_buy_quote_volume,spread_proxy,open,high,low,close,volume,pct_return,rolling_volatility_240,absolute_return,squared_return,rolling_vol,range",24,72,0.65,5,0.2,True,success
locomotif.locomotif,5,0.08369629923254251,25,BTCUSDT,15m,conditioned,quantile_2_rolling_60,low_vol,low_vol_0028,"log_return,abs_log_return,rolling_volatility_60,rolling_volatility_30,hl_range,volume_zscore,quote_volume,number_of_trades,taker_buy_base_volume,taker_buy_quote_volume,spread_proxy,open,high,low,close,volume,pct_return,rolling_volatility_240,absolute_return,squared_return,rolling_vol,range",48,168,0.65,5,0.2,True,success
locomotif.locomotif,4,0.026202217675745487,23,BTCUSDT,15m,conditioned,quantile_2_rolling_60,low_vol,low_vol_0029,"log_return,abs_log_return,rolling_volatility_60,rolling_volatility_30,hl_range,volume_zscore,quote_volume,number_of_trades,taker_buy_base_volume,taker_buy_quote_volume,spread_proxy,open,high,low,close,volume,pct_return,rolling_volatility_240,absolute_return,squared_return,rolling_vol,range",24,72,0.65,5,0.2,True,success
locomotif.locomotif,2,0.022587384097278118,9,BTCUSDT,15m,conditioned,quantile_2_rolling_60,low_vol,low_vol_0029,"log_return,abs_log_return,rolling_volatility_60,rolling_volatility_30,hl_range,volume_zscore,quote_volume,number_of_trades,taker_buy_base_volume,taker_buy_quote_volume,spread_proxy,open,high,low,close,volume,pct_return,rolling_volatility_240,absolute_return,squared_return,rolling_vol,range",48,168,0.65,5,0.2,True,success
locomotif.locomotif,5,0.13116040732711554,42,BTCUSDT,15m,conditioned,quantile_2_rolling_60,low_vol,low_vol_0030,"log_return,abs_log_return,rolling_volatility_60,rolling_volatility_30,hl_range,volume_zscore,quote_volume,number_of_trades,taker_buy_base_volume,taker_buy_quote_volume,spread_proxy,open,high,low,close,volume,pct_return,rolling_volatility_240,absolute_return,squared_return,rolling_vol,range",24,72,0.65,5,0.2,True,success
locomotif.locomotif,3,0.11975064128637314,17,BTCUSDT,15m,conditioned,quantile_2_rolling_60,low_vol,low_vol_0030,"log_return,abs_log_return,rolling_volatility_60,rolling_volatility_30,hl_range,volume_zscore,quote_volume,number_of_trades,taker_buy_base_volume,taker_buy_quote_volume,spread_proxy,open,high,low,close,volume,pct_return,rolling_volatility_240,absolute_return,squared_return,rolling_vol,range",48,168,0.65,5,0.2,True,success
locomotif.locomotif,5,0.39262235909700394,71,BTCUSDT,15m,conditioned,quantile_2_rolling_60,low_vol,low_vol_0031,"log_return,abs_log_return,rolling_volatility_60,rolling_volatility_30,hl_range,volume_zscore,quote_volume,number_of_trades,taker_buy_base_volume,taker_buy_quote_volume,spread_proxy,open,high,low,close,volume,pct_return,rolling_volatility_240,absolute_return,squared_return,rolling_vol,range",24,72,0.65,5,0.2,True,success
locomotif.locomotif,5,0.38559233769774437,32,BTCUSDT,15m,conditioned,quantile_2_rolling_60,low_vol,low_vol_0031,"log_return,abs_log_return,rolling_volatility_60,rolling_volatility_30,hl_range,volume_zscore,quote_volume,number_of_trades,taker_buy_base_volume,taker_buy_quote_volume,spread_proxy,open,high,low,close,volume,pct_return,rolling_volatility_240,absolute_return,squared_return,rolling_vol,range",48,168,0.65,5,0.2,True,success
locomotif.locomotif,5,0.040990764275193214,24,BTCUSDT,15m,conditioned,quantile_2_rolling_60,high_vol,high_vol_0032,"log_return,abs_log_return,rolling_volatility_60,rolling_volatility_30,hl_range,volume_zscore,quote_volume,number_of_trades,taker_buy_base_volume,taker_buy_quote_volume,spread_proxy,open,high,low,close,volume,pct_return,rolling_volatility_240,absolute_return,squared_return,rolling_vol,range",24,72,0.65,5,0.2,True,success
locomotif.locomotif,3,0.03199565038084984,15,BTCUSDT,15m,conditioned,quantile_2_rolling_60,high_vol,high_vol_0032,"log_return,abs_log_return,rolling_volatility_60,rolling_volatility_30,hl_range,volume_zscore,quote_volume,number_of_trades,taker_buy_base_volume,taker_buy_quote_volume,spread_proxy,open,high,low,close,volume,pct_return,rolling_volatility_240,absolute_return,squared_return,rolling_vol,range",48,168,0.65,5,0.2,True,success
locomotif.locomotif,4,0.032267057336866856,26,BTCUSDT,15m,conditioned,quantile_2_rolling_60,low_vol,low_vol_0033,"log_return,abs_log_return,rolling_volatility_60,rolling_volatility_30,hl_range,volume_zscore,quote_volume,number_of_trades,taker_buy_base_volume,taker_buy_quote_volume,spread_proxy,open,high,low,close,volume,pct_return,rolling_volatility_240,absolute_return,squared_return,rolling_vol,range",24,72,0.65,5,0.2,True,success
locomotif.locomotif,4,0.028922198340296745,15,BTCUSDT,15m,conditioned,quantile_2_rolling_60,low_vol,low_vol_0033,"log_return,abs_log_return,rolling_volatility_60,rolling_volatility_30,hl_range,volume_zscore,quote_volume,number_of_trades,taker_buy_base_volume,taker_buy_quote_volume,spread_proxy,open,high,low,close,volume,pct_return,rolling_volatility_240,absolute_return,squared_return,rolling_vol,range",48,168,0.65,5,0.2,True,success
locomotif.locomotif,5,0.04505878034979105,32,BTCUSDT,15m,conditioned,quantile_2_rolling_60,low_vol,low_vol_0034,"log_return,abs_log_return,rolling_volatility_60,rolling_volatility_30,hl_range,volume_zscore,quote_volume,number_of_trades,taker_buy_base_volume,taker_buy_quote_volume,spread_proxy,open,high,low,close,volume,pct_return,rolling_volatility_240,absolute_return,squared_return,rolling_vol,range",24,72,0.65,5,0.2,True,success
locomotif.locomotif,4,0.03812936320900917,15,BTCUSDT,15m,conditioned,quantile_2_rolling_60,low_vol,low_vol_0034,"log_return,abs_log_return,rolling_volatility_60,rolling_volatility_30,hl_range,volume_zscore,quote_volume,number_of_trades,taker_buy_base_volume,taker_buy_quote_volume,spread_proxy,open,high,low,close,volume,pct_return,rolling_volatility_240,absolute_return,squared_return,rolling_vol,range",48,168,0.65,5,0.2,True,success
locomotif.locomotif,4,0.026594589464366436,20,BTCUSDT,15m,conditioned,quantile_2_rolling_60,low_vol,low_vol_0035,"log_return,abs_log_return,rolling_volatility_60,rolling_volatility_30,hl_range,volume_zscore,quote_volume,number_of_trades,taker_buy_base_volume,taker_buy_quote_volume,spread_proxy,open,high,low,close,volume,pct_return,rolling_volatility_240,absolute_return,squared_return,rolling_vol,range",24,72,0.65,5,0.2,True,success
locomotif.locomotif,4,0.022162283770740032,13,BTCUSDT,15m,conditioned,quantile_2_rolling_60,low_vol,low_vol_0035,"log_return,abs_log_return,rolling_volatility_60,rolling_volatility_30,hl_range,volume_zscore,quote_volume,number_of_trades,taker_buy_base_volume,taker_buy_quote_volume,spread_proxy,open,high,low,close,volume,pct_return,rolling_volatility_240,absolute_return,squared_return,rolling_vol,range",48,168,0.65,5,0.2,True,success
locomotif.locomotif,5,0.043751185759902,27,BTCUSDT,15m,conditioned,quantile_2_rolling_60,low_vol,low_vol_0036,"log_return,abs_log_return,rolling_volatility_60,rolling_volatility_30,hl_range,volume_zscore,quote_volume,number_of_trades,taker_buy_base_volume,taker_buy_quote_volume,spread_proxy,open,high,low,close,volume,pct_return,rolling_volatility_240,absolute_return,squared_return,rolling_vol,range",24,72,0.65,5,0.2,True,success
locomotif.locomotif,3,0.03688246849924326,13,BTCUSDT,15m,conditioned,quantile_2_rolling_60,low_vol,low_vol_0036,"log_return,abs_log_return,rolling_volatility_60,rolling_volatility_30,hl_range,volume_zscore,quote_volume,number_of_trades,taker_buy_base_volume,taker_buy_quote_volume,spread_proxy,open,high,low,close,volume,pct_return,rolling_volatility_240,absolute_return,squared_return,rolling_vol,range",48,168,0.65,5,0.2,True,success
locomotif.locomotif,5,0.07874685619026423,34,BTCUSDT,15m,conditioned,quantile_2_rolling_60,low_vol,low_vol_0037,"log_return,abs_log_return,rolling_volatility_60,rolling_volatility_30,hl_range,volume_zscore,quote_volume,number_of_trades,taker_buy_base_volume,taker_buy_quote_volume,spread_proxy,open,high,low,close,volume,pct_return,rolling_volatility_240,absolute_return,squared_return,rolling_vol,range",24,72,0.65,5,0.2,True,success
locomotif.locomotif,5,0.06842318270355463,23,BTCUSDT,15m,conditioned,quantile_2_rolling_60,low_vol,low_vol_0037,"log_return,abs_log_return,rolling_volatility_60,rolling_volatility_30,hl_range,volume_zscore,quote_volume,number_of_trades,taker_buy_base_volume,taker_buy_quote_volume,spread_proxy,open,high,low,close,volume,pct_return,rolling_volatility_240,absolute_return,squared_return,rolling_vol,range",48,168,0.65,5,0.2,True,success
locomotif.locomotif,5,0.3961883410811424,69,BTCUSDT,15m,conditioned,quantile_2_rolling_60,low_vol,low_vol_0038,"log_return,abs_log_return,rolling_volatility_60,rolling_volatility_30,hl_range,volume_zscore,quote_volume,number_of_trades,taker_buy_base_volume,taker_buy_quote_volume,spread_proxy,open,high,low,close,volume,pct_return,rolling_volatility_240,absolute_return,squared_return,rolling_vol,range",24,72,0.65,5,0.2,True,success
locomotif.locomotif,5,0.367638292722404,32,BTCUSDT,15m,conditioned,quantile_2_rolling_60,low_vol,low_vol_0038,"log_return,abs_log_return,rolling_volatility_60,rolling_volatility_30,hl_range,volume_zscore,quote_volume,number_of_trades,taker_buy_base_volume,taker_buy_quote_volume,spread_proxy,open,high,low,close,volume,pct_return,rolling_volatility_240,absolute_return,squared_return,rolling_vol,range",48,168,0.65,5,0.2,True,success
locomotif.locomotif,4,0.031758783385157585,22,BTCUSDT,15m,conditioned,quantile_2_rolling_60,low_vol,low_vol_0039,"log_return,abs_log_return,rolling_volatility_60,rolling_volatility_30,hl_range,volume_zscore,quote_volume,number_of_trades,taker_buy_base_volume,taker_buy_quote_volume,spread_proxy,open,high,low,close,volume,pct_return,rolling_volatility_240,absolute_return,squared_return,rolling_vol,range",24,72,0.65,5,0.2,True,success
locomotif.locomotif,2,0.024955524131655693,9,BTCUSDT,15m,conditioned,quantile_2_rolling_60,low_vol,low_vol_0039,"log_return,abs_log_return,rolling_volatility_60,rolling_volatility_30,hl_range,volume_zscore,quote_volume,number_of_trades,taker_buy_base_volume,taker_buy_quote_volume,spread_proxy,open,high,low,close,volume,pct_return,rolling_volatility_240,absolute_return,squared_return,rolling_vol,range",48,168,0.65,5,0.2,True,success
locomotif.locomotif,3,0.04216437041759491,19,BTCUSDT,15m,conditioned,quantile_2_rolling_60,low_vol,low_vol_0040,"log_return,abs_log_return,rolling_volatility_60,rolling_volatility_30,hl_range,volume_zscore,quote_volume,number_of_trades,taker_buy_base_volume,taker_buy_quote_volume,spread_proxy,open,high,low,close,volume,pct_return,rolling_volatility_240,absolute_return,squared_return,rolling_vol,range",24,72,0.65,5,0.2,True,success
locomotif.locomotif,2,0.0389925092458725,10,BTCUSDT,15m,conditioned,quantile_2_rolling_60,low_vol,low_vol_0040,"log_return,abs_log_return,rolling_volatility_60,rolling_volatility_30,hl_range,volume_zscore,quote_volume,number_of_trades,taker_buy_base_volume,taker_buy_quote_volume,spread_proxy,open,high,low,close,volume,pct_return,rolling_volatility_240,absolute_return,squared_return,rolling_vol,range",48,168,0.65,5,0.2,True,success
locomotif.locomotif,4,0.024577285163104534,21,BTCUSDT,15m,conditioned,quantile_2_rolling_60,low_vol,low_vol_0041,"log_return,abs_log_return,rolling_volatility_60,rolling_volatility_30,hl_range,volume_zscore,quote_volume,number_of_trades,taker_buy_base_volume,taker_buy_quote_volume,spread_proxy,open,high,low,close,volume,pct_return,rolling_volatility_240,absolute_return,squared_return,rolling_vol,range",24,72,0.65,5,0.2,True,success
locomotif.locomotif,1,0.02106067817658186,7,BTCUSDT,15m,conditioned,quantile_2_rolling_60,low_vol,low_vol_0041,"log_return,abs_log_return,rolling_volatility_60,rolling_volatility_30,hl_range,volume_zscore,quote_volume,number_of_trades,taker_buy_base_volume,taker_buy_quote_volume,spread_proxy,open,high,low,close,volume,pct_return,rolling_volatility_240,absolute_return,squared_return,rolling_vol,range",48,168,0.65,5,0.2,True,success
locomotif.locomotif,5,0.13000216521322727,43,BTCUSDT,15m,conditioned,quantile_2_rolling_60,low_vol,low_vol_0042,"log_return,abs_log_return,rolling_volatility_60,rolling_volatility_30,hl_range,volume_zscore,quote_volume,number_of_trades,taker_buy_base_volume,taker_buy_quote_volume,spread_proxy,open,high,low,close,volume,pct_return,rolling_volatility_240,absolute_return,squared_return,rolling_vol,range",24,72,0.65,5,0.2,True,success
locomotif.locomotif,5,0.1150688212364912,26,BTCUSDT,15m,conditioned,quantile_2_rolling_60,low_vol,low_vol_0042,"log_return,abs_log_return,rolling_volatility_60,rolling_volatility_30,hl_range,volume_zscore,quote_volume,number_of_trades,taker_buy_base_volume,taker_buy_quote_volume,spread_proxy,open,high,low,close,volume,pct_return,rolling_volatility_240,absolute_return,squared_return,rolling_vol,range",48,168,0.65,5,0.2,True,success
locomotif.locomotif,5,0.08553302939981222,32,BTCUSDT,15m,conditioned,quantile_2_rolling_60,low_vol,low_vol_0043,"log_return,abs_log_return,rolling_volatility_60,rolling_volatility_30,hl_range,volume_zscore,quote_volume,number_of_trades,taker_buy_base_volume,taker_buy_quote_volume,spread_proxy,open,high,low,close,volume,pct_return,rolling_volatility_240,absolute_return,squared_return,rolling_vol,range",24,72,0.65,5,0.2,True,success
locomotif.locomotif,3,0.07276002410799265,16,BTCUSDT,15m,conditioned,quantile_2_rolling_60,low_vol,low_vol_0043,"log_return,abs_log_return,rolling_volatility_60,rolling_volatility_30,hl_range,volume_zscore,quote_volume,number_of_trades,taker_buy_base_volume,taker_buy_quote_volume,spread_proxy,open,high,low,close,volume,pct_return,rolling_volatility_240,absolute_return,squared_return,rolling_vol,range",48,168,0.65,5,0.2,True,success
locomotif.locomotif,5,0.0390953840687871,26,BTCUSDT,15m,conditioned,quantile_2_rolling_60,low_vol,low_vol_0044,"log_return,abs_log_return,rolling_volatility_60,rolling_volatility_30,hl_range,volume_zscore,quote_volume,number_of_trades,taker_buy_base_volume,taker_buy_quote_volume,spread_proxy,open,high,low,close,volume,pct_return,rolling_volatility_240,absolute_return,squared_return,rolling_vol,range",24,72,0.65,5,0.2,True,success
locomotif.locomotif,3,0.03340530022978783,14,BTCUSDT,15m,conditioned,quantile_2_rolling_60,low_vol,low_vol_0044,"log_return,abs_log_return,rolling_volatility_60,rolling_volatility_30,hl_range,volume_zscore,quote_volume,number_of_trades,taker_buy_base_volume,taker_buy_quote_volume,spread_proxy,open,high,low,close,volume,pct_return,rolling_volatility_240,absolute_return,squared_return,rolling_vol,range",48,168,0.65,5,0.2,True,success
locomotif.locomotif,5,0.029084562323987484,22,BTCUSDT,15m,conditioned,quantile_2_rolling_60,low_vol,low_vol_0045,"log_return,abs_log_return,rolling_volatility_60,rolling_volatility_30,hl_range,volume_zscore,quote_volume,number_of_trades,taker_buy_base_volume,taker_buy_quote_volume,spread_proxy,open,high,low,close,volume,pct_return,rolling_volatility_240,absolute_return,squared_return,rolling_vol,range",24,72,0.65,5,0.2,True,success
locomotif.locomotif,2,0.0237573916092515,9,BTCUSDT,15m,conditioned,quantile_2_rolling_60,low_vol,low_vol_0045,"log_return,abs_log_return,rolling_volatility_60,rolling_volatility_30,hl_range,volume_zscore,quote_volume,number_of_trades,taker_buy_base_volume,taker_buy_quote_volume,spread_proxy,open,high,low,close,volume,pct_return,rolling_volatility_240,absolute_return,squared_return,rolling_vol,range",48,168,0.65,5,0.2,True,success
locomotif.locomotif,4,0.07414613850414753,35,BTCUSDT,15m,conditioned,quantile_2_rolling_60,low_vol,low_vol_0046,"log_return,abs_log_return,rolling_volatility_60,rolling_volatility_30,hl_range,volume_zscore,quote_volume,number_of_trades,taker_buy_base_volume,taker_buy_quote_volume,spread_proxy,open,high,low,close,volume,pct_return,rolling_volatility_240,absolute_return,squared_return,rolling_vol,range",24,72,0.65,5,0.2,True,success
locomotif.locomotif,5,0.06535696238279343,22,BTCUSDT,15m,conditioned,quantile_2_rolling_60,low_vol,low_vol_0046,"log_return,abs_log_return,rolling_volatility_60,rolling_volatility_30,hl_range,volume_zscore,quote_volume,number_of_trades,taker_buy_base_volume,taker_buy_quote_volume,spread_proxy,open,high,low,close,volume,pct_return,rolling_volatility_240,absolute_return,squared_return,rolling_vol,range",48,168,0.65,5,0.2,True,success
locomotif.locomotif,5,0.04498437978327274,31,BTCUSDT,15m,conditioned,quantile_2_rolling_60,low_vol,low_vol_0047,"log_return,abs_log_return,rolling_volatility_60,rolling_volatility_30,hl_range,volume_zscore,quote_volume,number_of_trades,taker_buy_base_volume,taker_buy_quote_volume,spread_proxy,open,high,low,close,volume,pct_return,rolling_volatility_240,absolute_return,squared_return,rolling_vol,range",24,72,0.65,5,0.2,True,success
locomotif.locomotif,2,0.04073597211390734,10,BTCUSDT,15m,conditioned,quantile_2_rolling_60,low_vol,low_vol_0047,"log_return,abs_log_return,rolling_volatility_60,rolling_volatility_30,hl_range,volume_zscore,quote_volume,number_of_trades,taker_buy_base_volume,taker_buy_quote_volume,spread_proxy,open,high,low,close,volume,pct_return,rolling_volatility_240,absolute_return,squared_return,rolling_vol,range",48,168,0.65,5,0.2,True,success
locomotif.locomotif,5,0.04582406207919121,26,BTCUSDT,15m,conditioned,quantile_2_rolling_60,high_vol,high_vol_0048,"log_return,abs_log_return,rolling_volatility_60,rolling_volatility_30,hl_range,volume_zscore,quote_volume,number_of_trades,taker_buy_base_volume,taker_buy_quote_volume,spread_proxy,open,high,low,close,volume,pct_return,rolling_volatility_240,absolute_return,squared_return,rolling_vol,range",24,72,0.65,5,0.2,True,success
locomotif.locomotif,3,0.04220852628350258,12,BTCUSDT,15m,conditioned,quantile_2_rolling_60,high_vol,high_vol_0048,"log_return,abs_log_return,rolling_volatility_60,rolling_volatility_30,hl_range,volume_zscore,quote_volume,number_of_trades,taker_buy_base_volume,taker_buy_quote_volume,spread_proxy,open,high,low,close,volume,pct_return,rolling_volatility_240,absolute_return,squared_return,rolling_vol,range",48,168,0.65,5,0.2,True,success
locomotif.locomotif,4,0.025531630031764507,21,BTCUSDT,15m,conditioned,quantile_2_rolling_60,high_vol,high_vol_0049,"log_return,abs_log_return,rolling_volatility_60,rolling_volatility_30,hl_range,volume_zscore,quote_volume,number_of_trades,taker_buy_base_volume,taker_buy_quote_volume,spread_proxy,open,high,low,close,volume,pct_return,rolling_volatility_240,absolute_return,squared_return,rolling_vol,range",24,72,0.65,5,0.2,True,success
locomotif.locomotif,2,0.02165267802774906,9,BTCUSDT,15m,conditioned,quantile_2_rolling_60,high_vol,high_vol_0049,"log_return,abs_log_return,rolling_volatility_60,rolling_volatility_30,hl_range,volume_zscore,quote_volume,number_of_trades,taker_buy_base_volume,taker_buy_quote_volume,spread_proxy,open,high,low,close,volume,pct_return,rolling_volatility_240,absolute_return,squared_return,rolling_vol,range",48,168,0.65,5,0.2,True,success
locomotif.locomotif,4,0.04212796501815319,27,BTCUSDT,15m,conditioned,quantile_2_rolling_60,low_vol,low_vol_0050,"log_return,abs_log_return,rolling_volatility_60,rolling_volatility_30,hl_range,volume_zscore,quote_volume,number_of_trades,taker_buy_base_volume,taker_buy_quote_volume,spread_proxy,open,high,low,close,volume,pct_return,rolling_volatility_240,absolute_return,squared_return,rolling_vol,range",24,72,0.65,5,0.2,True,success
locomotif.locomotif,3,0.03948463965207338,13,BTCUSDT,15m,conditioned,quantile_2_rolling_60,low_vol,low_vol_0050,"log_return,abs_log_return,rolling_volatility_60,rolling_volatility_30,hl_range,volume_zscore,quote_volume,number_of_trades,taker_buy_base_volume,taker_buy_quote_volume,spread_proxy,open,high,low,close,volume,pct_return,rolling_volatility_240,absolute_return,squared_return,rolling_vol,range",48,168,0.65,5,0.2,True,success
locomotif.locomotif,5,0.04766527097672224,34,BTCUSDT,15m,conditioned,quantile_2_rolling_60,low_vol,low_vol_0051,"log_return,abs_log_return,rolling_volatility_60,rolling_volatility_30,hl_range,volume_zscore,quote_volume,number_of_trades,taker_buy_base_volume,taker_buy_quote_volume,spread_proxy,open,high,low,close,volume,pct_return,rolling_volatility_240,absolute_return,squared_return,rolling_vol,range",24,72,0.65,5,0.2,True,success
locomotif.locomotif,5,0.04338441416621208,18,BTCUSDT,15m,conditioned,quantile_2_rolling_60,low_vol,low_vol_0051,"log_return,abs_log_return,rolling_volatility_60,rolling_volatility_30,hl_range,volume_zscore,quote_volume,number_of_trades,taker_buy_base_volume,taker_buy_quote_volume,spread_proxy,open,high,low,close,volume,pct_return,rolling_volatility_240,absolute_return,squared_return,rolling_vol,range",48,168,0.65,5,0.2,True,success
locomotif.locomotif,5,0.02567244227975607,22,BTCUSDT,15m,conditioned,quantile_2_rolling_60,high_vol,high_vol_0052,"log_return,abs_log_return,rolling_volatility_60,rolling_volatility_30,hl_range,volume_zscore,quote_volume,number_of_trades,taker_buy_base_volume,taker_buy_quote_volume,spread_proxy,open,high,low,close,volume,pct_return,rolling_volatility_240,absolute_return,squared_return,rolling_vol,range",24,72,0.65,5,0.2,True,success
locomotif.locomotif,3,0.02091790270060301,10,BTCUSDT,15m,conditioned,quantile_2_rolling_60,high_vol,high_vol_0052,"log_return,abs_log_return,rolling_volatility_60,rolling_volatility_30,hl_range,volume_zscore,quote_volume,number_of_trades,taker_buy_base_volume,taker_buy_quote_volume,spread_proxy,open,high,low,close,volume,pct_return,rolling_volatility_240,absolute_return,squared_return,rolling_vol,range",48,168,0.65,5,0.2,True,success
locomotif.locomotif,5,0.030774633400142193,29,BTCUSDT,15m,conditioned,quantile_2_rolling_60,high_vol,high_vol_0053,"log_return,abs_log_return,rolling_volatility_60,rolling_volatility_30,hl_range,volume_zscore,quote_volume,number_of_trades,taker_buy_base_volume,taker_buy_quote_volume,spread_proxy,open,high,low,close,volume,pct_return,rolling_volatility_240,absolute_return,squared_return,rolling_vol,range",24,72,0.65,5,0.2,True,success
locomotif.locomotif,3,0.025126720778644085,13,BTCUSDT,15m,conditioned,quantile_2_rolling_60,high_vol,high_vol_0053,"log_return,abs_log_return,rolling_volatility_60,rolling_volatility_30,hl_range,volume_zscore,quote_volume,number_of_trades,taker_buy_base_volume,taker_buy_quote_volume,spread_proxy,open,high,low,close,volume,pct_return,rolling_volatility_240,absolute_return,squared_return,rolling_vol,range",48,168,0.65,5,0.2,True,success
locomotif.locomotif,5,0.10498168412595987,31,BTCUSDT,15m,conditioned,quantile_2_rolling_60,low_vol,low_vol_0054,"log_return,abs_log_return,rolling_volatility_60,rolling_volatility_30,hl_range,volume_zscore,quote_volume,number_of_trades,taker_buy_base_volume,taker_buy_quote_volume,spread_proxy,open,high,low,close,volume,pct_return,rolling_volatility_240,absolute_return,squared_return,rolling_vol,range",24,72,0.65,5,0.2,True,success
locomotif.locomotif,5,0.09641928784549236,19,BTCUSDT,15m,conditioned,quantile_2_rolling_60,low_vol,low_vol_0054,"log_return,abs_log_return,rolling_volatility_60,rolling_volatility_30,hl_range,volume_zscore,quote_volume,number_of_trades,taker_buy_base_volume,taker_buy_quote_volume,spread_proxy,open,high,low,close,volume,pct_return,rolling_volatility_240,absolute_return,squared_return,rolling_vol,range",48,168,0.65,5,0.2,True,success
locomotif.locomotif,4,0.05583153944462538,30,BTCUSDT,15m,conditioned,quantile_2_rolling_60,low_vol,low_vol_0055,"log_return,abs_log_return,rolling_volatility_60,rolling_volatility_30,hl_range,volume_zscore,quote_volume,number_of_trades,taker_buy_base_volume,taker_buy_quote_volume,spread_proxy,open,high,low,close,volume,pct_return,rolling_volatility_240,absolute_return,squared_return,rolling_vol,range",24,72,0.65,5,0.2,True,success
locomotif.locomotif,4,0.050997430458664894,16,BTCUSDT,15m,conditioned,quantile_2_rolling_60,low_vol,low_vol_0055,"log_return,abs_log_return,rolling_volatility_60,rolling_volatility_30,hl_range,volume_zscore,quote_volume,number_of_trades,taker_buy_base_volume,taker_buy_quote_volume,spread_proxy,open,high,low,close,volume,pct_return,rolling_volatility_240,absolute_return,squared_return,rolling_vol,range",48,168,0.65,5,0.2,True,success
locomotif.locomotif,5,0.03276236169040203,23,BTCUSDT,15m,conditioned,quantile_2_rolling_60,low_vol,low_vol_0056,"log_return,abs_log_return,rolling_volatility_60,rolling_volatility_30,hl_range,volume_zscore,quote_volume,number_of_trades,taker_buy_base_volume,taker_buy_quote_volume,spread_proxy,open,high,low,close,volume,pct_return,rolling_volatility_240,absolute_return,squared_return,rolling_vol,range",24,72,0.65,5,0.2,True,success
locomotif.locomotif,4,0.027895505540072918,14,BTCUSDT,15m,conditioned,quantile_2_rolling_60,low_vol,low_vol_0056,"log_return,abs_log_return,rolling_volatility_60,rolling_volatility_30,hl_range,volume_zscore,quote_volume,number_of_trades,taker_buy_base_volume,taker_buy_quote_volume,spread_proxy,open,high,low,close,volume,pct_return,rolling_volatility_240,absolute_return,squared_return,rolling_vol,range",48,168,0.65,5,0.2,True,success
locomotif.locomotif,5,0.16750343423336744,42,BTCUSDT,15m,conditioned,quantile_2_rolling_60,low_vol,low_vol_0057,"log_return,abs_log_return,rolling_volatility_60,rolling_volatility_30,hl_range,volume_zscore,quote_volume,number_of_trades,taker_buy_base_volume,taker_buy_quote_volume,spread_proxy,open,high,low,close,volume,pct_return,rolling_volatility_240,absolute_return,squared_return,rolling_vol,range",24,72,0.65,5,0.2,True,success
locomotif.locomotif,4,0.16142268013209105,23,BTCUSDT,15m,conditioned,quantile_2_rolling_60,low_vol,low_vol_0057,"log_return,abs_log_return,rolling_volatility_60,rolling_volatility_30,hl_range,volume_zscore,quote_volume,number_of_trades,taker_buy_base_volume,taker_buy_quote_volume,spread_proxy,open,high,low,close,volume,pct_return,rolling_volatility_240,absolute_return,squared_return,rolling_vol,range",48,168,0.65,5,0.2,True,success
locomotif.locomotif,5,0.24518269393593073,61,BTCUSDT,15m,conditioned,quantile_2_rolling_60,low_vol,low_vol_0058,"log_return,abs_log_return,rolling_volatility_60,rolling_volatility_30,hl_range,volume_zscore,quote_volume,number_of_trades,taker_buy_base_volume,taker_buy_quote_volume,spread_proxy,open,high,low,close,volume,pct_return,rolling_volatility_240,absolute_return,squared_return,rolling_vol,range",24,72,0.65,5,0.2,True,success
locomotif.locomotif,5,0.2328531751409173,32,BTCUSDT,15m,conditioned,quantile_2_rolling_60,low_vol,low_vol_0058,"log_return,abs_log_return,rolling_volatility_60,rolling_volatility_30,hl_range,volume_zscore,quote_volume,number_of_trades,taker_buy_base_volume,taker_buy_quote_volume,spread_proxy,open,high,low,close,volume,pct_return,rolling_volatility_240,absolute_return,squared_return,rolling_vol,range",48,168,0.65,5,0.2,True,success
locomotif.locomotif,5,0.04365931823849678,26,BTCUSDT,15m,conditioned,quantile_2_rolling_60,low_vol,low_vol_0059,"log_return,abs_log_return,rolling_volatility_60,rolling_volatility_30,hl_range,volume_zscore,quote_volume,number_of_trades,taker_buy_base_volume,taker_buy_quote_volume,spread_proxy,open,high,low,close,volume,pct_return,rolling_volatility_240,absolute_return,squared_return,rolling_vol,range",24,72,0.65,5,0.2,True,success
locomotif.locomotif,2,0.03969642799347639,8,BTCUSDT,15m,conditioned,quantile_2_rolling_60,low_vol,low_vol_0059,"log_return,abs_log_return,rolling_volatility_60,rolling_volatility_30,hl_range,volume_zscore,quote_volume,number_of_trades,taker_buy_base_volume,taker_buy_quote_volume,spread_proxy,open,high,low,close,volume,pct_return,rolling_volatility_240,absolute_return,squared_return,rolling_vol,range",48,168,0.65,5,0.2,True,success
locomotif.locomotif,5,0.12920805159956217,40,BTCUSDT,15m,conditioned,quantile_2_rolling_60,low_vol,low_vol_0060,"log_return,abs_log_return,rolling_volatility_60,rolling_volatility_30,hl_range,volume_zscore,quote_volume,number_of_trades,taker_buy_base_volume,taker_buy_quote_volume,spread_proxy,open,high,low,close,volume,pct_return,rolling_volatility_240,absolute_return,squared_return,rolling_vol,range",24,72,0.65,5,0.2,True,success
locomotif.locomotif,3,0.11839616391807795,15,BTCUSDT,15m,conditioned,quantile_2_rolling_60,low_vol,low_vol_0060,"log_return,abs_log_return,rolling_volatility_60,rolling_volatility_30,hl_range,volume_zscore,quote_volume,number_of_trades,taker_buy_base_volume,taker_buy_quote_volume,spread_proxy,open,high,low,close,volume,pct_return,rolling_volatility_240,absolute_return,squared_return,rolling_vol,range",48,168,0.65,5,0.2,True,success
locomotif.locomotif,4,0.033715786412358284,24,BTCUSDT,15m,conditioned,quantile_2_rolling_60,low_vol,low_vol_0061,"log_return,abs_log_return,rolling_volatility_60,rolling_volatility_30,hl_range,volume_zscore,quote_volume,number_of_trades,taker_buy_base_volume,taker_buy_quote_volume,spread_proxy,open,high,low,close,volume,pct_return,rolling_volatility_240,absolute_return,squared_return,rolling_vol,range",24,72,0.65,5,0.2,True,success
locomotif.locomotif,2,0.027662613429129124,10,BTCUSDT,15m,conditioned,quantile_2_rolling_60,low_vol,low_vol_0061,"log_return,abs_log_return,rolling_volatility_60,rolling_volatility_30,hl_range,volume_zscore,quote_volume,number_of_trades,taker_buy_base_volume,taker_buy_quote_volume,spread_proxy,open,high,low,close,volume,pct_return,rolling_volatility_240,absolute_return,squared_return,rolling_vol,range",48,168,0.65,5,0.2,True,success
locomotif.locomotif,5,0.05816564057022333,31,BTCUSDT,15m,conditioned,quantile_2_rolling_60,low_vol,low_vol_0062,"log_return,abs_log_return,rolling_volatility_60,rolling_volatility_30,hl_range,volume_zscore,quote_volume,number_of_trades,taker_buy_base_volume,taker_buy_quote_volume,spread_proxy,open,high,low,close,volume,pct_return,rolling_volatility_240,absolute_return,squared_return,rolling_vol,range",24,72,0.65,5,0.2,True,success
locomotif.locomotif,4,0.05182070843875408,16,BTCUSDT,15m,conditioned,quantile_2_rolling_60,low_vol,low_vol_0062,"log_return,abs_log_return,rolling_volatility_60,rolling_volatility_30,hl_range,volume_zscore,quote_volume,number_of_trades,taker_buy_base_volume,taker_buy_quote_volume,spread_proxy,open,high,low,close,volume,pct_return,rolling_volatility_240,absolute_return,squared_return,rolling_vol,range",48,168,0.65,5,0.2,True,success
locomotif.locomotif,5,0.4078772170469165,68,BTCUSDT,15m,conditioned,quantile_2_rolling_60,low_vol,low_vol_0063,"log_return,abs_log_return,rolling_volatility_60,rolling_volatility_30,hl_range,volume_zscore,quote_volume,number_of_trades,taker_buy_base_volume,taker_buy_quote_volume,spread_proxy,open,high,low,close,volume,pct_return,rolling_volatility_240,absolute_return,squared_return,rolling_vol,range",24,72,0.65,5,0.2,True,success
locomotif.locomotif,5,0.3864157162606716,38,BTCUSDT,15m,conditioned,quantile_2_rolling_60,low_vol,low_vol_0063,"log_return,abs_log_return,rolling_volatility_60,rolling_volatility_30,hl_range,volume_zscore,quote_volume,number_of_trades,taker_buy_base_volume,taker_buy_quote_volume,spread_proxy,open,high,low,close,volume,pct_return,rolling_volatility_240,absolute_return,squared_return,rolling_vol,range",48,168,0.65,5,0.2,True,success
locomotif.locomotif,5,0.06155657768249512,36,BTCUSDT,15m,conditioned,quantile_2_rolling_60,low_vol,low_vol_0064,"log_return,abs_log_return,rolling_volatility_60,rolling_volatility_30,hl_range,volume_zscore,quote_volume,number_of_trades,taker_buy_base_volume,taker_buy_quote_volume,spread_proxy,open,high,low,close,volume,pct_return,rolling_volatility_240,absolute_return,squared_return,rolling_vol,range",24,72,0.65,5,0.2,True,success
locomotif.locomotif,3,0.05008597020059824,14,BTCUSDT,15m,conditioned,quantile_2_rolling_60,low_vol,low_vol_0064,"log_return,abs_log_return,rolling_volatility_60,rolling_volatility_30,hl_range,volume_zscore,quote_volume,number_of_trades,taker_buy_base_volume,taker_buy_quote_volume,spread_proxy,open,high,low,close,volume,pct_return,rolling_volatility_240,absolute_return,squared_return,rolling_vol,range",48,168,0.65,5,0.2,True,success
locomotif.locomotif,5,0.16733195632696152,52,BTCUSDT,15m,conditioned,quantile_3_rolling_240,high_vol,high_vol_0001,"log_return,abs_log_return,rolling_volatility_60,rolling_volatility_30,hl_range,volume_zscore,quote_volume,number_of_trades,taker_buy_base_volume,taker_buy_quote_volume,spread_proxy,open,high,low,close,volume,pct_return,rolling_volatility_240,absolute_return,squared_return,rolling_vol,range",24,72,0.65,5,0.2,True,success
locomotif.locomotif,3,0.1500601740553975,18,BTCUSDT,15m,conditioned,quantile_3_rolling_240,high_vol,high_vol_0001,"log_return,abs_log_return,rolling_volatility_60,rolling_volatility_30,hl_range,volume_zscore,quote_volume,number_of_trades,taker_buy_base_volume,taker_buy_quote_volume,spread_proxy,open,high,low,close,volume,pct_return,rolling_volatility_240,absolute_return,squared_return,rolling_vol,range",48,168,0.65,5,0.2,True,success
locomotif.locomotif,5,0.3146463520824909,58,BTCUSDT,15m,conditioned,quantile_3_rolling_240,low_vol,low_vol_0002,"log_return,abs_log_return,rolling_volatility_60,rolling_volatility_30,hl_range,volume_zscore,quote_volume,number_of_trades,taker_buy_base_volume,taker_buy_quote_volume,spread_proxy,open,high,low,close,volume,pct_return,rolling_volatility_240,absolute_return,squared_return,rolling_vol,range",24,72,0.65,5,0.2,True,success
locomotif.locomotif,4,0.295904110185802,26,BTCUSDT,15m,conditioned,quantile_3_rolling_240,low_vol,low_vol_0002,"log_return,abs_log_return,rolling_volatility_60,rolling_volatility_30,hl_range,volume_zscore,quote_volume,number_of_trades,taker_buy_base_volume,taker_buy_quote_volume,spread_proxy,open,high,low,close,volume,pct_return,rolling_volatility_240,absolute_return,squared_return,rolling_vol,range",48,168,0.65,5,0.2,True,success
locomotif.locomotif,5,0.033448624424636364,24,BTCUSDT,15m,conditioned,quantile_3_rolling_240,high_vol,high_vol_0003,"log_return,abs_log_return,rolling_volatility_60,rolling_volatility_30,hl_range,volume_zscore,quote_volume,number_of_trades,taker_buy_base_volume,taker_buy_quote_volume,spread_proxy,open,high,low,close,volume,pct_return,rolling_volatility_240,absolute_return,squared_return,rolling_vol,range",24,72,0.65,5,0.2,True,success
locomotif.locomotif,2,0.025377859361469746,10,BTCUSDT,15m,conditioned,quantile_3_rolling_240,high_vol,high_vol_0003,"log_return,abs_log_return,rolling_volatility_60,rolling_volatility_30,hl_range,volume_zscore,quote_volume,number_of_trades,taker_buy_base_volume,taker_buy_quote_volume,spread_proxy,open,high,low,close,volume,pct_return,rolling_volatility_240,absolute_return,squared_return,rolling_vol,range",48,168,0.65,5,0.2,True,success
locomotif.locomotif,5,0.3759253341704607,75,BTCUSDT,15m,conditioned,quantile_3_rolling_240,high_vol,high_vol_0004,"log_return,abs_log_return,rolling_volatility_60,rolling_volatility_30,hl_range,volume_zscore,quote_volume,number_of_trades,taker_buy_base_volume,taker_buy_quote_volume,spread_proxy,open,high,low,close,volume,pct_return,rolling_volatility_240,absolute_return,squared_return,rolling_vol,range",24,72,0.65,5,0.2,True,success
locomotif.locomotif,5,0.35888263676315546,35,BTCUSDT,15m,conditioned,quantile_3_rolling_240,high_vol,high_vol_0004,"log_return,abs_log_return,rolling_volatility_60,rolling_volatility_30,hl_range,volume_zscore,quote_volume,number_of_trades,taker_buy_base_volume,taker_buy_quote_volume,spread_proxy,open,high,low,close,volume,pct_return,rolling_volatility_240,absolute_return,squared_return,rolling_vol,range",48,168,0.65,5,0.2,True,success
locomotif.locomotif,5,0.3031784286722541,66,BTCUSDT,15m,conditioned,quantile_3_rolling_240,high_vol,high_vol_0005,"log_return,abs_log_return,rolling_volatility_60,rolling_volatility_30,hl_range,volume_zscore,quote_volume,number_of_trades,taker_buy_base_volume,taker_buy_quote_volume,spread_proxy,open,high,low,close,volume,pct_return,rolling_volatility_240,absolute_return,squared_return,rolling_vol,range",24,72,0.65,5,0.2,True,success
locomotif.locomotif,4,0.28312451485544443,33,BTCUSDT,15m,conditioned,quantile_3_rolling_240,high_vol,high_vol_0005,"log_return,abs_log_return,rolling_volatility_60,rolling_volatility_30,hl_range,volume_zscore,quote_volume,number_of_trades,taker_buy_base_volume,taker_buy_quote_volume,spread_proxy,open,high,low,close,volume,pct_return,rolling_volatility_240,absolute_return,squared_return,rolling_vol,range",48,168,0.65,5,0.2,True,success
locomotif.locomotif,5,0.20582090970128775,48,BTCUSDT,15m,conditioned,quantile_3_rolling_240,high_vol,high_vol_0006,"log_return,abs_log_return,rolling_volatility_60,rolling_volatility_30,hl_range,volume_zscore,quote_volume,number_of_trades,taker_buy_base_volume,taker_buy_quote_volume,spread_proxy,open,high,low,close,volume,pct_return,rolling_volatility_240,absolute_return,squared_return,rolling_vol,range",24,72,0.65,5,0.2,True,success
locomotif.locomotif,5,0.1868245741352439,32,BTCUSDT,15m,conditioned,quantile_3_rolling_240,high_vol,high_vol_0006,"log_return,abs_log_return,rolling_volatility_60,rolling_volatility_30,hl_range,volume_zscore,quote_volume,number_of_trades,taker_buy_base_volume,taker_buy_quote_volume,spread_proxy,open,high,low,close,volume,pct_return,rolling_volatility_240,absolute_return,squared_return,rolling_vol,range",48,168,0.65,5,0.2,True,success
locomotif.locomotif,5,0.07587539777159691,38,BTCUSDT,15m,conditioned,quantile_3_rolling_240,high_vol,high_vol_0007,"log_return,abs_log_return,rolling_volatility_60,rolling_volatility_30,hl_range,volume_zscore,quote_volume,number_of_trades,taker_buy_base_volume,taker_buy_quote_volume,spread_proxy,open,high,low,close,volume,pct_return,rolling_volatility_240,absolute_return,squared_return,rolling_vol,range",24,72,0.65,5,0.2,True,success
locomotif.locomotif,2,0.06791394669562578,13,BTCUSDT,15m,conditioned,quantile_3_rolling_240,high_vol,high_vol_0007,"log_return,abs_log_return,rolling_volatility_60,rolling_volatility_30,hl_range,volume_zscore,quote_volume,number_of_trades,taker_buy_base_volume,taker_buy_quote_volume,spread_proxy,open,high,low,close,volume,pct_return,rolling_volatility_240,absolute_return,squared_return,rolling_vol,range",48,168,0.65,5,0.2,True,success
locomotif.locomotif,5,0.03872548881918192,28,BTCUSDT,15m,conditioned,quantile_3_rolling_240,high_vol,high_vol_0008,"log_return,abs_log_return,rolling_volatility_60,rolling_volatility_30,hl_range,volume_zscore,quote_volume,number_of_trades,taker_buy_base_volume,taker_buy_quote_volume,spread_proxy,open,high,low,close,volume,pct_return,rolling_volatility_240,absolute_return,squared_return,rolling_vol,range",24,72,0.65,5,0.2,True,success
locomotif.locomotif,3,0.035209301859140396,14,BTCUSDT,15m,conditioned,quantile_3_rolling_240,high_vol,high_vol_0008,"log_return,abs_log_return,rolling_volatility_60,rolling_volatility_30,hl_range,volume_zscore,quote_volume,number_of_trades,taker_buy_base_volume,taker_buy_quote_volume,spread_proxy,open,high,low,close,volume,pct_return,rolling_volatility_240,absolute_return,squared_return,rolling_vol,range",48,168,0.65,5,0.2,True,success
locomotif.locomotif,5,0.34502448979765177,68,BTCUSDT,15m,conditioned,quantile_3_rolling_240,high_vol,high_vol_0009,"log_return,abs_log_return,rolling_volatility_60,rolling_volatility_30,hl_range,volume_zscore,quote_volume,number_of_trades,taker_buy_base_volume,taker_buy_quote_volume,spread_proxy,open,high,low,close,volume,pct_return,rolling_volatility_240,absolute_return,squared_return,rolling_vol,range",24,72,0.65,5,0.2,True,success
locomotif.locomotif,5,0.3252882333472371,32,BTCUSDT,15m,conditioned,quantile_3_rolling_240,high_vol,high_vol_0009,"log_return,abs_log_return,rolling_volatility_60,rolling_volatility_30,hl_range,volume_zscore,quote_volume,number_of_trades,taker_buy_base_volume,taker_buy_quote_volume,spread_proxy,open,high,low,close,volume,pct_return,rolling_volatility_240,absolute_return,squared_return,rolling_vol,range",48,168,0.65,5,0.2,True,success
locomotif.locomotif,5,0.20826366171240807,59,BTCUSDT,15m,conditioned,quantile_3_rolling_240,high_vol,high_vol_0010,"log_return,abs_log_return,rolling_volatility_60,rolling_volatility_30,hl_range,volume_zscore,quote_volume,number_of_trades,taker_buy_base_volume,taker_buy_quote_volume,spread_proxy,open,high,low,close,volume,pct_return,rolling_volatility_240,absolute_return,squared_return,rolling_vol,range",24,72,0.65,5,0.2,True,success
locomotif.locomotif,4,0.18639325629919767,28,BTCUSDT,15m,conditioned,quantile_3_rolling_240,high_vol,high_vol_0010,"log_return,abs_log_return,rolling_volatility_60,rolling_volatility_30,hl_range,volume_zscore,quote_volume,number_of_trades,taker_buy_base_volume,taker_buy_quote_volume,spread_proxy,open,high,low,close,volume,pct_return,rolling_volatility_240,absolute_return,squared_return,rolling_vol,range",48,168,0.65,5,0.2,True,success
locomotif.locomotif,5,0.027287479490041733,26,BTCUSDT,15m,conditioned,quantile_3_rolling_240,high_vol,high_vol_0011,"log_return,abs_log_return,rolling_volatility_60,rolling_volatility_30,hl_range,volume_zscore,quote_volume,number_of_trades,taker_buy_base_volume,taker_buy_quote_volume,spread_proxy,open,high,low,close,volume,pct_return,rolling_volatility_240,absolute_return,squared_return,rolling_vol,range",24,72,0.65,5,0.2,True,success
locomotif.locomotif,2,0.02322261966764927,9,BTCUSDT,15m,conditioned,quantile_3_rolling_240,high_vol,high_vol_0011,"log_return,abs_log_return,rolling_volatility_60,rolling_volatility_30,hl_range,volume_zscore,quote_volume,number_of_trades,taker_buy_base_volume,taker_buy_quote_volume,spread_proxy,open,high,low,close,volume,pct_return,rolling_volatility_240,absolute_return,squared_return,rolling_vol,range",48,168,0.65,5,0.2,True,success
locomotif.locomotif,5,0.02879204135388136,21,BTCUSDT,15m,conditioned,quantile_3_rolling_240,high_vol,high_vol_0012,"log_return,abs_log_return,rolling_volatility_60,rolling_volatility_30,hl_range,volume_zscore,quote_volume,number_of_trades,taker_buy_base_volume,taker_buy_quote_volume,spread_proxy,open,high,low,close,volume,pct_return,rolling_volatility_240,absolute_return,squared_return,rolling_vol,range",24,72,0.65,5,0.2,True,success
locomotif.locomotif,2,0.0241247545927763,9,BTCUSDT,15m,conditioned,quantile_3_rolling_240,high_vol,high_vol_0012,"log_return,abs_log_return,rolling_volatility_60,rolling_volatility_30,hl_range,volume_zscore,quote_volume,number_of_trades,taker_buy_base_volume,taker_buy_quote_volume,spread_proxy,open,high,low,close,volume,pct_return,rolling_volatility_240,absolute_return,squared_return,rolling_vol,range",48,168,0.65,5,0.2,True,success
locomotif.locomotif,5,0.06089507415890694,31,BTCUSDT,15m,conditioned,quantile_3_rolling_240,high_vol,high_vol_0013,"log_return,abs_log_return,rolling_volatility_60,rolling_volatility_30,hl_range,volume_zscore,quote_volume,number_of_trades,taker_buy_base_volume,taker_buy_quote_volume,spread_proxy,open,high,low,close,volume,pct_return,rolling_volatility_240,absolute_return,squared_return,rolling_vol,range",24,72,0.65,5,0.2,True,success
locomotif.locomotif,3,0.054323713295161724,12,BTCUSDT,15m,conditioned,quantile_3_rolling_240,high_vol,high_vol_0013,"log_return,abs_log_return,rolling_volatility_60,rolling_volatility_30,hl_range,volume_zscore,quote_volume,number_of_trades,taker_buy_base_volume,taker_buy_quote_volume,spread_proxy,open,high,low,close,volume,pct_return,rolling_volatility_240,absolute_return,squared_return,rolling_vol,range",48,168,0.65,5,0.2,True,success
locomotif.locomotif,5,0.03046037070453167,28,BTCUSDT,15m,conditioned,quantile_3_rolling_240,high_vol,high_vol_0014,"log_return,abs_log_return,rolling_volatility_60,rolling_volatility_30,hl_range,volume_zscore,quote_volume,number_of_trades,taker_buy_base_volume,taker_buy_quote_volume,spread_proxy,open,high,low,close,volume,pct_return,rolling_volatility_240,absolute_return,squared_return,rolling_vol,range",24,72,0.65,5,0.2,True,success
locomotif.locomotif,2,0.02635854296386242,9,BTCUSDT,15m,conditioned,quantile_3_rolling_240,high_vol,high_vol_0014,"log_return,abs_log_return,rolling_volatility_60,rolling_volatility_30,hl_range,volume_zscore,quote_volume,number_of_trades,taker_buy_base_volume,taker_buy_quote_volume,spread_proxy,open,high,low,close,volume,pct_return,rolling_volatility_240,absolute_return,squared_return,rolling_vol,range",48,168,0.65,5,0.2,True,success
locomotif.locomotif,5,0.03205970488488674,27,BTCUSDT,15m,conditioned,quantile_3_rolling_240,high_vol,high_vol_0015,"log_return,abs_log_return,rolling_volatility_60,rolling_volatility_30,hl_range,volume_zscore,quote_volume,number_of_trades,taker_buy_base_volume,taker_buy_quote_volume,spread_proxy,open,high,low,close,volume,pct_return,rolling_volatility_240,absolute_return,squared_return,rolling_vol,range",24,72,0.65,5,0.2,True,success
locomotif.locomotif,2,0.024555353447794914,12,BTCUSDT,15m,conditioned,quantile_3_rolling_240,high_vol,high_vol_0015,"log_return,abs_log_return,rolling_volatility_60,rolling_volatility_30,hl_range,volume_zscore,quote_volume,number_of_trades,taker_buy_base_volume,taker_buy_quote_volume,spread_proxy,open,high,low,close,volume,pct_return,rolling_volatility_240,absolute_return,squared_return,rolling_vol,range",48,168,0.65,5,0.2,True,success
locomotif.locomotif,3,0.03459036070853472,24,BTCUSDT,15m,conditioned,quantile_3_rolling_240,high_vol,high_vol_0016,"log_return,abs_log_return,rolling_volatility_60,rolling_volatility_30,hl_range,volume_zscore,quote_volume,number_of_trades,taker_buy_base_volume,taker_buy_quote_volume,spread_proxy,open,high,low,close,volume,pct_return,rolling_volatility_240,absolute_return,squared_return,rolling_vol,range",24,72,0.65,5,0.2,True,success
locomotif.locomotif,2,0.032549272291362286,13,BTCUSDT,15m,conditioned,quantile_3_rolling_240,high_vol,high_vol_0016,"log_return,abs_log_return,rolling_volatility_60,rolling_volatility_30,hl_range,volume_zscore,quote_volume,number_of_trades,taker_buy_base_volume,taker_buy_quote_volume,spread_proxy,open,high,low,close,volume,pct_return,rolling_volatility_240,absolute_return,squared_return,rolling_vol,range",48,168,0.65,5,0.2,True,success
locomotif.locomotif,4,0.04937600251287222,31,BTCUSDT,15m,conditioned,quantile_3_rolling_240,low_vol,low_vol_0017,"log_return,abs_log_return,rolling_volatility_60,rolling_volatility_30,hl_range,volume_zscore,quote_volume,number_of_trades,taker_buy_base_volume,taker_buy_quote_volume,spread_proxy,open,high,low,close,volume,pct_return,rolling_volatility_240,absolute_return,squared_return,rolling_vol,range",24,72,0.65,5,0.2,True,success
locomotif.locomotif,2,0.042854747734963894,11,BTCUSDT,15m,conditioned,quantile_3_rolling_240,low_vol,low_vol_0017,"log_return,abs_log_return,rolling_volatility_60,rolling_volatility_30,hl_range,volume_zscore,quote_volume,number_of_trades,taker_buy_base_volume,taker_buy_quote_volume,spread_proxy,open,high,low,close,volume,pct_return,rolling_volatility_240,absolute_return,squared_return,rolling_vol,range",48,168,0.65,5,0.2,True,success
locomotif.locomotif,5,0.38992834836244583,73,BTCUSDT,15m,conditioned,quantile_3_rolling_240,low_vol,low_vol_0018,"log_return,abs_log_return,rolling_volatility_60,rolling_volatility_30,hl_range,volume_zscore,quote_volume,number_of_trades,taker_buy_base_volume,taker_buy_quote_volume,spread_proxy,open,high,low,close,volume,pct_return,rolling_volatility_240,absolute_return,squared_return,rolling_vol,range",24,72,0.65,5,0.2,True,success
locomotif.locomotif,5,0.37996359542012215,34,BTCUSDT,15m,conditioned,quantile_3_rolling_240,low_vol,low_vol_0018,"log_return,abs_log_return,rolling_volatility_60,rolling_volatility_30,hl_range,volume_zscore,quote_volume,number_of_trades,taker_buy_base_volume,taker_buy_quote_volume,spread_proxy,open,high,low,close,volume,pct_return,rolling_volatility_240,absolute_return,squared_return,rolling_vol,range",48,168,0.65,5,0.2,True,success
locomotif.locomotif,4,0.02996645960956812,21,BTCUSDT,15m,conditioned,quantile_3_rolling_240,high_vol,high_vol_0019,"log_return,abs_log_return,rolling_volatility_60,rolling_volatility_30,hl_range,volume_zscore,quote_volume,number_of_trades,taker_buy_base_volume,taker_buy_quote_volume,spread_proxy,open,high,low,close,volume,pct_return,rolling_volatility_240,absolute_return,squared_return,rolling_vol,range",24,72,0.65,5,0.2,True,success
locomotif.locomotif,4,0.025216995738446712,15,BTCUSDT,15m,conditioned,quantile_3_rolling_240,high_vol,high_vol_0019,"log_return,abs_log_return,rolling_volatility_60,rolling_volatility_30,hl_range,volume_zscore,quote_volume,number_of_trades,taker_buy_base_volume,taker_buy_quote_volume,spread_proxy,open,high,low,close,volume,pct_return,rolling_volatility_240,absolute_return,squared_return,rolling_vol,range",48,168,0.65,5,0.2,True,success
locomotif.locomotif,5,0.025939413346350193,24,BTCUSDT,15m,conditioned,quantile_3_rolling_240,low_vol,low_vol_0020,"log_return,abs_log_return,rolling_volatility_60,rolling_volatility_30,hl_range,volume_zscore,quote_volume,number_of_trades,taker_buy_base_volume,taker_buy_quote_volume,spread_proxy,open,high,low,close,volume,pct_return,rolling_volatility_240,absolute_return,squared_return,rolling_vol,range",24,72,0.65,5,0.2,True,success
locomotif.locomotif,3,0.02165151573717594,10,BTCUSDT,15m,conditioned,quantile_3_rolling_240,low_vol,low_vol_0020,"log_return,abs_log_return,rolling_volatility_60,rolling_volatility_30,hl_range,volume_zscore,quote_volume,number_of_trades,taker_buy_base_volume,taker_buy_quote_volume,spread_proxy,open,high,low,close,volume,pct_return,rolling_volatility_240,absolute_return,squared_return,rolling_vol,range",48,168,0.65,5,0.2,True,success
locomotif.locomotif,5,0.05808073282241821,30,BTCUSDT,15m,conditioned,quantile_3_rolling_240,low_vol,low_vol_0021,"log_return,abs_log_return,rolling_volatility_60,rolling_volatility_30,hl_range,volume_zscore,quote_volume,number_of_trades,taker_buy_base_volume,taker_buy_quote_volume,spread_proxy,open,high,low,close,volume,pct_return,rolling_volatility_240,absolute_return,squared_return,rolling_vol,range",24,72,0.65,5,0.2,True,success
locomotif.locomotif,3,0.04907352849841118,14,BTCUSDT,15m,conditioned,quantile_3_rolling_240,low_vol,low_vol_0021,"log_return,abs_log_return,rolling_volatility_60,rolling_volatility_30,hl_range,volume_zscore,quote_volume,number_of_trades,taker_buy_base_volume,taker_buy_quote_volume,spread_proxy,open,high,low,close,volume,pct_return,rolling_volatility_240,absolute_return,squared_return,rolling_vol,range",48,168,0.65,5,0.2,True,success
locomotif.locomotif,5,0.18604423198848963,47,BTCUSDT,15m,conditioned,quantile_3_rolling_240,low_vol,low_vol_0022,"log_return,abs_log_return,rolling_volatility_60,rolling_volatility_30,hl_range,volume_zscore,quote_volume,number_of_trades,taker_buy_base_volume,taker_buy_quote_volume,spread_proxy,open,high,low,close,volume,pct_return,rolling_volatility_240,absolute_return,squared_return,rolling_vol,range",24,72,0.65,5,0.2,True,success
locomotif.locomotif,5,0.16901954263448715,23,BTCUSDT,15m,conditioned,quantile_3_rolling_240,low_vol,low_vol_0022,"log_return,abs_log_return,rolling_volatility_60,rolling_volatility_30,hl_range,volume_zscore,quote_volume,number_of_trades,taker_buy_base_volume,taker_buy_quote_volume,spread_proxy,open,high,low,close,volume,pct_return,rolling_volatility_240,absolute_return,squared_return,rolling_vol,range",48,168,0.65,5,0.2,True,success
locomotif.locomotif,5,0.033848886378109455,23,BTCUSDT,15m,conditioned,quantile_3_rolling_240,low_vol,low_vol_0023,"log_return,abs_log_return,rolling_volatility_60,rolling_volatility_30,hl_range,volume_zscore,quote_volume,number_of_trades,taker_buy_base_volume,taker_buy_quote_volume,spread_proxy,open,high,low,close,volume,pct_return,rolling_volatility_240,absolute_return,squared_return,rolling_vol,range",24,72,0.65,5,0.2,True,success
locomotif.locomotif,3,0.03130680415779352,12,BTCUSDT,15m,conditioned,quantile_3_rolling_240,low_vol,low_vol_0023,"log_return,abs_log_return,rolling_volatility_60,rolling_volatility_30,hl_range,volume_zscore,quote_volume,number_of_trades,taker_buy_base_volume,taker_buy_quote_volume,spread_proxy,open,high,low,close,volume,pct_return,rolling_volatility_240,absolute_return,squared_return,rolling_vol,range",48,168,0.65,5,0.2,True,success
locomotif.locomotif,5,0.04641530103981495,31,BTCUSDT,15m,conditioned,quantile_3_rolling_240,low_vol,low_vol_0024,"log_return,abs_log_return,rolling_volatility_60,rolling_volatility_30,hl_range,volume_zscore,quote_volume,number_of_trades,taker_buy_base_volume,taker_buy_quote_volume,spread_proxy,open,high,low,close,volume,pct_return,rolling_volatility_240,absolute_return,squared_return,rolling_vol,range",24,72,0.65,5,0.2,True,success
locomotif.locomotif,2,0.04042109753936529,14,BTCUSDT,15m,conditioned,quantile_3_rolling_240,low_vol,low_vol_0024,"log_return,abs_log_return,rolling_volatility_60,rolling_volatility_30,hl_range,volume_zscore,quote_volume,number_of_trades,taker_buy_base_volume,taker_buy_quote_volume,spread_proxy,open,high,low,close,volume,pct_return,rolling_volatility_240,absolute_return,squared_return,rolling_vol,range",48,168,0.65,5,0.2,True,success
locomotif.locomotif,5,0.22571538295596838,45,BTCUSDT,15m,conditioned,quantile_3_rolling_240,low_vol,low_vol_0025,"log_return,abs_log_return,rolling_volatility_60,rolling_volatility_30,hl_range,volume_zscore,quote_volume,number_of_trades,taker_buy_base_volume,taker_buy_quote_volume,spread_proxy,open,high,low,close,volume,pct_return,rolling_volatility_240,absolute_return,squared_return,rolling_vol,range",24,72,0.65,5,0.2,True,success
locomotif.locomotif,5,0.20994438789784908,30,BTCUSDT,15m,conditioned,quantile_3_rolling_240,low_vol,low_vol_0025,"log_return,abs_log_return,rolling_volatility_60,rolling_volatility_30,hl_range,volume_zscore,quote_volume,number_of_trades,taker_buy_base_volume,taker_buy_quote_volume,spread_proxy,open,high,low,close,volume,pct_return,rolling_volatility_240,absolute_return,squared_return,rolling_vol,range",48,168,0.65,5,0.2,True,success
locomotif.locomotif,5,0.03615284990519285,28,BTCUSDT,15m,conditioned,quantile_3_rolling_240,low_vol,low_vol_0026,"log_return,abs_log_return,rolling_volatility_60,rolling_volatility_30,hl_range,volume_zscore,quote_volume,number_of_trades,taker_buy_base_volume,taker_buy_quote_volume,spread_proxy,open,high,low,close,volume,pct_return,rolling_volatility_240,absolute_return,squared_return,rolling_vol,range",24,72,0.65,5,0.2,True,success
locomotif.locomotif,3,0.031348166055977345,14,BTCUSDT,15m,conditioned,quantile_3_rolling_240,low_vol,low_vol_0026,"log_return,abs_log_return,rolling_volatility_60,rolling_volatility_30,hl_range,volume_zscore,quote_volume,number_of_trades,taker_buy_base_volume,taker_buy_quote_volume,spread_proxy,open,high,low,close,volume,pct_return,rolling_volatility_240,absolute_return,squared_return,rolling_vol,range",48,168,0.65,5,0.2,True,success
locomotif.locomotif,5,0.07937405910342932,29,BTCUSDT,15m,conditioned,quantile_3_rolling_240,low_vol,low_vol_0027,"log_return,abs_log_return,rolling_volatility_60,rolling_volatility_30,hl_range,volume_zscore,quote_volume,number_of_trades,taker_buy_base_volume,taker_buy_quote_volume,spread_proxy,open,high,low,close,volume,pct_return,rolling_volatility_240,absolute_return,squared_return,rolling_vol,range",24,72,0.65,5,0.2,True,success
locomotif.locomotif,3,0.07335834484547377,14,BTCUSDT,15m,conditioned,quantile_3_rolling_240,low_vol,low_vol_0027,"log_return,abs_log_return,rolling_volatility_60,rolling_volatility_30,hl_range,volume_zscore,quote_volume,number_of_trades,taker_buy_base_volume,taker_buy_quote_volume,spread_proxy,open,high,low,close,volume,pct_return,rolling_volatility_240,absolute_return,squared_return,rolling_vol,range",48,168,0.65,5,0.2,True,success
locomotif.locomotif,5,0.14078305568546057,43,BTCUSDT,15m,conditioned,quantile_3_rolling_240,low_vol,low_vol_0028,"log_return,abs_log_return,rolling_volatility_60,rolling_volatility_30,hl_range,volume_zscore,quote_volume,number_of_trades,taker_buy_base_volume,taker_buy_quote_volume,spread_proxy,open,high,low,close,volume,pct_return,rolling_volatility_240,absolute_return,squared_return,rolling_vol,range",24,72,0.65,5,0.2,True,success
locomotif.locomotif,3,0.13061073143035173,20,BTCUSDT,15m,conditioned,quantile_3_rolling_240,low_vol,low_vol_0028,"log_return,abs_log_return,rolling_volatility_60,rolling_volatility_30,hl_range,volume_zscore,quote_volume,number_of_trades,taker_buy_base_volume,taker_buy_quote_volume,spread_proxy,open,high,low,close,volume,pct_return,rolling_volatility_240,absolute_return,squared_return,rolling_vol,range",48,168,0.65,5,0.2,True,success
locomotif.locomotif,5,0.05023660697042942,30,BTCUSDT,15m,conditioned,quantile_3_rolling_240,low_vol,low_vol_0029,"log_return,abs_log_return,rolling_volatility_60,rolling_volatility_30,hl_range,volume_zscore,quote_volume,number_of_trades,taker_buy_base_volume,taker_buy_quote_volume,spread_proxy,open,high,low,close,volume,pct_return,rolling_volatility_240,absolute_return,squared_return,rolling_vol,range",24,72,0.65,5,0.2,True,success
locomotif.locomotif,2,0.04165816958993673,13,BTCUSDT,15m,conditioned,quantile_3_rolling_240,low_vol,low_vol_0029,"log_return,abs_log_return,rolling_volatility_60,rolling_volatility_30,hl_range,volume_zscore,quote_volume,number_of_trades,taker_buy_base_volume,taker_buy_quote_volume,spread_proxy,open,high,low,close,volume,pct_return,rolling_volatility_240,absolute_return,squared_return,rolling_vol,range",48,168,0.65,5,0.2,True,success
locomotif.locomotif,5,0.16302110441029072,52,BTCUSDT,15m,conditioned,quantile_3_rolling_30,high_vol,high_vol_0001,"log_return,abs_log_return,rolling_volatility_60,rolling_volatility_30,hl_range,volume_zscore,quote_volume,number_of_trades,taker_buy_base_volume,taker_buy_quote_volume,spread_proxy,open,high,low,close,volume,pct_return,rolling_volatility_240,absolute_return,squared_return,rolling_vol,range",24,72,0.65,5,0.2,True,success
locomotif.locomotif,3,0.15040207840502262,18,BTCUSDT,15m,conditioned,quantile_3_rolling_30,high_vol,high_vol_0001,"log_return,abs_log_return,rolling_volatility_60,rolling_volatility_30,hl_range,volume_zscore,quote_volume,number_of_trades,taker_buy_base_volume,taker_buy_quote_volume,spread_proxy,open,high,low,close,volume,pct_return,rolling_volatility_240,absolute_return,squared_return,rolling_vol,range",48,168,0.65,5,0.2,True,success
locomotif.locomotif,5,0.31280714739114046,58,BTCUSDT,15m,conditioned,quantile_3_rolling_30,low_vol,low_vol_0002,"log_return,abs_log_return,rolling_volatility_60,rolling_volatility_30,hl_range,volume_zscore,quote_volume,number_of_trades,taker_buy_base_volume,taker_buy_quote_volume,spread_proxy,open,high,low,close,volume,pct_return,rolling_volatility_240,absolute_return,squared_return,rolling_vol,range",24,72,0.65,5,0.2,True,success
locomotif.locomotif,4,0.2930507492274046,26,BTCUSDT,15m,conditioned,quantile_3_rolling_30,low_vol,low_vol_0002,"log_return,abs_log_return,rolling_volatility_60,rolling_volatility_30,hl_range,volume_zscore,quote_volume,number_of_trades,taker_buy_base_volume,taker_buy_quote_volume,spread_proxy,open,high,low,close,volume,pct_return,rolling_volatility_240,absolute_return,squared_return,rolling_vol,range",48,168,0.65,5,0.2,True,success
locomotif.locomotif,5,0.03366835508495569,24,BTCUSDT,15m,conditioned,quantile_3_rolling_30,high_vol,high_vol_0003,"log_return,abs_log_return,rolling_volatility_60,rolling_volatility_30,hl_range,volume_zscore,quote_volume,number_of_trades,taker_buy_base_volume,taker_buy_quote_volume,spread_proxy,open,high,low,close,volume,pct_return,rolling_volatility_240,absolute_return,squared_return,rolling_vol,range",24,72,0.65,5,0.2,True,success
locomotif.locomotif,2,0.02539589535444975,10,BTCUSDT,15m,conditioned,quantile_3_rolling_30,high_vol,high_vol_0003,"log_return,abs_log_return,rolling_volatility_60,rolling_volatility_30,hl_range,volume_zscore,quote_volume,number_of_trades,taker_buy_base_volume,taker_buy_quote_volume,spread_proxy,open,high,low,close,volume,pct_return,rolling_volatility_240,absolute_return,squared_return,rolling_vol,range",48,168,0.65,5,0.2,True,success
locomotif.locomotif,5,0.37643903587013483,75,BTCUSDT,15m,conditioned,quantile_3_rolling_30,high_vol,high_vol_0004,"log_return,abs_log_return,rolling_volatility_60,rolling_volatility_30,hl_range,volume_zscore,quote_volume,number_of_trades,taker_buy_base_volume,taker_buy_quote_volume,spread_proxy,open,high,low,close,volume,pct_return,rolling_volatility_240,absolute_return,squared_return,rolling_vol,range",24,72,0.65,5,0.2,True,success
locomotif.locomotif,5,0.358843058347702,35,BTCUSDT,15m,conditioned,quantile_3_rolling_30,high_vol,high_vol_0004,"log_return,abs_log_return,rolling_volatility_60,rolling_volatility_30,hl_range,volume_zscore,quote_volume,number_of_trades,taker_buy_base_volume,taker_buy_quote_volume,spread_proxy,open,high,low,close,volume,pct_return,rolling_volatility_240,absolute_return,squared_return,rolling_vol,range",48,168,0.65,5,0.2,True,success
locomotif.locomotif,5,0.3027007095515728,66,BTCUSDT,15m,conditioned,quantile_3_rolling_30,high_vol,high_vol_0005,"log_return,abs_log_return,rolling_volatility_60,rolling_volatility_30,hl_range,volume_zscore,quote_volume,number_of_trades,taker_buy_base_volume,taker_buy_quote_volume,spread_proxy,open,high,low,close,volume,pct_return,rolling_volatility_240,absolute_return,squared_return,rolling_vol,range",24,72,0.65,5,0.2,True,success
locomotif.locomotif,4,0.28289843536913395,33,BTCUSDT,15m,conditioned,quantile_3_rolling_30,high_vol,high_vol_0005,"log_return,abs_log_return,rolling_volatility_60,rolling_volatility_30,hl_range,volume_zscore,quote_volume,number_of_trades,taker_buy_base_volume,taker_buy_quote_volume,spread_proxy,open,high,low,close,volume,pct_return,rolling_volatility_240,absolute_return,squared_return,rolling_vol,range",48,168,0.65,5,0.2,True,success
locomotif.locomotif,5,0.2057017395272851,48,BTCUSDT,15m,conditioned,quantile_3_rolling_30,high_vol,high_vol_0006,"log_return,abs_log_return,rolling_volatility_60,rolling_volatility_30,hl_range,volume_zscore,quote_volume,number_of_trades,taker_buy_base_volume,taker_buy_quote_volume,spread_proxy,open,high,low,close,volume,pct_return,rolling_volatility_240,absolute_return,squared_return,rolling_vol,range",24,72,0.65,5,0.2,True,success
locomotif.locomotif,5,0.18583852238953114,32,BTCUSDT,15m,conditioned,quantile_3_rolling_30,high_vol,high_vol_0006,"log_return,abs_log_return,rolling_volatility_60,rolling_volatility_30,hl_range,volume_zscore,quote_volume,number_of_trades,taker_buy_base_volume,taker_buy_quote_volume,spread_proxy,open,high,low,close,volume,pct_return,rolling_volatility_240,absolute_return,squared_return,rolling_vol,range",48,168,0.65,5,0.2,True,success
locomotif.locomotif,5,0.07598685659468174,38,BTCUSDT,15m,conditioned,quantile_3_rolling_30,high_vol,high_vol_0007,"log_return,abs_log_return,rolling_volatility_60,rolling_volatility_30,hl_range,volume_zscore,quote_volume,number_of_trades,taker_buy_base_volume,taker_buy_quote_volume,spread_proxy,open,high,low,close,volume,pct_return,rolling_volatility_240,absolute_return,squared_return,rolling_vol,range",24,72,0.65,5,0.2,True,success
locomotif.locomotif,2,0.0682106539607048,13,BTCUSDT,15m,conditioned,quantile_3_rolling_30,high_vol,high_vol_0007,"log_return,abs_log_return,rolling_volatility_60,rolling_volatility_30,hl_range,volume_zscore,quote_volume,number_of_trades,taker_buy_base_volume,taker_buy_quote_volume,spread_proxy,open,high,low,close,volume,pct_return,rolling_volatility_240,absolute_return,squared_return,rolling_vol,range",48,168,0.65,5,0.2,True,success
locomotif.locomotif,5,0.03860630001872778,28,BTCUSDT,15m,conditioned,quantile_3_rolling_30,high_vol,high_vol_0008,"log_return,abs_log_return,rolling_volatility_60,rolling_volatility_30,hl_range,volume_zscore,quote_volume,number_of_trades,taker_buy_base_volume,taker_buy_quote_volume,spread_proxy,open,high,low,close,volume,pct_return,rolling_volatility_240,absolute_return,squared_return,rolling_vol,range",24,72,0.65,5,0.2,True,success
locomotif.locomotif,3,0.03526066895574331,14,BTCUSDT,15m,conditioned,quantile_3_rolling_30,high_vol,high_vol_0008,"log_return,abs_log_return,rolling_volatility_60,rolling_volatility_30,hl_range,volume_zscore,quote_volume,number_of_trades,taker_buy_base_volume,taker_buy_quote_volume,spread_proxy,open,high,low,close,volume,pct_return,rolling_volatility_240,absolute_return,squared_return,rolling_vol,range",48,168,0.65,5,0.2,True,success
locomotif.locomotif,5,0.34400435630232096,68,BTCUSDT,15m,conditioned,quantile_3_rolling_30,high_vol,high_vol_0009,"log_return,abs_log_return,rolling_volatility_60,rolling_volatility_30,hl_range,volume_zscore,quote_volume,number_of_trades,taker_buy_base_volume,taker_buy_quote_volume,spread_proxy,open,high,low,close,volume,pct_return,rolling_volatility_240,absolute_return,squared_return,rolling_vol,range",24,72,0.65,5,0.2,True,success
locomotif.locomotif,5,0.32722875010222197,32,BTCUSDT,15m,conditioned,quantile_3_rolling_30,high_vol,high_vol_0009,"log_return,abs_log_return,rolling_volatility_60,rolling_volatility_30,hl_range,volume_zscore,quote_volume,number_of_trades,taker_buy_base_volume,taker_buy_quote_volume,spread_proxy,open,high,low,close,volume,pct_return,rolling_volatility_240,absolute_return,squared_return,rolling_vol,range",48,168,0.65,5,0.2,True,success
locomotif.locomotif,5,0.20769060030579567,59,BTCUSDT,15m,conditioned,quantile_3_rolling_30,high_vol,high_vol_0010,"log_return,abs_log_return,rolling_volatility_60,rolling_volatility_30,hl_range,volume_zscore,quote_volume,number_of_trades,taker_buy_base_volume,taker_buy_quote_volume,spread_proxy,open,high,low,close,volume,pct_return,rolling_volatility_240,absolute_return,squared_return,rolling_vol,range",24,72,0.65,5,0.2,True,success
locomotif.locomotif,4,0.1866263970732689,28,BTCUSDT,15m,conditioned,quantile_3_rolling_30,high_vol,high_vol_0010,"log_return,abs_log_return,rolling_volatility_60,rolling_volatility_30,hl_range,volume_zscore,quote_volume,number_of_trades,taker_buy_base_volume,taker_buy_quote_volume,spread_proxy,open,high,low,close,volume,pct_return,rolling_volatility_240,absolute_return,squared_return,rolling_vol,range",48,168,0.65,5,0.2,True,success
locomotif.locomotif,5,0.027095201425254345,26,BTCUSDT,15m,conditioned,quantile_3_rolling_30,high_vol,high_vol_0011,"log_return,abs_log_return,rolling_volatility_60,rolling_volatility_30,hl_range,volume_zscore,quote_volume,number_of_trades,taker_buy_base_volume,taker_buy_quote_volume,spread_proxy,open,high,low,close,volume,pct_return,rolling_volatility_240,absolute_return,squared_return,rolling_vol,range",24,72,0.65,5,0.2,True,success
locomotif.locomotif,2,0.023283548653125763,9,BTCUSDT,15m,conditioned,quantile_3_rolling_30,high_vol,high_vol_0011,"log_return,abs_log_return,rolling_volatility_60,rolling_volatility_30,hl_range,volume_zscore,quote_volume,number_of_trades,taker_buy_base_volume,taker_buy_quote_volume,spread_proxy,open,high,low,close,volume,pct_return,rolling_volatility_240,absolute_return,squared_return,rolling_vol,range",48,168,0.65,5,0.2,True,success
locomotif.locomotif,5,0.028751781210303307,21,BTCUSDT,15m,conditioned,quantile_3_rolling_30,high_vol,high_vol_0012,"log_return,abs_log_return,rolling_volatility_60,rolling_volatility_30,hl_range,volume_zscore,quote_volume,number_of_trades,taker_buy_base_volume,taker_buy_quote_volume,spread_proxy,open,high,low,close,volume,pct_return,rolling_volatility_240,absolute_return,squared_return,rolling_vol,range",24,72,0.65,5,0.2,True,success
locomotif.locomotif,2,0.02411840483546257,9,BTCUSDT,15m,conditioned,quantile_3_rolling_30,high_vol,high_vol_0012,"log_return,abs_log_return,rolling_volatility_60,rolling_volatility_30,hl_range,volume_zscore,quote_volume,number_of_trades,taker_buy_base_volume,taker_buy_quote_volume,spread_proxy,open,high,low,close,volume,pct_return,rolling_volatility_240,absolute_return,squared_return,rolling_vol,range",48,168,0.65,5,0.2,True,success
locomotif.locomotif,5,0.06061165779829025,31,BTCUSDT,15m,conditioned,quantile_3_rolling_30,high_vol,high_vol_0013,"log_return,abs_log_return,rolling_volatility_60,rolling_volatility_30,hl_range,volume_zscore,quote_volume,number_of_trades,taker_buy_base_volume,taker_buy_quote_volume,spread_proxy,open,high,low,close,volume,pct_return,rolling_volatility_240,absolute_return,squared_return,rolling_vol,range",24,72,0.65,5,0.2,True,success
locomotif.locomotif,3,0.05448523536324501,12,BTCUSDT,15m,conditioned,quantile_3_rolling_30,high_vol,high_vol_0013,"log_return,abs_log_return,rolling_volatility_60,rolling_volatility_30,hl_range,volume_zscore,quote_volume,number_of_trades,taker_buy_base_volume,taker_buy_quote_volume,spread_proxy,open,high,low,close,volume,pct_return,rolling_volatility_240,absolute_return,squared_return,rolling_vol,range",48,168,0.65,5,0.2,True,success
locomotif.locomotif,5,0.030561682768166065,28,BTCUSDT,15m,conditioned,quantile_3_rolling_30,high_vol,high_vol_0014,"log_return,abs_log_return,rolling_volatility_60,rolling_volatility_30,hl_range,volume_zscore,quote_volume,number_of_trades,taker_buy_base_volume,taker_buy_quote_volume,spread_proxy,open,high,low,close,volume,pct_return,rolling_volatility_240,absolute_return,squared_return,rolling_vol,range",24,72,0.65,5,0.2,True,success
locomotif.locomotif,2,0.026410852558910847,9,BTCUSDT,15m,conditioned,quantile_3_rolling_30,high_vol,high_vol_0014,"log_return,abs_log_return,rolling_volatility_60,rolling_volatility_30,hl_range,volume_zscore,quote_volume,number_of_trades,taker_buy_base_volume,taker_buy_quote_volume,spread_proxy,open,high,low,close,volume,pct_return,rolling_volatility_240,absolute_return,squared_return,rolling_vol,range",48,168,0.65,5,0.2,True,success
locomotif.locomotif,5,0.0320413988083601,27,BTCUSDT,15m,conditioned,quantile_3_rolling_30,high_vol,high_vol_0015,"log_return,abs_log_return,rolling_volatility_60,rolling_volatility_30,hl_range,volume_zscore,quote_volume,number_of_trades,taker_buy_base_volume,taker_buy_quote_volume,spread_proxy,open,high,low,close,volume,pct_return,rolling_volatility_240,absolute_return,squared_return,rolling_vol,range",24,72,0.65,5,0.2,True,success
locomotif.locomotif,2,0.024592977948486805,12,BTCUSDT,15m,conditioned,quantile_3_rolling_30,high_vol,high_vol_0015,"log_return,abs_log_return,rolling_volatility_60,rolling_volatility_30,hl_range,volume_zscore,quote_volume,number_of_trades,taker_buy_base_volume,taker_buy_quote_volume,spread_proxy,open,high,low,close,volume,pct_return,rolling_volatility_240,absolute_return,squared_return,rolling_vol,range",48,168,0.65,5,0.2,True,success
locomotif.locomotif,3,0.034359863959252834,24,BTCUSDT,15m,conditioned,quantile_3_rolling_30,high_vol,high_vol_0016,"log_return,abs_log_return,rolling_volatility_60,rolling_volatility_30,hl_range,volume_zscore,quote_volume,number_of_trades,taker_buy_base_volume,taker_buy_quote_volume,spread_proxy,open,high,low,close,volume,pct_return,rolling_volatility_240,absolute_return,squared_return,rolling_vol,range",24,72,0.65,5,0.2,True,success
locomotif.locomotif,2,0.03268134966492653,13,BTCUSDT,15m,conditioned,quantile_3_rolling_30,high_vol,high_vol_0016,"log_return,abs_log_return,rolling_volatility_60,rolling_volatility_30,hl_range,volume_zscore,quote_volume,number_of_trades,taker_buy_base_volume,taker_buy_quote_volume,spread_proxy,open,high,low,close,volume,pct_return,rolling_volatility_240,absolute_return,squared_return,rolling_vol,range",48,168,0.65,5,0.2,True,success
locomotif.locomotif,4,0.04902054835110903,31,BTCUSDT,15m,conditioned,quantile_3_rolling_30,low_vol,low_vol_0017,"log_return,abs_log_return,rolling_volatility_60,rolling_volatility_30,hl_range,volume_zscore,quote_volume,number_of_trades,taker_buy_base_volume,taker_buy_quote_volume,spread_proxy,open,high,low,close,volume,pct_return,rolling_volatility_240,absolute_return,squared_return,rolling_vol,range",24,72,0.65,5,0.2,True,success
locomotif.locomotif,2,0.042942910455167294,11,BTCUSDT,15m,conditioned,quantile_3_rolling_30,low_vol,low_vol_0017,"log_return,abs_log_return,rolling_volatility_60,rolling_volatility_30,hl_range,volume_zscore,quote_volume,number_of_trades,taker_buy_base_volume,taker_buy_quote_volume,spread_proxy,open,high,low,close,volume,pct_return,rolling_volatility_240,absolute_return,squared_return,rolling_vol,range",48,168,0.65,5,0.2,True,success
locomotif.locomotif,5,0.3920457325875759,73,BTCUSDT,15m,conditioned,quantile_3_rolling_30,low_vol,low_vol_0018,"log_return,abs_log_return,rolling_volatility_60,rolling_volatility_30,hl_range,volume_zscore,quote_volume,number_of_trades,taker_buy_base_volume,taker_buy_quote_volume,spread_proxy,open,high,low,close,volume,pct_return,rolling_volatility_240,absolute_return,squared_return,rolling_vol,range",24,72,0.65,5,0.2,True,success
locomotif.locomotif,5,0.3813867839053273,34,BTCUSDT,15m,conditioned,quantile_3_rolling_30,low_vol,low_vol_0018,"log_return,abs_log_return,rolling_volatility_60,rolling_volatility_30,hl_range,volume_zscore,quote_volume,number_of_trades,taker_buy_base_volume,taker_buy_quote_volume,spread_proxy,open,high,low,close,volume,pct_return,rolling_volatility_240,absolute_return,squared_return,rolling_vol,range",48,168,0.65,5,0.2,True,success
locomotif.locomotif,4,0.029767529107630253,21,BTCUSDT,15m,conditioned,quantile_3_rolling_30,high_vol,high_vol_0019,"log_return,abs_log_return,rolling_volatility_60,rolling_volatility_30,hl_range,volume_zscore,quote_volume,number_of_trades,taker_buy_base_volume,taker_buy_quote_volume,spread_proxy,open,high,low,close,volume,pct_return,rolling_volatility_240,absolute_return,squared_return,rolling_vol,range",24,72,0.65,5,0.2,True,success
locomotif.locomotif,4,0.025492222048342228,15,BTCUSDT,15m,conditioned,quantile_3_rolling_30,high_vol,high_vol_0019,"log_return,abs_log_return,rolling_volatility_60,rolling_volatility_30,hl_range,volume_zscore,quote_volume,number_of_trades,taker_buy_base_volume,taker_buy_quote_volume,spread_proxy,open,high,low,close,volume,pct_return,rolling_volatility_240,absolute_return,squared_return,rolling_vol,range",48,168,0.65,5,0.2,True,success
locomotif.locomotif,5,0.026146693155169487,24,BTCUSDT,15m,conditioned,quantile_3_rolling_30,low_vol,low_vol_0020,"log_return,abs_log_return,rolling_volatility_60,rolling_volatility_30,hl_range,volume_zscore,quote_volume,number_of_trades,taker_buy_base_volume,taker_buy_quote_volume,spread_proxy,open,high,low,close,volume,pct_return,rolling_volatility_240,absolute_return,squared_return,rolling_vol,range",24,72,0.65,5,0.2,True,success
locomotif.locomotif,3,0.02162641752511263,10,BTCUSDT,15m,conditioned,quantile_3_rolling_30,low_vol,low_vol_0020,"log_return,abs_log_return,rolling_volatility_60,rolling_volatility_30,hl_range,volume_zscore,quote_volume,number_of_trades,taker_buy_base_volume,taker_buy_quote_volume,spread_proxy,open,high,low,close,volume,pct_return,rolling_volatility_240,absolute_return,squared_return,rolling_vol,range",48,168,0.65,5,0.2,True,success
locomotif.locomotif,5,0.058852543123066425,30,BTCUSDT,15m,conditioned,quantile_3_rolling_30,low_vol,low_vol_0021,"log_return,abs_log_return,rolling_volatility_60,rolling_volatility_30,hl_range,volume_zscore,quote_volume,number_of_trades,taker_buy_base_volume,taker_buy_quote_volume,spread_proxy,open,high,low,close,volume,pct_return,rolling_volatility_240,absolute_return,squared_return,rolling_vol,range",24,72,0.65,5,0.2,True,success
locomotif.locomotif,3,0.04884322173893452,14,BTCUSDT,15m,conditioned,quantile_3_rolling_30,low_vol,low_vol_0021,"log_return,abs_log_return,rolling_volatility_60,rolling_volatility_30,hl_range,volume_zscore,quote_volume,number_of_trades,taker_buy_base_volume,taker_buy_quote_volume,spread_proxy,open,high,low,close,volume,pct_return,rolling_volatility_240,absolute_return,squared_return,rolling_vol,range",48,168,0.65,5,0.2,True,success
locomotif.locomotif,5,0.18660064972937107,47,BTCUSDT,15m,conditioned,quantile_3_rolling_30,low_vol,low_vol_0022,"log_return,abs_log_return,rolling_volatility_60,rolling_volatility_30,hl_range,volume_zscore,quote_volume,number_of_trades,taker_buy_base_volume,taker_buy_quote_volume,spread_proxy,open,high,low,close,volume,pct_return,rolling_volatility_240,absolute_return,squared_return,rolling_vol,range",24,72,0.65,5,0.2,True,success
locomotif.locomotif,5,0.16943443659693003,23,BTCUSDT,15m,conditioned,quantile_3_rolling_30,low_vol,low_vol_0022,"log_return,abs_log_return,rolling_volatility_60,rolling_volatility_30,hl_range,volume_zscore,quote_volume,number_of_trades,taker_buy_base_volume,taker_buy_quote_volume,spread_proxy,open,high,low,close,volume,pct_return,rolling_volatility_240,absolute_return,squared_return,rolling_vol,range",48,168,0.65,5,0.2,True,success
locomotif.locomotif,5,0.03381921257823706,23,BTCUSDT,15m,conditioned,quantile_3_rolling_30,low_vol,low_vol_0023,"log_return,abs_log_return,rolling_volatility_60,rolling_volatility_30,hl_range,volume_zscore,quote_volume,number_of_trades,taker_buy_base_volume,taker_buy_quote_volume,spread_proxy,open,high,low,close,volume,pct_return,rolling_volatility_240,absolute_return,squared_return,rolling_vol,range",24,72,0.65,5,0.2,True,success
locomotif.locomotif,3,0.031156147830188274,12,BTCUSDT,15m,conditioned,quantile_3_rolling_30,low_vol,low_vol_0023,"log_return,abs_log_return,rolling_volatility_60,rolling_volatility_30,hl_range,volume_zscore,quote_volume,number_of_trades,taker_buy_base_volume,taker_buy_quote_volume,spread_proxy,open,high,low,close,volume,pct_return,rolling_volatility_240,absolute_return,squared_return,rolling_vol,range",48,168,0.65,5,0.2,True,success
locomotif.locomotif,5,0.04644275363534689,31,BTCUSDT,15m,conditioned,quantile_3_rolling_30,low_vol,low_vol_0024,"log_return,abs_log_return,rolling_volatility_60,rolling_volatility_30,hl_range,volume_zscore,quote_volume,number_of_trades,taker_buy_base_volume,taker_buy_quote_volume,spread_proxy,open,high,low,close,volume,pct_return,rolling_volatility_240,absolute_return,squared_return,rolling_vol,range",24,72,0.65,5,0.2,True,success
locomotif.locomotif,2,0.040122379548847675,14,BTCUSDT,15m,conditioned,quantile_3_rolling_30,low_vol,low_vol_0024,"log_return,abs_log_return,rolling_volatility_60,rolling_volatility_30,hl_range,volume_zscore,quote_volume,number_of_trades,taker_buy_base_volume,taker_buy_quote_volume,spread_proxy,open,high,low,close,volume,pct_return,rolling_volatility_240,absolute_return,squared_return,rolling_vol,range",48,168,0.65,5,0.2,True,success
locomotif.locomotif,5,0.22450181748718023,45,BTCUSDT,15m,conditioned,quantile_3_rolling_30,low_vol,low_vol_0025,"log_return,abs_log_return,rolling_volatility_60,rolling_volatility_30,hl_range,volume_zscore,quote_volume,number_of_trades,taker_buy_base_volume,taker_buy_quote_volume,spread_proxy,open,high,low,close,volume,pct_return,rolling_volatility_240,absolute_return,squared_return,rolling_vol,range",24,72,0.65,5,0.2,True,success
locomotif.locomotif,5,0.20847357716411352,30,BTCUSDT,15m,conditioned,quantile_3_rolling_30,low_vol,low_vol_0025,"log_return,abs_log_return,rolling_volatility_60,rolling_volatility_30,hl_range,volume_zscore,quote_volume,number_of_trades,taker_buy_base_volume,taker_buy_quote_volume,spread_proxy,open,high,low,close,volume,pct_return,rolling_volatility_240,absolute_return,squared_return,rolling_vol,range",48,168,0.65,5,0.2,True,success
locomotif.locomotif,5,0.03595361113548279,28,BTCUSDT,15m,conditioned,quantile_3_rolling_30,low_vol,low_vol_0026,"log_return,abs_log_return,rolling_volatility_60,rolling_volatility_30,hl_range,volume_zscore,quote_volume,number_of_trades,taker_buy_base_volume,taker_buy_quote_volume,spread_proxy,open,high,low,close,volume,pct_return,rolling_volatility_240,absolute_return,squared_return,rolling_vol,range",24,72,0.65,5,0.2,True,success
locomotif.locomotif,3,0.03151576779782772,14,BTCUSDT,15m,conditioned,quantile_3_rolling_30,low_vol,low_vol_0026,"log_return,abs_log_return,rolling_volatility_60,rolling_volatility_30,hl_range,volume_zscore,quote_volume,number_of_trades,taker_buy_base_volume,taker_buy_quote_volume,spread_proxy,open,high,low,close,volume,pct_return,rolling_volatility_240,absolute_return,squared_return,rolling_vol,range",48,168,0.65,5,0.2,True,success
locomotif.locomotif,5,0.07916281092911959,29,BTCUSDT,15m,conditioned,quantile_3_rolling_30,low_vol,low_vol_0027,"log_return,abs_log_return,rolling_volatility_60,rolling_volatility_30,hl_range,volume_zscore,quote_volume,number_of_trades,taker_buy_base_volume,taker_buy_quote_volume,spread_proxy,open,high,low,close,volume,pct_return,rolling_volatility_240,absolute_return,squared_return,rolling_vol,range",24,72,0.65,5,0.2,True,success
locomotif.locomotif,3,0.0735223600640893,14,BTCUSDT,15m,conditioned,quantile_3_rolling_30,low_vol,low_vol_0027,"log_return,abs_log_return,rolling_volatility_60,rolling_volatility_30,hl_range,volume_zscore,quote_volume,number_of_trades,taker_buy_base_volume,taker_buy_quote_volume,spread_proxy,open,high,low,close,volume,pct_return,rolling_volatility_240,absolute_return,squared_return,rolling_vol,range",48,168,0.65,5,0.2,True,success
locomotif.locomotif,5,0.14075111784040928,43,BTCUSDT,15m,conditioned,quantile_3_rolling_30,low_vol,low_vol_0028,"log_return,abs_log_return,rolling_volatility_60,rolling_volatility_30,hl_range,volume_zscore,quote_volume,number_of_trades,taker_buy_base_volume,taker_buy_quote_volume,spread_proxy,open,high,low,close,volume,pct_return,rolling_volatility_240,absolute_return,squared_return,rolling_vol,range",24,72,0.65,5,0.2,True,success
locomotif.locomotif,3,0.131386186927557,20,BTCUSDT,15m,conditioned,quantile_3_rolling_30,low_vol,low_vol_0028,"log_return,abs_log_return,rolling_volatility_60,rolling_volatility_30,hl_range,volume_zscore,quote_volume,number_of_trades,taker_buy_base_volume,taker_buy_quote_volume,spread_proxy,open,high,low,close,volume,pct_return,rolling_volatility_240,absolute_return,squared_return,rolling_vol,range",48,168,0.65,5,0.2,True,success
locomotif.locomotif,5,0.05051270313560963,30,BTCUSDT,15m,conditioned,quantile_3_rolling_30,low_vol,low_vol_0029,"log_return,abs_log_return,rolling_volatility_60,rolling_volatility_30,hl_range,volume_zscore,quote_volume,number_of_trades,taker_buy_base_volume,taker_buy_quote_volume,spread_proxy,open,high,low,close,volume,pct_return,rolling_volatility_240,absolute_return,squared_return,rolling_vol,range",24,72,0.65,5,0.2,True,success
locomotif.locomotif,2,0.041384506970644,13,BTCUSDT,15m,conditioned,quantile_3_rolling_30,low_vol,low_vol_0029,"log_return,abs_log_return,rolling_volatility_60,rolling_volatility_30,hl_range,volume_zscore,quote_volume,number_of_trades,taker_buy_base_volume,taker_buy_quote_volume,spread_proxy,open,high,low,close,volume,pct_return,rolling_volatility_240,absolute_return,squared_return,rolling_vol,range",48,168,0.65,5,0.2,True,success
locomotif.locomotif,5,0.16342142596840858,52,BTCUSDT,15m,conditioned,quantile_3_rolling_60,high_vol,high_vol_0001,"log_return,abs_log_return,rolling_volatility_60,rolling_volatility_30,hl_range,volume_zscore,quote_volume,number_of_trades,taker_buy_base_volume,taker_buy_quote_volume,spread_proxy,open,high,low,close,volume,pct_return,rolling_volatility_240,absolute_return,squared_return,rolling_vol,range",24,72,0.65,5,0.2,True,success
locomotif.locomotif,3,0.15138655062764883,18,BTCUSDT,15m,conditioned,quantile_3_rolling_60,high_vol,high_vol_0001,"log_return,abs_log_return,rolling_volatility_60,rolling_volatility_30,hl_range,volume_zscore,quote_volume,number_of_trades,taker_buy_base_volume,taker_buy_quote_volume,spread_proxy,open,high,low,close,volume,pct_return,rolling_volatility_240,absolute_return,squared_return,rolling_vol,range",48,168,0.65,5,0.2,True,success
locomotif.locomotif,5,0.31287994608283043,58,BTCUSDT,15m,conditioned,quantile_3_rolling_60,low_vol,low_vol_0002,"log_return,abs_log_return,rolling_volatility_60,rolling_volatility_30,hl_range,volume_zscore,quote_volume,number_of_trades,taker_buy_base_volume,taker_buy_quote_volume,spread_proxy,open,high,low,close,volume,pct_return,rolling_volatility_240,absolute_return,squared_return,rolling_vol,range",24,72,0.65,5,0.2,True,success
locomotif.locomotif,4,0.29488667100667953,26,BTCUSDT,15m,conditioned,quantile_3_rolling_60,low_vol,low_vol_0002,"log_return,abs_log_return,rolling_volatility_60,rolling_volatility_30,hl_range,volume_zscore,quote_volume,number_of_trades,taker_buy_base_volume,taker_buy_quote_volume,spread_proxy,open,high,low,close,volume,pct_return,rolling_volatility_240,absolute_return,squared_return,rolling_vol,range",48,168,0.65,5,0.2,True,success
locomotif.locomotif,5,0.03372226655483246,24,BTCUSDT,15m,conditioned,quantile_3_rolling_60,high_vol,high_vol_0003,"log_return,abs_log_return,rolling_volatility_60,rolling_volatility_30,hl_range,volume_zscore,quote_volume,number_of_trades,taker_buy_base_volume,taker_buy_quote_volume,spread_proxy,open,high,low,close,volume,pct_return,rolling_volatility_240,absolute_return,squared_return,rolling_vol,range",24,72,0.65,5,0.2,True,success
locomotif.locomotif,2,0.025296656414866447,10,BTCUSDT,15m,conditioned,quantile_3_rolling_60,high_vol,high_vol_0003,"log_return,abs_log_return,rolling_volatility_60,rolling_volatility_30,hl_range,volume_zscore,quote_volume,number_of_trades,taker_buy_base_volume,taker_buy_quote_volume,spread_proxy,open,high,low,close,volume,pct_return,rolling_volatility_240,absolute_return,squared_return,rolling_vol,range",48,168,0.65,5,0.2,True,success
locomotif.locomotif,5,0.37466903403401375,75,BTCUSDT,15m,conditioned,quantile_3_rolling_60,high_vol,high_vol_0004,"log_return,abs_log_return,rolling_volatility_60,rolling_volatility_30,hl_range,volume_zscore,quote_volume,number_of_trades,taker_buy_base_volume,taker_buy_quote_volume,spread_proxy,open,high,low,close,volume,pct_return,rolling_volatility_240,absolute_return,squared_return,rolling_vol,range",24,72,0.65,5,0.2,True,success
locomotif.locomotif,5,0.3605887424200773,35,BTCUSDT,15m,conditioned,quantile_3_rolling_60,high_vol,high_vol_0004,"log_return,abs_log_return,rolling_volatility_60,rolling_volatility_30,hl_range,volume_zscore,quote_volume,number_of_trades,taker_buy_base_volume,taker_buy_quote_volume,spread_proxy,open,high,low,close,volume,pct_return,rolling_volatility_240,absolute_return,squared_return,rolling_vol,range",48,168,0.65,5,0.2,True,success
locomotif.locomotif,5,0.303182614967227,66,BTCUSDT,15m,conditioned,quantile_3_rolling_60,high_vol,high_vol_0005,"log_return,abs_log_return,rolling_volatility_60,rolling_volatility_30,hl_range,volume_zscore,quote_volume,number_of_trades,taker_buy_base_volume,taker_buy_quote_volume,spread_proxy,open,high,low,close,volume,pct_return,rolling_volatility_240,absolute_return,squared_return,rolling_vol,range",24,72,0.65,5,0.2,True,success
locomotif.locomotif,4,0.28324528597295284,33,BTCUSDT,15m,conditioned,quantile_3_rolling_60,high_vol,high_vol_0005,"log_return,abs_log_return,rolling_volatility_60,rolling_volatility_30,hl_range,volume_zscore,quote_volume,number_of_trades,taker_buy_base_volume,taker_buy_quote_volume,spread_proxy,open,high,low,close,volume,pct_return,rolling_volatility_240,absolute_return,squared_return,rolling_vol,range",48,168,0.65,5,0.2,True,success
locomotif.locomotif,5,0.2065256191417575,48,BTCUSDT,15m,conditioned,quantile_3_rolling_60,high_vol,high_vol_0006,"log_return,abs_log_return,rolling_volatility_60,rolling_volatility_30,hl_range,volume_zscore,quote_volume,number_of_trades,taker_buy_base_volume,taker_buy_quote_volume,spread_proxy,open,high,low,close,volume,pct_return,rolling_volatility_240,absolute_return,squared_return,rolling_vol,range",24,72,0.65,5,0.2,True,success
locomotif.locomotif,5,0.18749136850237846,32,BTCUSDT,15m,conditioned,quantile_3_rolling_60,high_vol,high_vol_0006,"log_return,abs_log_return,rolling_volatility_60,rolling_volatility_30,hl_range,volume_zscore,quote_volume,number_of_trades,taker_buy_base_volume,taker_buy_quote_volume,spread_proxy,open,high,low,close,volume,pct_return,rolling_volatility_240,absolute_return,squared_return,rolling_vol,range",48,168,0.65,5,0.2,True,success
locomotif.locomotif,5,0.07619514036923647,38,BTCUSDT,15m,conditioned,quantile_3_rolling_60,high_vol,high_vol_0007,"log_return,abs_log_return,rolling_volatility_60,rolling_volatility_30,hl_range,volume_zscore,quote_volume,number_of_trades,taker_buy_base_volume,taker_buy_quote_volume,spread_proxy,open,high,low,close,volume,pct_return,rolling_volatility_240,absolute_return,squared_return,rolling_vol,range",24,72,0.65,5,0.2,True,success
locomotif.locomotif,2,0.06821175571531057,13,BTCUSDT,15m,conditioned,quantile_3_rolling_60,high_vol,high_vol_0007,"log_return,abs_log_return,rolling_volatility_60,rolling_volatility_30,hl_range,volume_zscore,quote_volume,number_of_trades,taker_buy_base_volume,taker_buy_quote_volume,spread_proxy,open,high,low,close,volume,pct_return,rolling_volatility_240,absolute_return,squared_return,rolling_vol,range",48,168,0.65,5,0.2,True,success
locomotif.locomotif,5,0.03856995515525341,28,BTCUSDT,15m,conditioned,quantile_3_rolling_60,high_vol,high_vol_0008,"log_return,abs_log_return,rolling_volatility_60,rolling_volatility_30,hl_range,volume_zscore,quote_volume,number_of_trades,taker_buy_base_volume,taker_buy_quote_volume,spread_proxy,open,high,low,close,volume,pct_return,rolling_volatility_240,absolute_return,squared_return,rolling_vol,range",24,72,0.65,5,0.2,True,success
locomotif.locomotif,3,0.03506831079721451,14,BTCUSDT,15m,conditioned,quantile_3_rolling_60,high_vol,high_vol_0008,"log_return,abs_log_return,rolling_volatility_60,rolling_volatility_30,hl_range,volume_zscore,quote_volume,number_of_trades,taker_buy_base_volume,taker_buy_quote_volume,spread_proxy,open,high,low,close,volume,pct_return,rolling_volatility_240,absolute_return,squared_return,rolling_vol,range",48,168,0.65,5,0.2,True,success
locomotif.locomotif,5,0.3460058346390724,68,BTCUSDT,15m,conditioned,quantile_3_rolling_60,high_vol,high_vol_0009,"log_return,abs_log_return,rolling_volatility_60,rolling_volatility_30,hl_range,volume_zscore,quote_volume,number_of_trades,taker_buy_base_volume,taker_buy_quote_volume,spread_proxy,open,high,low,close,volume,pct_return,rolling_volatility_240,absolute_return,squared_return,rolling_vol,range",24,72,0.65,5,0.2,True,success
locomotif.locomotif,5,0.3257937440648675,32,BTCUSDT,15m,conditioned,quantile_3_rolling_60,high_vol,high_vol_0009,"log_return,abs_log_return,rolling_volatility_60,rolling_volatility_30,hl_range,volume_zscore,quote_volume,number_of_trades,taker_buy_base_volume,taker_buy_quote_volume,spread_proxy,open,high,low,close,volume,pct_return,rolling_volatility_240,absolute_return,squared_return,rolling_vol,range",48,168,0.65,5,0.2,True,success
locomotif.locomotif,5,0.20832717698067427,59,BTCUSDT,15m,conditioned,quantile_3_rolling_60,high_vol,high_vol_0010,"log_return,abs_log_return,rolling_volatility_60,rolling_volatility_30,hl_range,volume_zscore,quote_volume,number_of_trades,taker_buy_base_volume,taker_buy_quote_volume,spread_proxy,open,high,low,close,volume,pct_return,rolling_volatility_240,absolute_return,squared_return,rolling_vol,range",24,72,0.65,5,0.2,True,success
locomotif.locomotif,4,0.18734530825167894,28,BTCUSDT,15m,conditioned,quantile_3_rolling_60,high_vol,high_vol_0010,"log_return,abs_log_return,rolling_volatility_60,rolling_volatility_30,hl_range,volume_zscore,quote_volume,number_of_trades,taker_buy_base_volume,taker_buy_quote_volume,spread_proxy,open,high,low,close,volume,pct_return,rolling_volatility_240,absolute_return,squared_return,rolling_vol,range",48,168,0.65,5,0.2,True,success
locomotif.locomotif,5,0.02749625500291586,26,BTCUSDT,15m,conditioned,quantile_3_rolling_60,high_vol,high_vol_0011,"log_return,abs_log_return,rolling_volatility_60,rolling_volatility_30,hl_range,volume_zscore,quote_volume,number_of_trades,taker_buy_base_volume,taker_buy_quote_volume,spread_proxy,open,high,low,close,volume,pct_return,rolling_volatility_240,absolute_return,squared_return,rolling_vol,range",24,72,0.65,5,0.2,True,success
locomotif.locomotif,2,0.023156538605690002,9,BTCUSDT,15m,conditioned,quantile_3_rolling_60,high_vol,high_vol_0011,"log_return,abs_log_return,rolling_volatility_60,rolling_volatility_30,hl_range,volume_zscore,quote_volume,number_of_trades,taker_buy_base_volume,taker_buy_quote_volume,spread_proxy,open,high,low,close,volume,pct_return,rolling_volatility_240,absolute_return,squared_return,rolling_vol,range",48,168,0.65,5,0.2,True,success
locomotif.locomotif,5,0.028570189140737057,21,BTCUSDT,15m,conditioned,quantile_3_rolling_60,high_vol,high_vol_0012,"log_return,abs_log_return,rolling_volatility_60,rolling_volatility_30,hl_range,volume_zscore,quote_volume,number_of_trades,taker_buy_base_volume,taker_buy_quote_volume,spread_proxy,open,high,low,close,volume,pct_return,rolling_volatility_240,absolute_return,squared_return,rolling_vol,range",24,72,0.65,5,0.2,True,success
locomotif.locomotif,2,0.024293609894812107,9,BTCUSDT,15m,conditioned,quantile_3_rolling_60,high_vol,high_vol_0012,"log_return,abs_log_return,rolling_volatility_60,rolling_volatility_30,hl_range,volume_zscore,quote_volume,number_of_trades,taker_buy_base_volume,taker_buy_quote_volume,spread_proxy,open,high,low,close,volume,pct_return,rolling_volatility_240,absolute_return,squared_return,rolling_vol,range",48,168,0.65,5,0.2,True,success
locomotif.locomotif,5,0.06072246376425028,31,BTCUSDT,15m,conditioned,quantile_3_rolling_60,high_vol,high_vol_0013,"log_return,abs_log_return,rolling_volatility_60,rolling_volatility_30,hl_range,volume_zscore,quote_volume,number_of_trades,taker_buy_base_volume,taker_buy_quote_volume,spread_proxy,open,high,low,close,volume,pct_return,rolling_volatility_240,absolute_return,squared_return,rolling_vol,range",24,72,0.65,5,0.2,True,success
locomotif.locomotif,3,0.05435238592326641,12,BTCUSDT,15m,conditioned,quantile_3_rolling_60,high_vol,high_vol_0013,"log_return,abs_log_return,rolling_volatility_60,rolling_volatility_30,hl_range,volume_zscore,quote_volume,number_of_trades,taker_buy_base_volume,taker_buy_quote_volume,spread_proxy,open,high,low,close,volume,pct_return,rolling_volatility_240,absolute_return,squared_return,rolling_vol,range",48,168,0.65,5,0.2,True,success
locomotif.locomotif,5,0.03038096148520708,28,BTCUSDT,15m,conditioned,quantile_3_rolling_60,high_vol,high_vol_0014,"log_return,abs_log_return,rolling_volatility_60,rolling_volatility_30,hl_range,volume_zscore,quote_volume,number_of_trades,taker_buy_base_volume,taker_buy_quote_volume,spread_proxy,open,high,low,close,volume,pct_return,rolling_volatility_240,absolute_return,squared_return,rolling_vol,range",24,72,0.65,5,0.2,True,success
locomotif.locomotif,2,0.02654235903173685,9,BTCUSDT,15m,conditioned,quantile_3_rolling_60,high_vol,high_vol_0014,"log_return,abs_log_return,rolling_volatility_60,rolling_volatility_30,hl_range,volume_zscore,quote_volume,number_of_trades,taker_buy_base_volume,taker_buy_quote_volume,spread_proxy,open,high,low,close,volume,pct_return,rolling_volatility_240,absolute_return,squared_return,rolling_vol,range",48,168,0.65,5,0.2,True,success
locomotif.locomotif,5,0.03220768831670284,27,BTCUSDT,15m,conditioned,quantile_3_rolling_60,high_vol,high_vol_0015,"log_return,abs_log_return,rolling_volatility_60,rolling_volatility_30,hl_range,volume_zscore,quote_volume,number_of_trades,taker_buy_base_volume,taker_buy_quote_volume,spread_proxy,open,high,low,close,volume,pct_return,rolling_volatility_240,absolute_return,squared_return,rolling_vol,range",24,72,0.65,5,0.2,True,success
locomotif.locomotif,2,0.024782533757388592,12,BTCUSDT,15m,conditioned,quantile_3_rolling_60,high_vol,high_vol_0015,"log_return,abs_log_return,rolling_volatility_60,rolling_volatility_30,hl_range,volume_zscore,quote_volume,number_of_trades,taker_buy_base_volume,taker_buy_quote_volume,spread_proxy,open,high,low,close,volume,pct_return,rolling_volatility_240,absolute_return,squared_return,rolling_vol,range",48,168,0.65,5,0.2,True,success
locomotif.locomotif,3,0.034757631830871105,24,BTCUSDT,15m,conditioned,quantile_3_rolling_60,high_vol,high_vol_0016,"log_return,abs_log_return,rolling_volatility_60,rolling_volatility_30,hl_range,volume_zscore,quote_volume,number_of_trades,taker_buy_base_volume,taker_buy_quote_volume,spread_proxy,open,high,low,close,volume,pct_return,rolling_volatility_240,absolute_return,squared_return,rolling_vol,range",24,72,0.65,5,0.2,True,success
locomotif.locomotif,2,0.032586597837507725,13,BTCUSDT,15m,conditioned,quantile_3_rolling_60,high_vol,high_vol_0016,"log_return,abs_log_return,rolling_volatility_60,rolling_volatility_30,hl_range,volume_zscore,quote_volume,number_of_trades,taker_buy_base_volume,taker_buy_quote_volume,spread_proxy,open,high,low,close,volume,pct_return,rolling_volatility_240,absolute_return,squared_return,rolling_vol,range",48,168,0.65,5,0.2,True,success
locomotif.locomotif,4,0.049351987428963184,31,BTCUSDT,15m,conditioned,quantile_3_rolling_60,low_vol,low_vol_0017,"log_return,abs_log_return,rolling_volatility_60,rolling_volatility_30,hl_range,volume_zscore,quote_volume,number_of_trades,taker_buy_base_volume,taker_buy_quote_volume,spread_proxy,open,high,low,close,volume,pct_return,rolling_volatility_240,absolute_return,squared_return,rolling_vol,range",24,72,0.65,5,0.2,True,success
locomotif.locomotif,2,0.04319964535534382,11,BTCUSDT,15m,conditioned,quantile_3_rolling_60,low_vol,low_vol_0017,"log_return,abs_log_return,rolling_volatility_60,rolling_volatility_30,hl_range,volume_zscore,quote_volume,number_of_trades,taker_buy_base_volume,taker_buy_quote_volume,spread_proxy,open,high,low,close,volume,pct_return,rolling_volatility_240,absolute_return,squared_return,rolling_vol,range",48,168,0.65,5,0.2,True,success
locomotif.locomotif,5,0.39017437770962715,73,BTCUSDT,15m,conditioned,quantile_3_rolling_60,low_vol,low_vol_0018,"log_return,abs_log_return,rolling_volatility_60,rolling_volatility_30,hl_range,volume_zscore,quote_volume,number_of_trades,taker_buy_base_volume,taker_buy_quote_volume,spread_proxy,open,high,low,close,volume,pct_return,rolling_volatility_240,absolute_return,squared_return,rolling_vol,range",24,72,0.65,5,0.2,True,success
locomotif.locomotif,5,0.3801766065880656,34,BTCUSDT,15m,conditioned,quantile_3_rolling_60,low_vol,low_vol_0018,"log_return,abs_log_return,rolling_volatility_60,rolling_volatility_30,hl_range,volume_zscore,quote_volume,number_of_trades,taker_buy_base_volume,taker_buy_quote_volume,spread_proxy,open,high,low,close,volume,pct_return,rolling_volatility_240,absolute_return,squared_return,rolling_vol,range",48,168,0.65,5,0.2,True,success
locomotif.locomotif,4,0.02957530040293932,21,BTCUSDT,15m,conditioned,quantile_3_rolling_60,high_vol,high_vol_0019,"log_return,abs_log_return,rolling_volatility_60,rolling_volatility_30,hl_range,volume_zscore,quote_volume,number_of_trades,taker_buy_base_volume,taker_buy_quote_volume,spread_proxy,open,high,low,close,volume,pct_return,rolling_volatility_240,absolute_return,squared_return,rolling_vol,range",24,72,0.65,5,0.2,True,success
locomotif.locomotif,4,0.02535342238843441,15,BTCUSDT,15m,conditioned,quantile_3_rolling_60,high_vol,high_vol_0019,"log_return,abs_log_return,rolling_volatility_60,rolling_volatility_30,hl_range,volume_zscore,quote_volume,number_of_trades,taker_buy_base_volume,taker_buy_quote_volume,spread_proxy,open,high,low,close,volume,pct_return,rolling_volatility_240,absolute_return,squared_return,rolling_vol,range",48,168,0.65,5,0.2,True,success
locomotif.locomotif,5,0.025857210159301758,24,BTCUSDT,15m,conditioned,quantile_3_rolling_60,low_vol,low_vol_0020,"log_return,abs_log_return,rolling_volatility_60,rolling_volatility_30,hl_range,volume_zscore,quote_volume,number_of_trades,taker_buy_base_volume,taker_buy_quote_volume,spread_proxy,open,high,low,close,volume,pct_return,rolling_volatility_240,absolute_return,squared_return,rolling_vol,range",24,72,0.65,5,0.2,True,success
locomotif.locomotif,3,0.021594599820673466,10,BTCUSDT,15m,conditioned,quantile_3_rolling_60,low_vol,low_vol_0020,"log_return,abs_log_return,rolling_volatility_60,rolling_volatility_30,hl_range,volume_zscore,quote_volume,number_of_trades,taker_buy_base_volume,taker_buy_quote_volume,spread_proxy,open,high,low,close,volume,pct_return,rolling_volatility_240,absolute_return,squared_return,rolling_vol,range",48,168,0.65,5,0.2,True,success
locomotif.locomotif,5,0.058176285587251186,30,BTCUSDT,15m,conditioned,quantile_3_rolling_60,low_vol,low_vol_0021,"log_return,abs_log_return,rolling_volatility_60,rolling_volatility_30,hl_range,volume_zscore,quote_volume,number_of_trades,taker_buy_base_volume,taker_buy_quote_volume,spread_proxy,open,high,low,close,volume,pct_return,rolling_volatility_240,absolute_return,squared_return,rolling_vol,range",24,72,0.65,5,0.2,True,success
locomotif.locomotif,3,0.048745473846793175,14,BTCUSDT,15m,conditioned,quantile_3_rolling_60,low_vol,low_vol_0021,"log_return,abs_log_return,rolling_volatility_60,rolling_volatility_30,hl_range,volume_zscore,quote_volume,number_of_trades,taker_buy_base_volume,taker_buy_quote_volume,spread_proxy,open,high,low,close,volume,pct_return,rolling_volatility_240,absolute_return,squared_return,rolling_vol,range",48,168,0.65,5,0.2,True,success
locomotif.locomotif,5,0.1862806174904108,47,BTCUSDT,15m,conditioned,quantile_3_rolling_60,low_vol,low_vol_0022,"log_return,abs_log_return,rolling_volatility_60,rolling_volatility_30,hl_range,volume_zscore,quote_volume,number_of_trades,taker_buy_base_volume,taker_buy_quote_volume,spread_proxy,open,high,low,close,volume,pct_return,rolling_volatility_240,absolute_return,squared_return,rolling_vol,range",24,72,0.65,5,0.2,True,success
locomotif.locomotif,5,0.1697168005630374,23,BTCUSDT,15m,conditioned,quantile_3_rolling_60,low_vol,low_vol_0022,"log_return,abs_log_return,rolling_volatility_60,rolling_volatility_30,hl_range,volume_zscore,quote_volume,number_of_trades,taker_buy_base_volume,taker_buy_quote_volume,spread_proxy,open,high,low,close,volume,pct_return,rolling_volatility_240,absolute_return,squared_return,rolling_vol,range",48,168,0.65,5,0.2,True,success
locomotif.locomotif,5,0.03366293665021658,23,BTCUSDT,15m,conditioned,quantile_3_rolling_60,low_vol,low_vol_0023,"log_return,abs_log_return,rolling_volatility_60,rolling_volatility_30,hl_range,volume_zscore,quote_volume,number_of_trades,taker_buy_base_volume,taker_buy_quote_volume,spread_proxy,open,high,low,close,volume,pct_return,rolling_volatility_240,absolute_return,squared_return,rolling_vol,range",24,72,0.65,5,0.2,True,success
locomotif.locomotif,3,0.031211091205477715,12,BTCUSDT,15m,conditioned,quantile_3_rolling_60,low_vol,low_vol_0023,"log_return,abs_log_return,rolling_volatility_60,rolling_volatility_30,hl_range,volume_zscore,quote_volume,number_of_trades,taker_buy_base_volume,taker_buy_quote_volume,spread_proxy,open,high,low,close,volume,pct_return,rolling_volatility_240,absolute_return,squared_return,rolling_vol,range",48,168,0.65,5,0.2,True,success
locomotif.locomotif,5,0.04634211026132107,31,BTCUSDT,15m,conditioned,quantile_3_rolling_60,low_vol,low_vol_0024,"log_return,abs_log_return,rolling_volatility_60,rolling_volatility_30,hl_range,volume_zscore,quote_volume,number_of_trades,taker_buy_base_volume,taker_buy_quote_volume,spread_proxy,open,high,low,close,volume,pct_return,rolling_volatility_240,absolute_return,squared_return,rolling_vol,range",24,72,0.65,5,0.2,True,success
locomotif.locomotif,2,0.04017200320959091,14,BTCUSDT,15m,conditioned,quantile_3_rolling_60,low_vol,low_vol_0024,"log_return,abs_log_return,rolling_volatility_60,rolling_volatility_30,hl_range,volume_zscore,quote_volume,number_of_trades,taker_buy_base_volume,taker_buy_quote_volume,spread_proxy,open,high,low,close,volume,pct_return,rolling_volatility_240,absolute_return,squared_return,rolling_vol,range",48,168,0.65,5,0.2,True,success
locomotif.locomotif,5,0.2252396671101451,45,BTCUSDT,15m,conditioned,quantile_3_rolling_60,low_vol,low_vol_0025,"log_return,abs_log_return,rolling_volatility_60,rolling_volatility_30,hl_range,volume_zscore,quote_volume,number_of_trades,taker_buy_base_volume,taker_buy_quote_volume,spread_proxy,open,high,low,close,volume,pct_return,rolling_volatility_240,absolute_return,squared_return,rolling_vol,range",24,72,0.65,5,0.2,True,success
locomotif.locomotif,5,0.20832656603306532,30,BTCUSDT,15m,conditioned,quantile_3_rolling_60,low_vol,low_vol_0025,"log_return,abs_log_return,rolling_volatility_60,rolling_volatility_30,hl_range,volume_zscore,quote_volume,number_of_trades,taker_buy_base_volume,taker_buy_quote_volume,spread_proxy,open,high,low,close,volume,pct_return,rolling_volatility_240,absolute_return,squared_return,rolling_vol,range",48,168,0.65,5,0.2,True,success
locomotif.locomotif,5,0.03595204837620258,28,BTCUSDT,15m,conditioned,quantile_3_rolling_60,low_vol,low_vol_0026,"log_return,abs_log_return,rolling_volatility_60,rolling_volatility_30,hl_range,volume_zscore,quote_volume,number_of_trades,taker_buy_base_volume,taker_buy_quote_volume,spread_proxy,open,high,low,close,volume,pct_return,rolling_volatility_240,absolute_return,squared_return,rolling_vol,range",24,72,0.65,5,0.2,True,success
locomotif.locomotif,3,0.03130804654210806,14,BTCUSDT,15m,conditioned,quantile_3_rolling_60,low_vol,low_vol_0026,"log_return,abs_log_return,rolling_volatility_60,rolling_volatility_30,hl_range,volume_zscore,quote_volume,number_of_trades,taker_buy_base_volume,taker_buy_quote_volume,spread_proxy,open,high,low,close,volume,pct_return,rolling_volatility_240,absolute_return,squared_return,rolling_vol,range",48,168,0.65,5,0.2,True,success
locomotif.locomotif,5,0.07908235117793083,29,BTCUSDT,15m,conditioned,quantile_3_rolling_60,low_vol,low_vol_0027,"log_return,abs_log_return,rolling_volatility_60,rolling_volatility_30,hl_range,volume_zscore,quote_volume,number_of_trades,taker_buy_base_volume,taker_buy_quote_volume,spread_proxy,open,high,low,close,volume,pct_return,rolling_volatility_240,absolute_return,squared_return,rolling_vol,range",24,72,0.65,5,0.2,True,success
locomotif.locomotif,3,0.07279729004949331,14,BTCUSDT,15m,conditioned,quantile_3_rolling_60,low_vol,low_vol_0027,"log_return,abs_log_return,rolling_volatility_60,rolling_volatility_30,hl_range,volume_zscore,quote_volume,number_of_trades,taker_buy_base_volume,taker_buy_quote_volume,spread_proxy,open,high,low,close,volume,pct_return,rolling_volatility_240,absolute_return,squared_return,rolling_vol,range",48,168,0.65,5,0.2,True,success
locomotif.locomotif,5,0.13990074954926968,43,BTCUSDT,15m,conditioned,quantile_3_rolling_60,low_vol,low_vol_0028,"log_return,abs_log_return,rolling_volatility_60,rolling_volatility_30,hl_range,volume_zscore,quote_volume,number_of_trades,taker_buy_base_volume,taker_buy_quote_volume,spread_proxy,open,high,low,close,volume,pct_return,rolling_volatility_240,absolute_return,squared_return,rolling_vol,range",24,72,0.65,5,0.2,True,success
locomotif.locomotif,3,0.13136480376124382,20,BTCUSDT,15m,conditioned,quantile_3_rolling_60,low_vol,low_vol_0028,"log_return,abs_log_return,rolling_volatility_60,rolling_volatility_30,hl_range,volume_zscore,quote_volume,number_of_trades,taker_buy_base_volume,taker_buy_quote_volume,spread_proxy,open,high,low,close,volume,pct_return,rolling_volatility_240,absolute_return,squared_return,rolling_vol,range",48,168,0.65,5,0.2,True,success
locomotif.locomotif,5,0.05031806882470846,30,BTCUSDT,15m,conditioned,quantile_3_rolling_60,low_vol,low_vol_0029,"log_return,abs_log_return,rolling_volatility_60,rolling_volatility_30,hl_range,volume_zscore,quote_volume,number_of_trades,taker_buy_base_volume,taker_buy_quote_volume,spread_proxy,open,high,low,close,volume,pct_return,rolling_volatility_240,absolute_return,squared_return,rolling_vol,range",24,72,0.65,5,0.2,True,success
locomotif.locomotif,2,0.04157641623169184,13,BTCUSDT,15m,conditioned,quantile_3_rolling_60,low_vol,low_vol_0029,"log_return,abs_log_return,rolling_volatility_60,rolling_volatility_30,hl_range,volume_zscore,quote_volume,number_of_trades,taker_buy_base_volume,taker_buy_quote_volume,spread_proxy,open,high,low,close,volume,pct_return,rolling_volatility_240,absolute_return,squared_return,rolling_vol,range",48,168,0.65,5,0.2,True,success
locomotif.locomotif,5,0.13924616482108831,47,BTCUSDT,15m,conditioned,quantile_4_rolling_240,extreme_vol,extreme_vol_0001,"log_return,abs_log_return,rolling_volatility_60,rolling_volatility_30,hl_range,volume_zscore,quote_volume,number_of_trades,taker_buy_base_volume,taker_buy_quote_volume,spread_proxy,open,high,low,close,volume,pct_return,rolling_volatility_240,absolute_return,squared_return,rolling_vol,range",24,72,0.65,5,0.2,True,success
locomotif.locomotif,3,0.1290261084213853,14,BTCUSDT,15m,conditioned,quantile_4_rolling_240,extreme_vol,extreme_vol_0001,"log_return,abs_log_return,rolling_volatility_60,rolling_volatility_30,hl_range,volume_zscore,quote_volume,number_of_trades,taker_buy_base_volume,taker_buy_quote_volume,spread_proxy,open,high,low,close,volume,pct_return,rolling_volatility_240,absolute_return,squared_return,rolling_vol,range",48,168,0.65,5,0.2,True,success
locomotif.locomotif,5,0.11157164257019758,43,BTCUSDT,15m,conditioned,quantile_4_rolling_240,low_vol,low_vol_0002,"log_return,abs_log_return,rolling_volatility_60,rolling_volatility_30,hl_range,volume_zscore,quote_volume,number_of_trades,taker_buy_base_volume,taker_buy_quote_volume,spread_proxy,open,high,low,close,volume,pct_return,rolling_volatility_240,absolute_return,squared_return,rolling_vol,range",24,72,0.65,5,0.2,True,success
locomotif.locomotif,4,0.1044191587716341,24,BTCUSDT,15m,conditioned,quantile_4_rolling_240,low_vol,low_vol_0002,"log_return,abs_log_return,rolling_volatility_60,rolling_volatility_30,hl_range,volume_zscore,quote_volume,number_of_trades,taker_buy_base_volume,taker_buy_quote_volume,spread_proxy,open,high,low,close,volume,pct_return,rolling_volatility_240,absolute_return,squared_return,rolling_vol,range",48,168,0.65,5,0.2,True,success
locomotif.locomotif,5,0.36441644839942455,77,BTCUSDT,15m,conditioned,quantile_4_rolling_240,extreme_vol,extreme_vol_0003,"log_return,abs_log_return,rolling_volatility_60,rolling_volatility_30,hl_range,volume_zscore,quote_volume,number_of_trades,taker_buy_base_volume,taker_buy_quote_volume,spread_proxy,open,high,low,close,volume,pct_return,rolling_volatility_240,absolute_return,squared_return,rolling_vol,range",24,72,0.65,5,0.2,True,success
locomotif.locomotif,5,0.3552101356908679,31,BTCUSDT,15m,conditioned,quantile_4_rolling_240,extreme_vol,extreme_vol_0003,"log_return,abs_log_return,rolling_volatility_60,rolling_volatility_30,hl_range,volume_zscore,quote_volume,number_of_trades,taker_buy_base_volume,taker_buy_quote_volume,spread_proxy,open,high,low,close,volume,pct_return,rolling_volatility_240,absolute_return,squared_return,rolling_vol,range",48,168,0.65,5,0.2,True,success
locomotif.locomotif,4,0.03377603553235531,22,BTCUSDT,15m,conditioned,quantile_4_rolling_240,extreme_vol,extreme_vol_0004,"log_return,abs_log_return,rolling_volatility_60,rolling_volatility_30,hl_range,volume_zscore,quote_volume,number_of_trades,taker_buy_base_volume,taker_buy_quote_volume,spread_proxy,open,high,low,close,volume,pct_return,rolling_volatility_240,absolute_return,squared_return,rolling_vol,range",24,72,0.65,5,0.2,True,success
locomotif.locomotif,2,0.028405141085386276,10,BTCUSDT,15m,conditioned,quantile_4_rolling_240,extreme_vol,extreme_vol_0004,"log_return,abs_log_return,rolling_volatility_60,rolling_volatility_30,hl_range,volume_zscore,quote_volume,number_of_trades,taker_buy_base_volume,taker_buy_quote_volume,spread_proxy,open,high,low,close,volume,pct_return,rolling_volatility_240,absolute_return,squared_return,rolling_vol,range",48,168,0.65,5,0.2,True,success
locomotif.locomotif,3,0.04378546681255102,24,BTCUSDT,15m,conditioned,quantile_4_rolling_240,extreme_vol,extreme_vol_0005,"log_return,abs_log_return,rolling_volatility_60,rolling_volatility_30,hl_range,volume_zscore,quote_volume,number_of_trades,taker_buy_base_volume,taker_buy_quote_volume,spread_proxy,open,high,low,close,volume,pct_return,rolling_volatility_240,absolute_return,squared_return,rolling_vol,range",24,72,0.65,5,0.2,True,success
locomotif.locomotif,2,0.037322890013456345,9,BTCUSDT,15m,conditioned,quantile_4_rolling_240,extreme_vol,extreme_vol_0005,"log_return,abs_log_return,rolling_volatility_60,rolling_volatility_30,hl_range,volume_zscore,quote_volume,number_of_trades,taker_buy_base_volume,taker_buy_quote_volume,spread_proxy,open,high,low,close,volume,pct_return,rolling_volatility_240,absolute_return,squared_return,rolling_vol,range",48,168,0.65,5,0.2,True,success
locomotif.locomotif,5,0.12881373800337315,42,BTCUSDT,15m,conditioned,quantile_4_rolling_240,extreme_vol,extreme_vol_0006,"log_return,abs_log_return,rolling_volatility_60,rolling_volatility_30,hl_range,volume_zscore,quote_volume,number_of_trades,taker_buy_base_volume,taker_buy_quote_volume,spread_proxy,open,high,low,close,volume,pct_return,rolling_volatility_240,absolute_return,squared_return,rolling_vol,range",24,72,0.65,5,0.2,True,success
locomotif.locomotif,4,0.11811411008238792,25,BTCUSDT,15m,conditioned,quantile_4_rolling_240,extreme_vol,extreme_vol_0006,"log_return,abs_log_return,rolling_volatility_60,rolling_volatility_30,hl_range,volume_zscore,quote_volume,number_of_trades,taker_buy_base_volume,taker_buy_quote_volume,spread_proxy,open,high,low,close,volume,pct_return,rolling_volatility_240,absolute_return,squared_return,rolling_vol,range",48,168,0.65,5,0.2,True,success
locomotif.locomotif,5,0.02778291516005993,22,BTCUSDT,15m,conditioned,quantile_4_rolling_240,extreme_vol,extreme_vol_0007,"log_return,abs_log_return,rolling_volatility_60,rolling_volatility_30,hl_range,volume_zscore,quote_volume,number_of_trades,taker_buy_base_volume,taker_buy_quote_volume,spread_proxy,open,high,low,close,volume,pct_return,rolling_volatility_240,absolute_return,squared_return,rolling_vol,range",24,72,0.65,5,0.2,True,success
locomotif.locomotif,3,0.02294441033154726,11,BTCUSDT,15m,conditioned,quantile_4_rolling_240,extreme_vol,extreme_vol_0007,"log_return,abs_log_return,rolling_volatility_60,rolling_volatility_30,hl_range,volume_zscore,quote_volume,number_of_trades,taker_buy_base_volume,taker_buy_quote_volume,spread_proxy,open,high,low,close,volume,pct_return,rolling_volatility_240,absolute_return,squared_return,rolling_vol,range",48,168,0.65,5,0.2,True,success
locomotif.locomotif,5,0.34818123560398817,65,BTCUSDT,15m,conditioned,quantile_4_rolling_240,extreme_vol,extreme_vol_0008,"log_return,abs_log_return,rolling_volatility_60,rolling_volatility_30,hl_range,volume_zscore,quote_volume,number_of_trades,taker_buy_base_volume,taker_buy_quote_volume,spread_proxy,open,high,low,close,volume,pct_return,rolling_volatility_240,absolute_return,squared_return,rolling_vol,range",24,72,0.65,5,0.2,True,success
locomotif.locomotif,5,0.3297074483707547,33,BTCUSDT,15m,conditioned,quantile_4_rolling_240,extreme_vol,extreme_vol_0008,"log_return,abs_log_return,rolling_volatility_60,rolling_volatility_30,hl_range,volume_zscore,quote_volume,number_of_trades,taker_buy_base_volume,taker_buy_quote_volume,spread_proxy,open,high,low,close,volume,pct_return,rolling_volatility_240,absolute_return,squared_return,rolling_vol,range",48,168,0.65,5,0.2,True,success
locomotif.locomotif,5,0.09113796800374985,37,BTCUSDT,15m,conditioned,quantile_4_rolling_240,extreme_vol,extreme_vol_0009,"log_return,abs_log_return,rolling_volatility_60,rolling_volatility_30,hl_range,volume_zscore,quote_volume,number_of_trades,taker_buy_base_volume,taker_buy_quote_volume,spread_proxy,open,high,low,close,volume,pct_return,rolling_volatility_240,absolute_return,squared_return,rolling_vol,range",24,72,0.65,5,0.2,True,success
locomotif.locomotif,4,0.07785216066986322,19,BTCUSDT,15m,conditioned,quantile_4_rolling_240,extreme_vol,extreme_vol_0009,"log_return,abs_log_return,rolling_volatility_60,rolling_volatility_30,hl_range,volume_zscore,quote_volume,number_of_trades,taker_buy_base_volume,taker_buy_quote_volume,spread_proxy,open,high,low,close,volume,pct_return,rolling_volatility_240,absolute_return,squared_return,rolling_vol,range",48,168,0.65,5,0.2,True,success
locomotif.locomotif,5,0.022802975960075855,24,BTCUSDT,15m,conditioned,quantile_4_rolling_240,extreme_vol,extreme_vol_0010,"log_return,abs_log_return,rolling_volatility_60,rolling_volatility_30,hl_range,volume_zscore,quote_volume,number_of_trades,taker_buy_base_volume,taker_buy_quote_volume,spread_proxy,open,high,low,close,volume,pct_return,rolling_volatility_240,absolute_return,squared_return,rolling_vol,range",24,72,0.65,5,0.2,True,success
locomotif.locomotif,3,0.019171686843037605,11,BTCUSDT,15m,conditioned,quantile_4_rolling_240,extreme_vol,extreme_vol_0010,"log_return,abs_log_return,rolling_volatility_60,rolling_volatility_30,hl_range,volume_zscore,quote_volume,number_of_trades,taker_buy_base_volume,taker_buy_quote_volume,spread_proxy,open,high,low,close,volume,pct_return,rolling_volatility_240,absolute_return,squared_return,rolling_vol,range",48,168,0.65,5,0.2,True,success
locomotif.locomotif,2,0.028234142810106277,20,BTCUSDT,15m,conditioned,quantile_4_rolling_240,extreme_vol,extreme_vol_0011,"log_return,abs_log_return,rolling_volatility_60,rolling_volatility_30,hl_range,volume_zscore,quote_volume,number_of_trades,taker_buy_base_volume,taker_buy_quote_volume,spread_proxy,open,high,low,close,volume,pct_return,rolling_volatility_240,absolute_return,squared_return,rolling_vol,range",24,72,0.65,5,0.2,True,success
locomotif.locomotif,2,0.027310125529766083,10,BTCUSDT,15m,conditioned,quantile_4_rolling_240,extreme_vol,extreme_vol_0011,"log_return,abs_log_return,rolling_volatility_60,rolling_volatility_30,hl_range,volume_zscore,quote_volume,number_of_trades,taker_buy_base_volume,taker_buy_quote_volume,spread_proxy,open,high,low,close,volume,pct_return,rolling_volatility_240,absolute_return,squared_return,rolling_vol,range",48,168,0.65,5,0.2,True,success
locomotif.locomotif,5,0.3974505690857768,75,BTCUSDT,15m,conditioned,quantile_4_rolling_240,low_vol,low_vol_0012,"log_return,abs_log_return,rolling_volatility_60,rolling_volatility_30,hl_range,volume_zscore,quote_volume,number_of_trades,taker_buy_base_volume,taker_buy_quote_volume,spread_proxy,open,high,low,close,volume,pct_return,rolling_volatility_240,absolute_return,squared_return,rolling_vol,range",24,72,0.65,5,0.2,True,success
locomotif.locomotif,5,0.3880944810807705,34,BTCUSDT,15m,conditioned,quantile_4_rolling_240,low_vol,low_vol_0012,"log_return,abs_log_return,rolling_volatility_60,rolling_volatility_30,hl_range,volume_zscore,quote_volume,number_of_trades,taker_buy_base_volume,taker_buy_quote_volume,spread_proxy,open,high,low,close,volume,pct_return,rolling_volatility_240,absolute_return,squared_return,rolling_vol,range",48,168,0.65,5,0.2,True,success
locomotif.locomotif,5,0.060970637015998363,33,BTCUSDT,15m,conditioned,quantile_4_rolling_240,low_vol,low_vol_0013,"log_return,abs_log_return,rolling_volatility_60,rolling_volatility_30,hl_range,volume_zscore,quote_volume,number_of_trades,taker_buy_base_volume,taker_buy_quote_volume,spread_proxy,open,high,low,close,volume,pct_return,rolling_volatility_240,absolute_return,squared_return,rolling_vol,range",24,72,0.65,5,0.2,True,success
locomotif.locomotif,4,0.051092623732984066,17,BTCUSDT,15m,conditioned,quantile_4_rolling_240,low_vol,low_vol_0013,"log_return,abs_log_return,rolling_volatility_60,rolling_volatility_30,hl_range,volume_zscore,quote_volume,number_of_trades,taker_buy_base_volume,taker_buy_quote_volume,spread_proxy,open,high,low,close,volume,pct_return,rolling_volatility_240,absolute_return,squared_return,rolling_vol,range",48,168,0.65,5,0.2,True,success
locomotif.locomotif,5,0.033228132873773575,29,BTCUSDT,15m,conditioned,quantile_4_rolling_240,low_vol,low_vol_0014,"log_return,abs_log_return,rolling_volatility_60,rolling_volatility_30,hl_range,volume_zscore,quote_volume,number_of_trades,taker_buy_base_volume,taker_buy_quote_volume,spread_proxy,open,high,low,close,volume,pct_return,rolling_volatility_240,absolute_return,squared_return,rolling_vol,range",24,72,0.65,5,0.2,True,success
locomotif.locomotif,2,0.02981740515679121,11,BTCUSDT,15m,conditioned,quantile_4_rolling_240,low_vol,low_vol_0014,"log_return,abs_log_return,rolling_volatility_60,rolling_volatility_30,hl_range,volume_zscore,quote_volume,number_of_trades,taker_buy_base_volume,taker_buy_quote_volume,spread_proxy,open,high,low,close,volume,pct_return,rolling_volatility_240,absolute_return,squared_return,rolling_vol,range",48,168,0.65,5,0.2,True,success
locomotif.locomotif,5,0.03602613974362612,27,BTCUSDT,15m,conditioned,quantile_4_rolling_240,low_vol,low_vol_0015,"log_return,abs_log_return,rolling_volatility_60,rolling_volatility_30,hl_range,volume_zscore,quote_volume,number_of_trades,taker_buy_base_volume,taker_buy_quote_volume,spread_proxy,open,high,low,close,volume,pct_return,rolling_volatility_240,absolute_return,squared_return,rolling_vol,range",24,72,0.65,5,0.2,True,success
locomotif.locomotif,2,0.03159214183688164,13,BTCUSDT,15m,conditioned,quantile_4_rolling_240,low_vol,low_vol_0015,"log_return,abs_log_return,rolling_volatility_60,rolling_volatility_30,hl_range,volume_zscore,quote_volume,number_of_trades,taker_buy_base_volume,taker_buy_quote_volume,spread_proxy,open,high,low,close,volume,pct_return,rolling_volatility_240,absolute_return,squared_return,rolling_vol,range",48,168,0.65,5,0.2,True,success
locomotif.locomotif,5,0.03578284475952387,25,BTCUSDT,15m,conditioned,quantile_4_rolling_240,low_vol,low_vol_0016,"log_return,abs_log_return,rolling_volatility_60,rolling_volatility_30,hl_range,volume_zscore,quote_volume,number_of_trades,taker_buy_base_volume,taker_buy_quote_volume,spread_proxy,open,high,low,close,volume,pct_return,rolling_volatility_240,absolute_return,squared_return,rolling_vol,range",24,72,0.65,5,0.2,True,success
locomotif.locomotif,3,0.03106702398508787,13,BTCUSDT,15m,conditioned,quantile_4_rolling_240,low_vol,low_vol_0016,"log_return,abs_log_return,rolling_volatility_60,rolling_volatility_30,hl_range,volume_zscore,quote_volume,number_of_trades,taker_buy_base_volume,taker_buy_quote_volume,spread_proxy,open,high,low,close,volume,pct_return,rolling_volatility_240,absolute_return,squared_return,rolling_vol,range",48,168,0.65,5,0.2,True,success
locomotif.locomotif,4,0.03164914809167385,25,BTCUSDT,15m,conditioned,quantile_4_rolling_240,low_vol,low_vol_0017,"log_return,abs_log_return,rolling_volatility_60,rolling_volatility_30,hl_range,volume_zscore,quote_volume,number_of_trades,taker_buy_base_volume,taker_buy_quote_volume,spread_proxy,open,high,low,close,volume,pct_return,rolling_volatility_240,absolute_return,squared_return,rolling_vol,range",24,72,0.65,5,0.2,True,success
locomotif.locomotif,2,0.027335663326084614,10,BTCUSDT,15m,conditioned,quantile_4_rolling_240,low_vol,low_vol_0017,"log_return,abs_log_return,rolling_volatility_60,rolling_volatility_30,hl_range,volume_zscore,quote_volume,number_of_trades,taker_buy_base_volume,taker_buy_quote_volume,spread_proxy,open,high,low,close,volume,pct_return,rolling_volatility_240,absolute_return,squared_return,rolling_vol,range",48,168,0.65,5,0.2,True,success
locomotif.locomotif,5,0.14318726118654013,47,BTCUSDT,15m,conditioned,quantile_4_rolling_30,extreme_vol,extreme_vol_0001,"log_return,abs_log_return,rolling_volatility_60,rolling_volatility_30,hl_range,volume_zscore,quote_volume,number_of_trades,taker_buy_base_volume,taker_buy_quote_volume,spread_proxy,open,high,low,close,volume,pct_return,rolling_volatility_240,absolute_return,squared_return,rolling_vol,range",24,72,0.65,5,0.2,True,success
locomotif.locomotif,3,0.12977827899158,14,BTCUSDT,15m,conditioned,quantile_4_rolling_30,extreme_vol,extreme_vol_0001,"log_return,abs_log_return,rolling_volatility_60,rolling_volatility_30,hl_range,volume_zscore,quote_volume,number_of_trades,taker_buy_base_volume,taker_buy_quote_volume,spread_proxy,open,high,low,close,volume,pct_return,rolling_volatility_240,absolute_return,squared_return,rolling_vol,range",48,168,0.65,5,0.2,True,success
locomotif.locomotif,5,0.11221090331673622,43,BTCUSDT,15m,conditioned,quantile_4_rolling_30,low_vol,low_vol_0002,"log_return,abs_log_return,rolling_volatility_60,rolling_volatility_30,hl_range,volume_zscore,quote_volume,number_of_trades,taker_buy_base_volume,taker_buy_quote_volume,spread_proxy,open,high,low,close,volume,pct_return,rolling_volatility_240,absolute_return,squared_return,rolling_vol,range",24,72,0.65,5,0.2,True,success
locomotif.locomotif,4,0.10395612195134163,24,BTCUSDT,15m,conditioned,quantile_4_rolling_30,low_vol,low_vol_0002,"log_return,abs_log_return,rolling_volatility_60,rolling_volatility_30,hl_range,volume_zscore,quote_volume,number_of_trades,taker_buy_base_volume,taker_buy_quote_volume,spread_proxy,open,high,low,close,volume,pct_return,rolling_volatility_240,absolute_return,squared_return,rolling_vol,range",48,168,0.65,5,0.2,True,success
locomotif.locomotif,5,0.36533863469958305,77,BTCUSDT,15m,conditioned,quantile_4_rolling_30,extreme_vol,extreme_vol_0003,"log_return,abs_log_return,rolling_volatility_60,rolling_volatility_30,hl_range,volume_zscore,quote_volume,number_of_trades,taker_buy_base_volume,taker_buy_quote_volume,spread_proxy,open,high,low,close,volume,pct_return,rolling_volatility_240,absolute_return,squared_return,rolling_vol,range",24,72,0.65,5,0.2,True,success
locomotif.locomotif,5,0.3524211924523115,31,BTCUSDT,15m,conditioned,quantile_4_rolling_30,extreme_vol,extreme_vol_0003,"log_return,abs_log_return,rolling_volatility_60,rolling_volatility_30,hl_range,volume_zscore,quote_volume,number_of_trades,taker_buy_base_volume,taker_buy_quote_volume,spread_proxy,open,high,low,close,volume,pct_return,rolling_volatility_240,absolute_return,squared_return,rolling_vol,range",48,168,0.65,5,0.2,True,success
locomotif.locomotif,4,0.03407038003206253,22,BTCUSDT,15m,conditioned,quantile_4_rolling_30,extreme_vol,extreme_vol_0004,"log_return,abs_log_return,rolling_volatility_60,rolling_volatility_30,hl_range,volume_zscore,quote_volume,number_of_trades,taker_buy_base_volume,taker_buy_quote_volume,spread_proxy,open,high,low,close,volume,pct_return,rolling_volatility_240,absolute_return,squared_return,rolling_vol,range",24,72,0.65,5,0.2,True,success
locomotif.locomotif,2,0.028391689993441105,10,BTCUSDT,15m,conditioned,quantile_4_rolling_30,extreme_vol,extreme_vol_0004,"log_return,abs_log_return,rolling_volatility_60,rolling_volatility_30,hl_range,volume_zscore,quote_volume,number_of_trades,taker_buy_base_volume,taker_buy_quote_volume,spread_proxy,open,high,low,close,volume,pct_return,rolling_volatility_240,absolute_return,squared_return,rolling_vol,range",48,168,0.65,5,0.2,True,success
locomotif.locomotif,3,0.04360577743500471,24,BTCUSDT,15m,conditioned,quantile_4_rolling_30,extreme_vol,extreme_vol_0005,"log_return,abs_log_return,rolling_volatility_60,rolling_volatility_30,hl_range,volume_zscore,quote_volume,number_of_trades,taker_buy_base_volume,taker_buy_quote_volume,spread_proxy,open,high,low,close,volume,pct_return,rolling_volatility_240,absolute_return,squared_return,rolling_vol,range",24,72,0.65,5,0.2,True,success
locomotif.locomotif,2,0.037576901726424694,9,BTCUSDT,15m,conditioned,quantile_4_rolling_30,extreme_vol,extreme_vol_0005,"log_return,abs_log_return,rolling_volatility_60,rolling_volatility_30,hl_range,volume_zscore,quote_volume,number_of_trades,taker_buy_base_volume,taker_buy_quote_volume,spread_proxy,open,high,low,close,volume,pct_return,rolling_volatility_240,absolute_return,squared_return,rolling_vol,range",48,168,0.65,5,0.2,True,success
locomotif.locomotif,5,0.12919487059116364,42,BTCUSDT,15m,conditioned,quantile_4_rolling_30,extreme_vol,extreme_vol_0006,"log_return,abs_log_return,rolling_volatility_60,rolling_volatility_30,hl_range,volume_zscore,quote_volume,number_of_trades,taker_buy_base_volume,taker_buy_quote_volume,spread_proxy,open,high,low,close,volume,pct_return,rolling_volatility_240,absolute_return,squared_return,rolling_vol,range",24,72,0.65,5,0.2,True,success
locomotif.locomotif,4,0.11892739217728376,25,BTCUSDT,15m,conditioned,quantile_4_rolling_30,extreme_vol,extreme_vol_0006,"log_return,abs_log_return,rolling_volatility_60,rolling_volatility_30,hl_range,volume_zscore,quote_volume,number_of_trades,taker_buy_base_volume,taker_buy_quote_volume,spread_proxy,open,high,low,close,volume,pct_return,rolling_volatility_240,absolute_return,squared_return,rolling_vol,range",48,168,0.65,5,0.2,True,success
locomotif.locomotif,5,0.02767888829112053,22,BTCUSDT,15m,conditioned,quantile_4_rolling_30,extreme_vol,extreme_vol_0007,"log_return,abs_log_return,rolling_volatility_60,rolling_volatility_30,hl_range,volume_zscore,quote_volume,number_of_trades,taker_buy_base_volume,taker_buy_quote_volume,spread_proxy,open,high,low,close,volume,pct_return,rolling_volatility_240,absolute_return,squared_return,rolling_vol,range",24,72,0.65,5,0.2,True,success
locomotif.locomotif,3,0.023080785758793354,11,BTCUSDT,15m,conditioned,quantile_4_rolling_30,extreme_vol,extreme_vol_0007,"log_return,abs_log_return,rolling_volatility_60,rolling_volatility_30,hl_range,volume_zscore,quote_volume,number_of_trades,taker_buy_base_volume,taker_buy_quote_volume,spread_proxy,open,high,low,close,volume,pct_return,rolling_volatility_240,absolute_return,squared_return,rolling_vol,range",48,168,0.65,5,0.2,True,success
locomotif.locomotif,5,0.35043236147612333,65,BTCUSDT,15m,conditioned,quantile_4_rolling_30,extreme_vol,extreme_vol_0008,"log_return,abs_log_return,rolling_volatility_60,rolling_volatility_30,hl_range,volume_zscore,quote_volume,number_of_trades,taker_buy_base_volume,taker_buy_quote_volume,spread_proxy,open,high,low,close,volume,pct_return,rolling_volatility_240,absolute_return,squared_return,rolling_vol,range",24,72,0.65,5,0.2,True,success
locomotif.locomotif,5,0.33032836206257343,33,BTCUSDT,15m,conditioned,quantile_4_rolling_30,extreme_vol,extreme_vol_0008,"log_return,abs_log_return,rolling_volatility_60,rolling_volatility_30,hl_range,volume_zscore,quote_volume,number_of_trades,taker_buy_base_volume,taker_buy_quote_volume,spread_proxy,open,high,low,close,volume,pct_return,rolling_volatility_240,absolute_return,squared_return,rolling_vol,range",48,168,0.65,5,0.2,True,success
locomotif.locomotif,5,0.09178656339645386,37,BTCUSDT,15m,conditioned,quantile_4_rolling_30,extreme_vol,extreme_vol_0009,"log_return,abs_log_return,rolling_volatility_60,rolling_volatility_30,hl_range,volume_zscore,quote_volume,number_of_trades,taker_buy_base_volume,taker_buy_quote_volume,spread_proxy,open,high,low,close,volume,pct_return,rolling_volatility_240,absolute_return,squared_return,rolling_vol,range",24,72,0.65,5,0.2,True,success
locomotif.locomotif,4,0.07818782515823841,19,BTCUSDT,15m,conditioned,quantile_4_rolling_30,extreme_vol,extreme_vol_0009,"log_return,abs_log_return,rolling_volatility_60,rolling_volatility_30,hl_range,volume_zscore,quote_volume,number_of_trades,taker_buy_base_volume,taker_buy_quote_volume,spread_proxy,open,high,low,close,volume,pct_return,rolling_volatility_240,absolute_return,squared_return,rolling_vol,range",48,168,0.65,5,0.2,True,success
locomotif.locomotif,5,0.022669496946036816,24,BTCUSDT,15m,conditioned,quantile_4_rolling_30,extreme_vol,extreme_vol_0010,"log_return,abs_log_return,rolling_volatility_60,rolling_volatility_30,hl_range,volume_zscore,quote_volume,number_of_trades,taker_buy_base_volume,taker_buy_quote_volume,spread_proxy,open,high,low,close,volume,pct_return,rolling_volatility_240,absolute_return,squared_return,rolling_vol,range",24,72,0.65,5,0.2,True,success
locomotif.locomotif,3,0.019079750403761864,11,BTCUSDT,15m,conditioned,quantile_4_rolling_30,extreme_vol,extreme_vol_0010,"log_return,abs_log_return,rolling_volatility_60,rolling_volatility_30,hl_range,volume_zscore,quote_volume,number_of_trades,taker_buy_base_volume,taker_buy_quote_volume,spread_proxy,open,high,low,close,volume,pct_return,rolling_volatility_240,absolute_return,squared_return,rolling_vol,range",48,168,0.65,5,0.2,True,success
locomotif.locomotif,2,0.028194324113428593,20,BTCUSDT,15m,conditioned,quantile_4_rolling_30,extreme_vol,extreme_vol_0011,"log_return,abs_log_return,rolling_volatility_60,rolling_volatility_30,hl_range,volume_zscore,quote_volume,number_of_trades,taker_buy_base_volume,taker_buy_quote_volume,spread_proxy,open,high,low,close,volume,pct_return,rolling_volatility_240,absolute_return,squared_return,rolling_vol,range",24,72,0.65,5,0.2,True,success
locomotif.locomotif,2,0.02719142660498619,10,BTCUSDT,15m,conditioned,quantile_4_rolling_30,extreme_vol,extreme_vol_0011,"log_return,abs_log_return,rolling_volatility_60,rolling_volatility_30,hl_range,volume_zscore,quote_volume,number_of_trades,taker_buy_base_volume,taker_buy_quote_volume,spread_proxy,open,high,low,close,volume,pct_return,rolling_volatility_240,absolute_return,squared_return,rolling_vol,range",48,168,0.65,5,0.2,True,success
locomotif.locomotif,5,0.39826439321041107,75,BTCUSDT,15m,conditioned,quantile_4_rolling_30,low_vol,low_vol_0012,"log_return,abs_log_return,rolling_volatility_60,rolling_volatility_30,hl_range,volume_zscore,quote_volume,number_of_trades,taker_buy_base_volume,taker_buy_quote_volume,spread_proxy,open,high,low,close,volume,pct_return,rolling_volatility_240,absolute_return,squared_return,rolling_vol,range",24,72,0.65,5,0.2,True,success
locomotif.locomotif,5,0.3835102580487728,34,BTCUSDT,15m,conditioned,quantile_4_rolling_30,low_vol,low_vol_0012,"log_return,abs_log_return,rolling_volatility_60,rolling_volatility_30,hl_range,volume_zscore,quote_volume,number_of_trades,taker_buy_base_volume,taker_buy_quote_volume,spread_proxy,open,high,low,close,volume,pct_return,rolling_volatility_240,absolute_return,squared_return,rolling_vol,range",48,168,0.65,5,0.2,True,success
locomotif.locomotif,5,0.060118635185062885,33,BTCUSDT,15m,conditioned,quantile_4_rolling_30,low_vol,low_vol_0013,"log_return,abs_log_return,rolling_volatility_60,rolling_volatility_30,hl_range,volume_zscore,quote_volume,number_of_trades,taker_buy_base_volume,taker_buy_quote_volume,spread_proxy,open,high,low,close,volume,pct_return,rolling_volatility_240,absolute_return,squared_return,rolling_vol,range",24,72,0.65,5,0.2,True,success
locomotif.locomotif,4,0.051353336311876774,17,BTCUSDT,15m,conditioned,quantile_4_rolling_30,low_vol,low_vol_0013,"log_return,abs_log_return,rolling_volatility_60,rolling_volatility_30,hl_range,volume_zscore,quote_volume,number_of_trades,taker_buy_base_volume,taker_buy_quote_volume,spread_proxy,open,high,low,close,volume,pct_return,rolling_volatility_240,absolute_return,squared_return,rolling_vol,range",48,168,0.65,5,0.2,True,success
locomotif.locomotif,5,0.033289032988250256,29,BTCUSDT,15m,conditioned,quantile_4_rolling_30,low_vol,low_vol_0014,"log_return,abs_log_return,rolling_volatility_60,rolling_volatility_30,hl_range,volume_zscore,quote_volume,number_of_trades,taker_buy_base_volume,taker_buy_quote_volume,spread_proxy,open,high,low,close,volume,pct_return,rolling_volatility_240,absolute_return,squared_return,rolling_vol,range",24,72,0.65,5,0.2,True,success
locomotif.locomotif,2,0.029856692999601364,11,BTCUSDT,15m,conditioned,quantile_4_rolling_30,low_vol,low_vol_0014,"log_return,abs_log_return,rolling_volatility_60,rolling_volatility_30,hl_range,volume_zscore,quote_volume,number_of_trades,taker_buy_base_volume,taker_buy_quote_volume,spread_proxy,open,high,low,close,volume,pct_return,rolling_volatility_240,absolute_return,squared_return,rolling_vol,range",48,168,0.65,5,0.2,True,success
locomotif.locomotif,5,0.03615337237715721,27,BTCUSDT,15m,conditioned,quantile_4_rolling_30,low_vol,low_vol_0015,"log_return,abs_log_return,rolling_volatility_60,rolling_volatility_30,hl_range,volume_zscore,quote_volume,number_of_trades,taker_buy_base_volume,taker_buy_quote_volume,spread_proxy,open,high,low,close,volume,pct_return,rolling_volatility_240,absolute_return,squared_return,rolling_vol,range",24,72,0.65,5,0.2,True,success
locomotif.locomotif,2,0.0313122421503067,13,BTCUSDT,15m,conditioned,quantile_4_rolling_30,low_vol,low_vol_0015,"log_return,abs_log_return,rolling_volatility_60,rolling_volatility_30,hl_range,volume_zscore,quote_volume,number_of_trades,taker_buy_base_volume,taker_buy_quote_volume,spread_proxy,open,high,low,close,volume,pct_return,rolling_volatility_240,absolute_return,squared_return,rolling_vol,range",48,168,0.65,5,0.2,True,success
locomotif.locomotif,5,0.03580413572490215,25,BTCUSDT,15m,conditioned,quantile_4_rolling_30,low_vol,low_vol_0016,"log_return,abs_log_return,rolling_volatility_60,rolling_volatility_30,hl_range,volume_zscore,quote_volume,number_of_trades,taker_buy_base_volume,taker_buy_quote_volume,spread_proxy,open,high,low,close,volume,pct_return,rolling_volatility_240,absolute_return,squared_return,rolling_vol,range",24,72,0.65,5,0.2,True,success
locomotif.locomotif,3,0.03127446584403515,13,BTCUSDT,15m,conditioned,quantile_4_rolling_30,low_vol,low_vol_0016,"log_return,abs_log_return,rolling_volatility_60,rolling_volatility_30,hl_range,volume_zscore,quote_volume,number_of_trades,taker_buy_base_volume,taker_buy_quote_volume,spread_proxy,open,high,low,close,volume,pct_return,rolling_volatility_240,absolute_return,squared_return,rolling_vol,range",48,168,0.65,5,0.2,True,success
locomotif.locomotif,4,0.03176974132657051,25,BTCUSDT,15m,conditioned,quantile_4_rolling_30,low_vol,low_vol_0017,"log_return,abs_log_return,rolling_volatility_60,rolling_volatility_30,hl_range,volume_zscore,quote_volume,number_of_trades,taker_buy_base_volume,taker_buy_quote_volume,spread_proxy,open,high,low,close,volume,pct_return,rolling_volatility_240,absolute_return,squared_return,rolling_vol,range",24,72,0.65,5,0.2,True,success
locomotif.locomotif,2,0.027260909788310528,10,BTCUSDT,15m,conditioned,quantile_4_rolling_30,low_vol,low_vol_0017,"log_return,abs_log_return,rolling_volatility_60,rolling_volatility_30,hl_range,volume_zscore,quote_volume,number_of_trades,taker_buy_base_volume,taker_buy_quote_volume,spread_proxy,open,high,low,close,volume,pct_return,rolling_volatility_240,absolute_return,squared_return,rolling_vol,range",48,168,0.65,5,0.2,True,success
locomotif.locomotif,5,0.14312204252928495,47,BTCUSDT,15m,conditioned,quantile_4_rolling_60,extreme_vol,extreme_vol_0001,"log_return,abs_log_return,rolling_volatility_60,rolling_volatility_30,hl_range,volume_zscore,quote_volume,number_of_trades,taker_buy_base_volume,taker_buy_quote_volume,spread_proxy,open,high,low,close,volume,pct_return,rolling_volatility_240,absolute_return,squared_return,rolling_vol,range",24,72,0.65,5,0.2,True,success
locomotif.locomotif,3,0.1293822731822729,14,BTCUSDT,15m,conditioned,quantile_4_rolling_60,extreme_vol,extreme_vol_0001,"log_return,abs_log_return,rolling_volatility_60,rolling_volatility_30,hl_range,volume_zscore,quote_volume,number_of_trades,taker_buy_base_volume,taker_buy_quote_volume,spread_proxy,open,high,low,close,volume,pct_return,rolling_volatility_240,absolute_return,squared_return,rolling_vol,range",48,168,0.65,5,0.2,True,success
locomotif.locomotif,5,0.11174346134066582,43,BTCUSDT,15m,conditioned,quantile_4_rolling_60,low_vol,low_vol_0002,"log_return,abs_log_return,rolling_volatility_60,rolling_volatility_30,hl_range,volume_zscore,quote_volume,number_of_trades,taker_buy_base_volume,taker_buy_quote_volume,spread_proxy,open,high,low,close,volume,pct_return,rolling_volatility_240,absolute_return,squared_return,rolling_vol,range",24,72,0.65,5,0.2,True,success
locomotif.locomotif,4,0.10345063172280788,24,BTCUSDT,15m,conditioned,quantile_4_rolling_60,low_vol,low_vol_0002,"log_return,abs_log_return,rolling_volatility_60,rolling_volatility_30,hl_range,volume_zscore,quote_volume,number_of_trades,taker_buy_base_volume,taker_buy_quote_volume,spread_proxy,open,high,low,close,volume,pct_return,rolling_volatility_240,absolute_return,squared_return,rolling_vol,range",48,168,0.65,5,0.2,True,success
locomotif.locomotif,5,0.36569776479154825,77,BTCUSDT,15m,conditioned,quantile_4_rolling_60,extreme_vol,extreme_vol_0003,"log_return,abs_log_return,rolling_volatility_60,rolling_volatility_30,hl_range,volume_zscore,quote_volume,number_of_trades,taker_buy_base_volume,taker_buy_quote_volume,spread_proxy,open,high,low,close,volume,pct_return,rolling_volatility_240,absolute_return,squared_return,rolling_vol,range",24,72,0.65,5,0.2,True,success
locomotif.locomotif,5,0.3562398040667176,31,BTCUSDT,15m,conditioned,quantile_4_rolling_60,extreme_vol,extreme_vol_0003,"log_return,abs_log_return,rolling_volatility_60,rolling_volatility_30,hl_range,volume_zscore,quote_volume,number_of_trades,taker_buy_base_volume,taker_buy_quote_volume,spread_proxy,open,high,low,close,volume,pct_return,rolling_volatility_240,absolute_return,squared_return,rolling_vol,range",48,168,0.65,5,0.2,True,success
locomotif.locomotif,4,0.03380960691720247,22,BTCUSDT,15m,conditioned,quantile_4_rolling_60,extreme_vol,extreme_vol_0004,"log_return,abs_log_return,rolling_volatility_60,rolling_volatility_30,hl_range,volume_zscore,quote_volume,number_of_trades,taker_buy_base_volume,taker_buy_quote_volume,spread_proxy,open,high,low,close,volume,pct_return,rolling_volatility_240,absolute_return,squared_return,rolling_vol,range",24,72,0.65,5,0.2,True,success
locomotif.locomotif,2,0.028395436704158783,10,BTCUSDT,15m,conditioned,quantile_4_rolling_60,extreme_vol,extreme_vol_0004,"log_return,abs_log_return,rolling_volatility_60,rolling_volatility_30,hl_range,volume_zscore,quote_volume,number_of_trades,taker_buy_base_volume,taker_buy_quote_volume,spread_proxy,open,high,low,close,volume,pct_return,rolling_volatility_240,absolute_return,squared_return,rolling_vol,range",48,168,0.65,5,0.2,True,success
locomotif.locomotif,3,0.04406037926673889,24,BTCUSDT,15m,conditioned,quantile_4_rolling_60,extreme_vol,extreme_vol_0005,"log_return,abs_log_return,rolling_volatility_60,rolling_volatility_30,hl_range,volume_zscore,quote_volume,number_of_trades,taker_buy_base_volume,taker_buy_quote_volume,spread_proxy,open,high,low,close,volume,pct_return,rolling_volatility_240,absolute_return,squared_return,rolling_vol,range",24,72,0.65,5,0.2,True,success
locomotif.locomotif,2,0.03766449447721243,9,BTCUSDT,15m,conditioned,quantile_4_rolling_60,extreme_vol,extreme_vol_0005,"log_return,abs_log_return,rolling_volatility_60,rolling_volatility_30,hl_range,volume_zscore,quote_volume,number_of_trades,taker_buy_base_volume,taker_buy_quote_volume,spread_proxy,open,high,low,close,volume,pct_return,rolling_volatility_240,absolute_return,squared_return,rolling_vol,range",48,168,0.65,5,0.2,True,success
locomotif.locomotif,5,0.12983216997236013,42,BTCUSDT,15m,conditioned,quantile_4_rolling_60,extreme_vol,extreme_vol_0006,"log_return,abs_log_return,rolling_volatility_60,rolling_volatility_30,hl_range,volume_zscore,quote_volume,number_of_trades,taker_buy_base_volume,taker_buy_quote_volume,spread_proxy,open,high,low,close,volume,pct_return,rolling_volatility_240,absolute_return,squared_return,rolling_vol,range",24,72,0.65,5,0.2,True,success
locomotif.locomotif,4,0.11857269890606403,25,BTCUSDT,15m,conditioned,quantile_4_rolling_60,extreme_vol,extreme_vol_0006,"log_return,abs_log_return,rolling_volatility_60,rolling_volatility_30,hl_range,volume_zscore,quote_volume,number_of_trades,taker_buy_base_volume,taker_buy_quote_volume,spread_proxy,open,high,low,close,volume,pct_return,rolling_volatility_240,absolute_return,squared_return,rolling_vol,range",48,168,0.65,5,0.2,True,success
locomotif.locomotif,5,0.02791415248066187,22,BTCUSDT,15m,conditioned,quantile_4_rolling_60,extreme_vol,extreme_vol_0007,"log_return,abs_log_return,rolling_volatility_60,rolling_volatility_30,hl_range,volume_zscore,quote_volume,number_of_trades,taker_buy_base_volume,taker_buy_quote_volume,spread_proxy,open,high,low,close,volume,pct_return,rolling_volatility_240,absolute_return,squared_return,rolling_vol,range",24,72,0.65,5,0.2,True,success
locomotif.locomotif,3,0.022988466545939445,11,BTCUSDT,15m,conditioned,quantile_4_rolling_60,extreme_vol,extreme_vol_0007,"log_return,abs_log_return,rolling_volatility_60,rolling_volatility_30,hl_range,volume_zscore,quote_volume,number_of_trades,taker_buy_base_volume,taker_buy_quote_volume,spread_proxy,open,high,low,close,volume,pct_return,rolling_volatility_240,absolute_return,squared_return,rolling_vol,range",48,168,0.65,5,0.2,True,success
locomotif.locomotif,5,0.3509948058053851,65,BTCUSDT,15m,conditioned,quantile_4_rolling_60,extreme_vol,extreme_vol_0008,"log_return,abs_log_return,rolling_volatility_60,rolling_volatility_30,hl_range,volume_zscore,quote_volume,number_of_trades,taker_buy_base_volume,taker_buy_quote_volume,spread_proxy,open,high,low,close,volume,pct_return,rolling_volatility_240,absolute_return,squared_return,rolling_vol,range",24,72,0.65,5,0.2,True,success
locomotif.locomotif,5,0.32868526224046946,33,BTCUSDT,15m,conditioned,quantile_4_rolling_60,extreme_vol,extreme_vol_0008,"log_return,abs_log_return,rolling_volatility_60,rolling_volatility_30,hl_range,volume_zscore,quote_volume,number_of_trades,taker_buy_base_volume,taker_buy_quote_volume,spread_proxy,open,high,low,close,volume,pct_return,rolling_volatility_240,absolute_return,squared_return,rolling_vol,range",48,168,0.65,5,0.2,True,success
locomotif.locomotif,5,0.09112459793686867,37,BTCUSDT,15m,conditioned,quantile_4_rolling_60,extreme_vol,extreme_vol_0009,"log_return,abs_log_return,rolling_volatility_60,rolling_volatility_30,hl_range,volume_zscore,quote_volume,number_of_trades,taker_buy_base_volume,taker_buy_quote_volume,spread_proxy,open,high,low,close,volume,pct_return,rolling_volatility_240,absolute_return,squared_return,rolling_vol,range",24,72,0.65,5,0.2,True,success
locomotif.locomotif,4,0.07844322081655264,19,BTCUSDT,15m,conditioned,quantile_4_rolling_60,extreme_vol,extreme_vol_0009,"log_return,abs_log_return,rolling_volatility_60,rolling_volatility_30,hl_range,volume_zscore,quote_volume,number_of_trades,taker_buy_base_volume,taker_buy_quote_volume,spread_proxy,open,high,low,close,volume,pct_return,rolling_volatility_240,absolute_return,squared_return,rolling_vol,range",48,168,0.65,5,0.2,True,success
locomotif.locomotif,5,0.022728996351361275,24,BTCUSDT,15m,conditioned,quantile_4_rolling_60,extreme_vol,extreme_vol_0010,"log_return,abs_log_return,rolling_volatility_60,rolling_volatility_30,hl_range,volume_zscore,quote_volume,number_of_trades,taker_buy_base_volume,taker_buy_quote_volume,spread_proxy,open,high,low,close,volume,pct_return,rolling_volatility_240,absolute_return,squared_return,rolling_vol,range",24,72,0.65,5,0.2,True,success
locomotif.locomotif,3,0.019080189988017082,11,BTCUSDT,15m,conditioned,quantile_4_rolling_60,extreme_vol,extreme_vol_0010,"log_return,abs_log_return,rolling_volatility_60,rolling_volatility_30,hl_range,volume_zscore,quote_volume,number_of_trades,taker_buy_base_volume,taker_buy_quote_volume,spread_proxy,open,high,low,close,volume,pct_return,rolling_volatility_240,absolute_return,squared_return,rolling_vol,range",48,168,0.65,5,0.2,True,success
locomotif.locomotif,2,0.028181723318994045,20,BTCUSDT,15m,conditioned,quantile_4_rolling_60,extreme_vol,extreme_vol_0011,"log_return,abs_log_return,rolling_volatility_60,rolling_volatility_30,hl_range,volume_zscore,quote_volume,number_of_trades,taker_buy_base_volume,taker_buy_quote_volume,spread_proxy,open,high,low,close,volume,pct_return,rolling_volatility_240,absolute_return,squared_return,rolling_vol,range",24,72,0.65,5,0.2,True,success
locomotif.locomotif,2,0.027192508801817894,10,BTCUSDT,15m,conditioned,quantile_4_rolling_60,extreme_vol,extreme_vol_0011,"log_return,abs_log_return,rolling_volatility_60,rolling_volatility_30,hl_range,volume_zscore,quote_volume,number_of_trades,taker_buy_base_volume,taker_buy_quote_volume,spread_proxy,open,high,low,close,volume,pct_return,rolling_volatility_240,absolute_return,squared_return,rolling_vol,range",48,168,0.65,5,0.2,True,success
locomotif.locomotif,5,0.39776304829865694,75,BTCUSDT,15m,conditioned,quantile_4_rolling_60,low_vol,low_vol_0012,"log_return,abs_log_return,rolling_volatility_60,rolling_volatility_30,hl_range,volume_zscore,quote_volume,number_of_trades,taker_buy_base_volume,taker_buy_quote_volume,spread_proxy,open,high,low,close,volume,pct_return,rolling_volatility_240,absolute_return,squared_return,rolling_vol,range",24,72,0.65,5,0.2,True,success
locomotif.locomotif,5,0.38551629427820444,34,BTCUSDT,15m,conditioned,quantile_4_rolling_60,low_vol,low_vol_0012,"log_return,abs_log_return,rolling_volatility_60,rolling_volatility_30,hl_range,volume_zscore,quote_volume,number_of_trades,taker_buy_base_volume,taker_buy_quote_volume,spread_proxy,open,high,low,close,volume,pct_return,rolling_volatility_240,absolute_return,squared_return,rolling_vol,range",48,168,0.65,5,0.2,True,success
locomotif.locomotif,5,0.05990077927708626,33,BTCUSDT,15m,conditioned,quantile_4_rolling_60,low_vol,low_vol_0013,"log_return,abs_log_return,rolling_volatility_60,rolling_volatility_30,hl_range,volume_zscore,quote_volume,number_of_trades,taker_buy_base_volume,taker_buy_quote_volume,spread_proxy,open,high,low,close,volume,pct_return,rolling_volatility_240,absolute_return,squared_return,rolling_vol,range",24,72,0.65,5,0.2,True,success
locomotif.locomotif,4,0.05104145687073469,17,BTCUSDT,15m,conditioned,quantile_4_rolling_60,low_vol,low_vol_0013,"log_return,abs_log_return,rolling_volatility_60,rolling_volatility_30,hl_range,volume_zscore,quote_volume,number_of_trades,taker_buy_base_volume,taker_buy_quote_volume,spread_proxy,open,high,low,close,volume,pct_return,rolling_volatility_240,absolute_return,squared_return,rolling_vol,range",48,168,0.65,5,0.2,True,success
locomotif.locomotif,5,0.033304247073829174,29,BTCUSDT,15m,conditioned,quantile_4_rolling_60,low_vol,low_vol_0014,"log_return,abs_log_return,rolling_volatility_60,rolling_volatility_30,hl_range,volume_zscore,quote_volume,number_of_trades,taker_buy_base_volume,taker_buy_quote_volume,spread_proxy,open,high,low,close,volume,pct_return,rolling_volatility_240,absolute_return,squared_return,rolling_vol,range",24,72,0.65,5,0.2,True,success
locomotif.locomotif,2,0.02966698817908764,11,BTCUSDT,15m,conditioned,quantile_4_rolling_60,low_vol,low_vol_0014,"log_return,abs_log_return,rolling_volatility_60,rolling_volatility_30,hl_range,volume_zscore,quote_volume,number_of_trades,taker_buy_base_volume,taker_buy_quote_volume,spread_proxy,open,high,low,close,volume,pct_return,rolling_volatility_240,absolute_return,squared_return,rolling_vol,range",48,168,0.65,5,0.2,True,success
locomotif.locomotif,5,0.0361005924642086,27,BTCUSDT,15m,conditioned,quantile_4_rolling_60,low_vol,low_vol_0015,"log_return,abs_log_return,rolling_volatility_60,rolling_volatility_30,hl_range,volume_zscore,quote_volume,number_of_trades,taker_buy_base_volume,taker_buy_quote_volume,spread_proxy,open,high,low,close,volume,pct_return,rolling_volatility_240,absolute_return,squared_return,rolling_vol,range",24,72,0.65,5,0.2,True,success
locomotif.locomotif,2,0.031340593472123146,13,BTCUSDT,15m,conditioned,quantile_4_rolling_60,low_vol,low_vol_0015,"log_return,abs_log_return,rolling_volatility_60,rolling_volatility_30,hl_range,volume_zscore,quote_volume,number_of_trades,taker_buy_base_volume,taker_buy_quote_volume,spread_proxy,open,high,low,close,volume,pct_return,rolling_volatility_240,absolute_return,squared_return,rolling_vol,range",48,168,0.65,5,0.2,True,success
locomotif.locomotif,5,0.035766168497502804,25,BTCUSDT,15m,conditioned,quantile_4_rolling_60,low_vol,low_vol_0016,"log_return,abs_log_return,rolling_volatility_60,rolling_volatility_30,hl_range,volume_zscore,quote_volume,number_of_trades,taker_buy_base_volume,taker_buy_quote_volume,spread_proxy,open,high,low,close,volume,pct_return,rolling_volatility_240,absolute_return,squared_return,rolling_vol,range",24,72,0.65,5,0.2,True,success
locomotif.locomotif,3,0.031214485876262188,13,BTCUSDT,15m,conditioned,quantile_4_rolling_60,low_vol,low_vol_0016,"log_return,abs_log_return,rolling_volatility_60,rolling_volatility_30,hl_range,volume_zscore,quote_volume,number_of_trades,taker_buy_base_volume,taker_buy_quote_volume,spread_proxy,open,high,low,close,volume,pct_return,rolling_volatility_240,absolute_return,squared_return,rolling_vol,range",48,168,0.65,5,0.2,True,success
locomotif.locomotif,4,0.03154535312205553,25,BTCUSDT,15m,conditioned,quantile_4_rolling_60,low_vol,low_vol_0017,"log_return,abs_log_return,rolling_volatility_60,rolling_volatility_30,hl_range,volume_zscore,quote_volume,number_of_trades,taker_buy_base_volume,taker_buy_quote_volume,spread_proxy,open,high,low,close,volume,pct_return,rolling_volatility_240,absolute_return,squared_return,rolling_vol,range",24,72,0.65,5,0.2,True,success
locomotif.locomotif,2,0.026963052339851856,10,BTCUSDT,15m,conditioned,quantile_4_rolling_60,low_vol,low_vol_0017,"log_return,abs_log_return,rolling_volatility_60,rolling_volatility_30,hl_range,volume_zscore,quote_volume,number_of_trades,taker_buy_base_volume,taker_buy_quote_volume,spread_proxy,open,high,low,close,volume,pct_return,rolling_volatility_240,absolute_return,squared_return,rolling_vol,range",48,168,0.65,5,0.2,True,success
